runlist,dataset_id,dataset_label,geometry_id,expected_vertices,algorithm_id,method,bit_rule,bit_allocator,point_count,clean_point_count,contamination_id,contamination_mode,seed,frame_estimator,refinement,sort_seconds,output_hash,bits_axis,robust_fallback_used,miad,normalized_miad,m1_l1_locality,l1_locality,m1_l1_status,m1_l1_sampled,m1_l1_sample_size,m1_l1_sampled_status,m1_l2_locality,l2_locality,m1_l2_status,m1_l2_sampled,m1_l2_sample_size,m1_l2_sampled_status,recall_8_64,recall_8_64_status,recall_8_64_sampled,recall_8_64_sample_size,recall_8_64_sampled_status,peak_rss_kb,block_read_mean,block_read_p95,cache_references,cache_misses,cache_miss_rate,perf_status,kendall_tau_clean,frame_angle_rad
table_2_dataset_summary,stanford_bunny,Stanford Bunny,E3,35947,A0_input,input,C0_uniform,uniform,35947,35947,D0,clean,0,none,off,0.027456277050077915,dfe6c0c68a36623067550133ec1eb41f3022f477e66c0515ad997665dbd98dec,0 0 0,False,0.026628752713732756,0.10641028314502511,0.006718004700283612,,exact,0.006718004700283612,35947,exact,5.871167494444898e-20,,exact,5.871167494444898e-20,35947,exact,0.17836328483600858,exact,0.17836328483600858,35947,exact,30916.0,0.12392575660715448,0.1745991182023394,3114781,156581,0.05027030792855099,ok,1.0,
table_2_dataset_summary,stanford_bunny,Stanford Bunny,E3,35947,A0_input,input,C0_uniform,uniform,35947,35947,D0,clean,1,none,off,0.027520193019881845,dfe6c0c68a36623067550133ec1eb41f3022f477e66c0515ad997665dbd98dec,0 0 0,False,0.026628752713732756,0.10641028314502511,0.006718004700283612,,exact,0.006718004700283612,35947,exact,5.871167494444898e-20,,exact,5.871167494444898e-20,35947,exact,0.17836328483600858,exact,0.17836328483600858,35947,exact,103500.0,0.12392575660715448,0.1745991182023394,3725912,158125,0.04243927392810136,ok,1.0,
table_2_dataset_summary,stanford_bunny,Stanford Bunny,E3,35947,A0_input,input,C0_uniform,uniform,35947,35947,D0,clean,2,none,off,0.026189900003373623,dfe6c0c68a36623067550133ec1eb41f3022f477e66c0515ad997665dbd98dec,0 0 0,False,0.026628752713732756,0.10641028314502511,0.006718004700283612,,exact,0.006718004700283612,35947,exact,5.871167494444898e-20,,exact,5.871167494444898e-20,35947,exact,0.17836328483600858,exact,0.17836328483600858,35947,exact,119044.0,0.12392575660715448,0.1745991182023394,3525542,153852,0.043639247525628685,ok,1.0,
table_2_dataset_summary,stanford_bunny,Stanford Bunny,E3,35947,A0_input,input,C0_uniform,uniform,35947,35947,D0,clean,3,none,off,0.035919626941904426,dfe6c0c68a36623067550133ec1eb41f3022f477e66c0515ad997665dbd98dec,0 0 0,False,0.026628752713732756,0.10641028314502511,0.006718004700283612,,exact,0.006718004700283612,35947,exact,5.871167494444898e-20,,exact,5.871167494444898e-20,35947,exact,0.17836328483600858,exact,0.17836328483600858,35947,exact,134448.0,0.12392575660715448,0.1745991182023394,2770215,153631,0.0554581503601706,ok,1.0,
table_2_dataset_summary,stanford_bunny,Stanford Bunny,E3,35947,A0_input,input,C0_uniform,uniform,35947,35947,D0,clean,4,none,off,0.027350135031156242,dfe6c0c68a36623067550133ec1eb41f3022f477e66c0515ad997665dbd98dec,0 0 0,False,0.026628752713732756,0.10641028314502511,0.006718004700283612,,exact,0.006718004700283612,35947,exact,5.871167494444898e-20,,exact,5.871167494444898e-20,35947,exact,0.17836328483600858,exact,0.17836328483600858,35947,exact,150576.0,0.12392575660715448,0.1745991182023394,2365843,152908,0.06463150766978197,ok,1.0,
table_2_dataset_summary,stanford_bunny,Stanford Bunny,E3,35947,A1_lexicographic,lexicographic,C0_uniform,uniform,35947,35947,D0,clean,0,none,all,0.46136545296758413,01601ef64cd2fad671ebe3791b6a9e7bd6bab1161c92b5f8279de7edd774d88e,0 0 0,False,0.008269214559012498,0.033044336400994634,0.00339664300021667,,exact,0.00339664300021667,35947,exact,2.0014809988562656e-16,,exact,2.0014809988562656e-16,35947,exact,0.1374697471277158,exact,0.1374697471277158,35947,exact,167472.0,0.10825545397470408,0.16287757719941073,2458934,173831,0.07069364204163267,ok,1.0,
table_2_dataset_summary,stanford_bunny,Stanford Bunny,E3,35947,A1_lexicographic,lexicographic,C0_uniform,uniform,35947,35947,D0,clean,1,none,all,0.46240965195465833,01601ef64cd2fad671ebe3791b6a9e7bd6bab1161c92b5f8279de7edd774d88e,0 0 0,False,0.008269214559012498,0.033044336400994634,0.00339664300021667,,exact,0.00339664300021667,35947,exact,2.0014809988562656e-16,,exact,2.0014809988562656e-16,35947,exact,0.1374697471277158,exact,0.1374697471277158,35947,exact,167984.0,0.10825545397470408,0.16287757719941073,2836062,167594,0.05909391261545058,ok,1.0,
table_2_dataset_summary,stanford_bunny,Stanford Bunny,E3,35947,A1_lexicographic,lexicographic,C0_uniform,uniform,35947,35947,D0,clean,2,none,all,0.46952916006557643,01601ef64cd2fad671ebe3791b6a9e7bd6bab1161c92b5f8279de7edd774d88e,0 0 0,False,0.008269214559012498,0.033044336400994634,0.00339664300021667,,exact,0.00339664300021667,35947,exact,2.0014809988562656e-16,,exact,2.0014809988562656e-16,35947,exact,0.1374697471277158,exact,0.1374697471277158,35947,exact,169264.0,0.10825545397470408,0.16287757719941073,2558387,173120,0.06766763589714926,ok,1.0,
table_2_dataset_summary,stanford_bunny,Stanford Bunny,E3,35947,A1_lexicographic,lexicographic,C0_uniform,uniform,35947,35947,D0,clean,3,none,all,0.4701767150545493,01601ef64cd2fad671ebe3791b6a9e7bd6bab1161c92b5f8279de7edd774d88e,0 0 0,False,0.008269214559012498,0.033044336400994634,0.00339664300021667,,exact,0.00339664300021667,35947,exact,2.0014809988562656e-16,,exact,2.0014809988562656e-16,35947,exact,0.1374697471277158,exact,0.1374697471277158,35947,exact,170544.0,0.10825545397470408,0.16287757719941073,3055479,178470,0.058409827068030905,ok,1.0,
table_2_dataset_summary,stanford_bunny,Stanford Bunny,E3,35947,A1_lexicographic,lexicographic,C0_uniform,uniform,35947,35947,D0,clean,4,none,all,0.4726496250368655,01601ef64cd2fad671ebe3791b6a9e7bd6bab1161c92b5f8279de7edd774d88e,0 0 0,False,0.008269214559012498,0.033044336400994634,0.00339664300021667,,exact,0.00339664300021667,35947,exact,2.0014809988562656e-16,,exact,2.0014809988562656e-16,35947,exact,0.1374697471277158,exact,0.1374697471277158,35947,exact,171568.0,0.10825545397470408,0.16287757719941073,2741280,166976,0.0609116908889278,ok,1.0,
table_2_dataset_summary,stanford_bunny,Stanford Bunny,E3,35947,A2_morton,morton,C0_uniform,uniform,35947,35947,D0,clean,0,none,all,0.4728523730300367,784cfdf5d1c2a68f028a2c8a947eda8affbf03cdb49ebf98d76243cbdc8f0ee9,10 10 10,False,0.0014606396689122202,0.005836814153959586,0.0025594599881911045,,exact,0.0025594599881911045,35947,exact,2.0014809988562656e-16,,exact,2.0014809988562656e-16,35947,exact,0.7678457173060339,exact,0.7678457173060339,35947,exact,172848.0,0.016403247168118168,0.03602524707359548,2886007,186691,0.06468833928677235,ok,1.0,
table_2_dataset_summary,stanford_bunny,Stanford Bunny,E3,35947,A2_morton,morton,C0_uniform,uniform,35947,35947,D0,clean,1,none,all,0.4704290688969195,784cfdf5d1c2a68f028a2c8a947eda8affbf03cdb49ebf98d76243cbdc8f0ee9,10 10 10,False,0.0014606396689122202,0.005836814153959586,0.0025594599881911045,,exact,0.0025594599881911045,35947,exact,2.0014809988562656e-16,,exact,2.0014809988562656e-16,35947,exact,0.7678457173060339,exact,0.7678457173060339,35947,exact,173872.0,0.016403247168118168,0.03602524707359548,3037724,172690,0.05684848261395703,ok,1.0,
table_2_dataset_summary,stanford_bunny,Stanford Bunny,E3,35947,A2_morton,morton,C0_uniform,uniform,35947,35947,D0,clean,2,none,all,0.4802957109641284,784cfdf5d1c2a68f028a2c8a947eda8affbf03cdb49ebf98d76243cbdc8f0ee9,10 10 10,False,0.0014606396689122202,0.005836814153959586,0.0025594599881911045,,exact,0.0025594599881911045,35947,exact,2.0014809988562656e-16,,exact,2.0014809988562656e-16,35947,exact,0.7678457173060339,exact,0.7678457173060339,35947,exact,175152.0,0.016403247168118168,0.03602524707359548,2962178,173831,0.05868350922868241,ok,1.0,
table_2_dataset_summary,stanford_bunny,Stanford Bunny,E3,35947,A2_morton,morton,C0_uniform,uniform,35947,35947,D0,clean,3,none,all,0.4774029009277001,784cfdf5d1c2a68f028a2c8a947eda8affbf03cdb49ebf98d76243cbdc8f0ee9,10 10 10,False,0.0014606396689122202,0.005836814153959586,0.0025594599881911045,,exact,0.0025594599881911045,35947,exact,2.0014809988562656e-16,,exact,2.0014809988562656e-16,35947,exact,0.7678457173060339,exact,0.7678457173060339,35947,exact,176176.0,0.016403247168118168,0.03602524707359548,4162794,195517,0.046967733690401206,ok,1.0,
table_2_dataset_summary,stanford_bunny,Stanford Bunny,E3,35947,A2_morton,morton,C0_uniform,uniform,35947,35947,D0,clean,4,none,all,0.4735376979224384,784cfdf5d1c2a68f028a2c8a947eda8affbf03cdb49ebf98d76243cbdc8f0ee9,10 10 10,False,0.0014606396689122202,0.005836814153959586,0.0025594599881911045,,exact,0.0025594599881911045,35947,exact,2.0014809988562656e-16,,exact,2.0014809988562656e-16,35947,exact,0.7678457173060339,exact,0.7678457173060339,35947,exact,177200.0,0.016403247168118168,0.03602524707359548,3583136,158863,0.04433630205495968,ok,1.0,
table_2_dataset_summary,stanford_bunny,Stanford Bunny,E3,35947,A2_morton,morton,C1_monotone_half,monotone_half,35947,35947,D0,clean,0,none,all,0.48161500599235296,05acc177c65290e5fca3f01384b1f1f84d6bdc49e1cfb2ab818eeea15c13cf6c,10 4 1,False,0.004430834025082436,0.017705910158326055,0.00295672254840528,,exact,0.00295672254840528,35947,exact,2.0014809988562656e-16,,exact,2.0014809988562656e-16,35947,exact,0.254197151361727,exact,0.254197151361727,35947,exact,178480.0,0.06661875433859465,0.10017065367055962,2629712,171070,0.06505275102368624,ok,1.0,
table_2_dataset_summary,stanford_bunny,Stanford Bunny,E3,35947,A2_morton,morton,C1_monotone_half,monotone_half,35947,35947,D0,clean,1,none,all,0.4771788490470499,05acc177c65290e5fca3f01384b1f1f84d6bdc49e1cfb2ab818eeea15c13cf6c,10 4 1,False,0.004430834025082436,0.017705910158326055,0.00295672254840528,,exact,0.00295672254840528,35947,exact,2.0014809988562656e-16,,exact,2.0014809988562656e-16,35947,exact,0.254197151361727,exact,0.254197151361727,35947,exact,179416.0,0.06661875433859465,0.10017065367055962,2859982,174919,0.061160874439069896,ok,1.0,
table_2_dataset_summary,stanford_bunny,Stanford Bunny,E3,35947,A2_morton,morton,C1_monotone_half,monotone_half,35947,35947,D0,clean,2,none,all,0.4763013659976423,05acc177c65290e5fca3f01384b1f1f84d6bdc49e1cfb2ab818eeea15c13cf6c,10 4 1,False,0.004430834025082436,0.017705910158326055,0.00295672254840528,,exact,0.00295672254840528,35947,exact,2.0014809988562656e-16,,exact,2.0014809988562656e-16,35947,exact,0.254197151361727,exact,0.254197151361727,35947,exact,180664.0,0.06661875433859465,0.10017065367055962,2912865,167921,0.057648054406915526,ok,1.0,
table_2_dataset_summary,stanford_bunny,Stanford Bunny,E3,35947,A2_morton,morton,C1_monotone_half,monotone_half,35947,35947,D0,clean,3,none,all,0.478571598068811,05acc177c65290e5fca3f01384b1f1f84d6bdc49e1cfb2ab818eeea15c13cf6c,10 4 1,False,0.004430834025082436,0.017705910158326055,0.00295672254840528,,exact,0.00295672254840528,35947,exact,2.0014809988562656e-16,,exact,2.0014809988562656e-16,35947,exact,0.254197151361727,exact,0.254197151361727,35947,exact,183224.0,0.06661875433859465,0.10017065367055962,2729239,170107,0.062327630522647524,ok,1.0,
table_2_dataset_summary,stanford_bunny,Stanford Bunny,E3,35947,A2_morton,morton,C1_monotone_half,monotone_half,35947,35947,D0,clean,4,none,all,0.47422214690595865,05acc177c65290e5fca3f01384b1f1f84d6bdc49e1cfb2ab818eeea15c13cf6c,10 4 1,False,0.004430834025082436,0.017705910158326055,0.00295672254840528,,exact,0.00295672254840528,35947,exact,2.0014809988562656e-16,,exact,2.0014809988562656e-16,35947,exact,0.254197151361727,exact,0.254197151361727,35947,exact,184248.0,0.06661875433859465,0.10017065367055962,2786717,177875,0.06382958872393572,ok,1.0,
table_2_dataset_summary,stanford_bunny,Stanford Bunny,E3,35947,A2_morton,morton,C2_occupancy_floor1,occupancy_floor1,35947,35947,D0,clean,0,none,all,0.4684856270905584,1a94bc1602a8abce9ab0a74bde63c9ad56316a30a9feebcf524f5eedf9db896c,6 6 5,False,0.0014350078220203059,0.0057343875733900825,0.0025533953517063463,,exact,0.0025533953517063463,35947,exact,2.0014809988562656e-16,,exact,2.0014809988562656e-16,35947,exact,0.7712569894567002,exact,0.7712569894567002,35947,exact,185272.0,0.01582984575621818,0.03329858151978849,2961873,167837,0.05666583273489444,ok,1.0,
table_2_dataset_summary,stanford_bunny,Stanford Bunny,E3,35947,A2_morton,morton,C2_occupancy_floor1,occupancy_floor1,35947,35947,D0,clean,1,none,all,0.47816474991850555,1a94bc1602a8abce9ab0a74bde63c9ad56316a30a9feebcf524f5eedf9db896c,6 6 5,False,0.0014350078220203059,0.0057343875733900825,0.0025533953517063463,,exact,0.0025533953517063463,35947,exact,2.0014809988562656e-16,,exact,2.0014809988562656e-16,35947,exact,0.7712569894567002,exact,0.7712569894567002,35947,exact,186552.0,0.01582984575621818,0.03329858151978849,2500083,168319,0.06732536479788871,ok,1.0,
table_2_dataset_summary,stanford_bunny,Stanford Bunny,E3,35947,A2_morton,morton,C2_occupancy_floor1,occupancy_floor1,35947,35947,D0,clean,2,none,all,0.47172563802450895,1a94bc1602a8abce9ab0a74bde63c9ad56316a30a9feebcf524f5eedf9db896c,6 6 5,False,0.0014350078220203059,0.0057343875733900825,0.0025533953517063463,,exact,0.0025533953517063463,35947,exact,2.0014809988562656e-16,,exact,2.0014809988562656e-16,35947,exact,0.7712569894567002,exact,0.7712569894567002,35947,exact,187320.0,0.01582984575621818,0.03329858151978849,2640121,167109,0.06329596257141244,ok,1.0,
table_2_dataset_summary,stanford_bunny,Stanford Bunny,E3,35947,A2_morton,morton,C2_occupancy_floor1,occupancy_floor1,35947,35947,D0,clean,3,none,all,0.4798442330211401,1a94bc1602a8abce9ab0a74bde63c9ad56316a30a9feebcf524f5eedf9db896c,6 6 5,False,0.0014350078220203059,0.0057343875733900825,0.0025533953517063463,,exact,0.0025533953517063463,35947,exact,2.0014809988562656e-16,,exact,2.0014809988562656e-16,35947,exact,0.7712569894567002,exact,0.7712569894567002,35947,exact,188856.0,0.01582984575621818,0.03329858151978849,2454407,164797,0.06714330589832901,ok,1.0,
table_2_dataset_summary,stanford_bunny,Stanford Bunny,E3,35947,A2_morton,morton,C2_occupancy_floor1,occupancy_floor1,35947,35947,D0,clean,4,none,all,0.47873246495146304,1a94bc1602a8abce9ab0a74bde63c9ad56316a30a9feebcf524f5eedf9db896c,6 6 5,False,0.0014350078220203059,0.0057343875733900825,0.0025533953517063463,,exact,0.0025533953517063463,35947,exact,2.0014809988562656e-16,,exact,2.0014809988562656e-16,35947,exact,0.7712569894567002,exact,0.7712569894567002,35947,exact,189880.0,0.01582984575621818,0.03329858151978849,2549792,170757,0.06696899198052234,ok,1.0,
table_2_dataset_summary,stanford_bunny,Stanford Bunny,E3,35947,A2_morton,morton,C3_frame_core_occupancy,frame_core_occupancy,35947,35947,D0,clean,0,none,all,0.47211449302267283,1a94bc1602a8abce9ab0a74bde63c9ad56316a30a9feebcf524f5eedf9db896c,6 6 5,False,0.0014350078220203059,0.0057343875733900825,0.0025533953517063463,,exact,0.0025533953517063463,35947,exact,2.0014809988562656e-16,,exact,2.0014809988562656e-16,35947,exact,0.7712569894567002,exact,0.7712569894567002,35947,exact,191072.0,0.01582984575621818,0.03329858151978849,2773555,178620,0.06440110255610579,ok,1.0,
table_2_dataset_summary,stanford_bunny,Stanford Bunny,E3,35947,A2_morton,morton,C3_frame_core_occupancy,frame_core_occupancy,35947,35947,D0,clean,1,none,all,0.476043394068256,1a94bc1602a8abce9ab0a74bde63c9ad56316a30a9feebcf524f5eedf9db896c,6 6 5,False,0.0014350078220203059,0.0057343875733900825,0.0025533953517063463,,exact,0.0025533953517063463,35947,exact,2.0014809988562656e-16,,exact,2.0014809988562656e-16,35947,exact,0.7712569894567002,exact,0.7712569894567002,35947,exact,192608.0,0.01582984575621818,0.03329858151978849,2407996,166852,0.0692908127754365,ok,1.0,
table_2_dataset_summary,stanford_bunny,Stanford Bunny,E3,35947,A2_morton,morton,C3_frame_core_occupancy,frame_core_occupancy,35947,35947,D0,clean,2,none,all,0.47240075597073883,1a94bc1602a8abce9ab0a74bde63c9ad56316a30a9feebcf524f5eedf9db896c,6 6 5,False,0.0014350078220203059,0.0057343875733900825,0.0025533953517063463,,exact,0.0025533953517063463,35947,exact,2.0014809988562656e-16,,exact,2.0014809988562656e-16,35947,exact,0.7712569894567002,exact,0.7712569894567002,35947,exact,194144.0,0.01582984575621818,0.03329858151978849,2673190,165559,0.061933121102503,ok,1.0,
table_2_dataset_summary,stanford_bunny,Stanford Bunny,E3,35947,A2_morton,morton,C3_frame_core_occupancy,frame_core_occupancy,35947,35947,D0,clean,3,none,all,0.46812432806473225,1a94bc1602a8abce9ab0a74bde63c9ad56316a30a9feebcf524f5eedf9db896c,6 6 5,False,0.0014350078220203059,0.0057343875733900825,0.0025533953517063463,,exact,0.0025533953517063463,35947,exact,2.0014809988562656e-16,,exact,2.0014809988562656e-16,35947,exact,0.7712569894567002,exact,0.7712569894567002,35947,exact,195936.0,0.01582984575621818,0.03329858151978849,2438334,165052,0.0676904804674011,ok,1.0,
table_2_dataset_summary,stanford_bunny,Stanford Bunny,E3,35947,A2_morton,morton,C3_frame_core_occupancy,frame_core_occupancy,35947,35947,D0,clean,4,none,all,0.48164673894643784,1a94bc1602a8abce9ab0a74bde63c9ad56316a30a9feebcf524f5eedf9db896c,6 6 5,False,0.0014350078220203059,0.0057343875733900825,0.0025533953517063463,,exact,0.0025533953517063463,35947,exact,2.0014809988562656e-16,,exact,2.0014809988562656e-16,35947,exact,0.7712569894567002,exact,0.7712569894567002,35947,exact,197216.0,0.01582984575621818,0.03329858151978849,2922065,184896,0.0632757998196481,ok,1.0,
table_2_dataset_summary,stanford_bunny,Stanford Bunny,E3,35947,A2_morton,morton,C4_hybrid,hybrid_occupancy,35947,35947,D0,clean,0,none,all,0.47210761497262865,1a94bc1602a8abce9ab0a74bde63c9ad56316a30a9feebcf524f5eedf9db896c,6 6 5,False,0.0014350078220203059,0.0057343875733900825,0.0025533953517063463,,exact,0.0025533953517063463,35947,exact,2.0014809988562656e-16,,exact,2.0014809988562656e-16,35947,exact,0.7712569894567002,exact,0.7712569894567002,35947,exact,198752.0,0.01582984575621818,0.03329858151978849,2694604,170008,0.06309201648925036,ok,1.0,
table_2_dataset_summary,stanford_bunny,Stanford Bunny,E3,35947,A2_morton,morton,C4_hybrid,hybrid_occupancy,35947,35947,D0,clean,1,none,all,0.4743109759874642,1a94bc1602a8abce9ab0a74bde63c9ad56316a30a9feebcf524f5eedf9db896c,6 6 5,False,0.0014350078220203059,0.0057343875733900825,0.0025533953517063463,,exact,0.0025533953517063463,35947,exact,2.0014809988562656e-16,,exact,2.0014809988562656e-16,35947,exact,0.7712569894567002,exact,0.7712569894567002,35947,exact,200288.0,0.01582984575621818,0.03329858151978849,3295293,167001,0.050678649819606326,ok,1.0,
table_2_dataset_summary,stanford_bunny,Stanford Bunny,E3,35947,A2_morton,morton,C4_hybrid,hybrid_occupancy,35947,35947,D0,clean,2,none,all,0.48098167800344527,1a94bc1602a8abce9ab0a74bde63c9ad56316a30a9feebcf524f5eedf9db896c,6 6 5,False,0.0014350078220203059,0.0057343875733900825,0.0025533953517063463,,exact,0.0025533953517063463,35947,exact,2.0014809988562656e-16,,exact,2.0014809988562656e-16,35947,exact,0.7712569894567002,exact,0.7712569894567002,35947,exact,201568.0,0.01582984575621818,0.03329858151978849,2986932,167808,0.05618072323039158,ok,1.0,
table_2_dataset_summary,stanford_bunny,Stanford Bunny,E3,35947,A2_morton,morton,C4_hybrid,hybrid_occupancy,35947,35947,D0,clean,3,none,all,0.47635723906569183,1a94bc1602a8abce9ab0a74bde63c9ad56316a30a9feebcf524f5eedf9db896c,6 6 5,False,0.0014350078220203059,0.0057343875733900825,0.0025533953517063463,,exact,0.0025533953517063463,35947,exact,2.0014809988562656e-16,,exact,2.0014809988562656e-16,35947,exact,0.7712569894567002,exact,0.7712569894567002,35947,exact,202892.0,0.01582984575621818,0.03329858151978849,3062824,167924,0.05482652610793177,ok,1.0,
table_2_dataset_summary,stanford_bunny,Stanford Bunny,E3,35947,A2_morton,morton,C4_hybrid,hybrid_occupancy,35947,35947,D0,clean,4,none,all,0.47586588899139315,1a94bc1602a8abce9ab0a74bde63c9ad56316a30a9feebcf524f5eedf9db896c,6 6 5,False,0.0014350078220203059,0.0057343875733900825,0.0025533953517063463,,exact,0.0025533953517063463,35947,exact,2.0014809988562656e-16,,exact,2.0014809988562656e-16,35947,exact,0.7712569894567002,exact,0.7712569894567002,35947,exact,204084.0,0.01582984575621818,0.03329858151978849,2644859,161305,0.06098812828963661,ok,1.0,
table_2_dataset_summary,stanford_bunny,Stanford Bunny,E3,35947,A3_isotropic_hilbert,isotropic_hilbert,C0_uniform,uniform,35947,35947,D0,clean,0,none,all,0.4848813130520284,10eff8018304bf929a13c2edefd67f4ba916f7298d56ca7232e24c77d50ce349,10 10 10,False,0.0013662826697340025,0.0054597572520758185,0.0005610223561164387,,exact,0.0005610223561164387,35947,exact,2.0014809988562656e-16,,exact,2.0014809988562656e-16,35947,exact,0.7848777366678722,exact,0.7848777366678722,35947,exact,205620.0,0.013618404275575697,0.026970046085998813,2616439,176315,0.06738739179472558,ok,1.0,
table_2_dataset_summary,stanford_bunny,Stanford Bunny,E3,35947,A3_isotropic_hilbert,isotropic_hilbert,C0_uniform,uniform,35947,35947,D0,clean,1,none,all,0.4740922679193318,10eff8018304bf929a13c2edefd67f4ba916f7298d56ca7232e24c77d50ce349,10 10 10,False,0.0013662826697340025,0.0054597572520758185,0.0005610223561164387,,exact,0.0005610223561164387,35947,exact,2.0014809988562656e-16,,exact,2.0014809988562656e-16,35947,exact,0.7848777366678722,exact,0.7848777366678722,35947,exact,206900.0,0.013618404275575697,0.026970046085998813,2893333,170670,0.058987333984715895,ok,1.0,
table_2_dataset_summary,stanford_bunny,Stanford Bunny,E3,35947,A3_isotropic_hilbert,isotropic_hilbert,C0_uniform,uniform,35947,35947,D0,clean,2,none,all,0.48064429499208927,10eff8018304bf929a13c2edefd67f4ba916f7298d56ca7232e24c77d50ce349,10 10 10,False,0.0013662826697340025,0.0054597572520758185,0.0005610223561164387,,exact,0.0005610223561164387,35947,exact,2.0014809988562656e-16,,exact,2.0014809988562656e-16,35947,exact,0.7848777366678722,exact,0.7848777366678722,35947,exact,208436.0,0.013618404275575697,0.026970046085998813,2828075,162452,0.05744260672011881,ok,1.0,
table_2_dataset_summary,stanford_bunny,Stanford Bunny,E3,35947,A3_isotropic_hilbert,isotropic_hilbert,C0_uniform,uniform,35947,35947,D0,clean,3,none,all,0.4773452100344002,10eff8018304bf929a13c2edefd67f4ba916f7298d56ca7232e24c77d50ce349,10 10 10,False,0.0013662826697340025,0.0054597572520758185,0.0005610223561164387,,exact,0.0005610223561164387,35947,exact,2.0014809988562656e-16,,exact,2.0014809988562656e-16,35947,exact,0.7848777366678722,exact,0.7848777366678722,35947,exact,209716.0,0.013618404275575697,0.026970046085998813,3060656,173246,0.05660420511158392,ok,1.0,
table_2_dataset_summary,stanford_bunny,Stanford Bunny,E3,35947,A3_isotropic_hilbert,isotropic_hilbert,C0_uniform,uniform,35947,35947,D0,clean,4,none,all,0.4779978049919009,10eff8018304bf929a13c2edefd67f4ba916f7298d56ca7232e24c77d50ce349,10 10 10,False,0.0013662826697340025,0.0054597572520758185,0.0005610223561164387,,exact,0.0005610223561164387,35947,exact,2.0014809988562656e-16,,exact,2.0014809988562656e-16,35947,exact,0.7848777366678722,exact,0.7848777366678722,35947,exact,211252.0,0.013618404275575697,0.026970046085998813,2719867,166780,0.06131917479788534,ok,1.0,
table_2_dataset_summary,stanford_bunny,Stanford Bunny,E3,35947,A3_isotropic_hilbert,isotropic_hilbert,C1_monotone_half,monotone_half,35947,35947,D0,clean,0,none,all,0.47528969205450267,10eff8018304bf929a13c2edefd67f4ba916f7298d56ca7232e24c77d50ce349,10 10 10,False,0.0013662826697340025,0.0054597572520758185,0.0005610223561164387,,exact,0.0005610223561164387,35947,exact,2.0014809988562656e-16,,exact,2.0014809988562656e-16,35947,exact,0.7848777366678722,exact,0.7848777366678722,35947,exact,212532.0,0.013618404275575697,0.026970046085998813,2779608,171931,0.061854405369390214,ok,1.0,
table_2_dataset_summary,stanford_bunny,Stanford Bunny,E3,35947,A3_isotropic_hilbert,isotropic_hilbert,C1_monotone_half,monotone_half,35947,35947,D0,clean,1,none,all,0.47911234898492694,10eff8018304bf929a13c2edefd67f4ba916f7298d56ca7232e24c77d50ce349,10 10 10,False,0.0013662826697340025,0.0054597572520758185,0.0005610223561164387,,exact,0.0005610223561164387,35947,exact,2.0014809988562656e-16,,exact,2.0014809988562656e-16,35947,exact,0.7848777366678722,exact,0.7848777366678722,35947,exact,213812.0,0.013618404275575697,0.026970046085998813,2998048,170688,0.05693304443424522,ok,1.0,
table_2_dataset_summary,stanford_bunny,Stanford Bunny,E3,35947,A3_isotropic_hilbert,isotropic_hilbert,C1_monotone_half,monotone_half,35947,35947,D0,clean,2,none,all,0.4800480749690905,10eff8018304bf929a13c2edefd67f4ba916f7298d56ca7232e24c77d50ce349,10 10 10,False,0.0013662826697340025,0.0054597572520758185,0.0005610223561164387,,exact,0.0005610223561164387,35947,exact,2.0014809988562656e-16,,exact,2.0014809988562656e-16,35947,exact,0.7848777366678722,exact,0.7848777366678722,35947,exact,215288.0,0.013618404275575697,0.026970046085998813,2651716,166201,0.06267677232403471,ok,1.0,
table_2_dataset_summary,stanford_bunny,Stanford Bunny,E3,35947,A3_isotropic_hilbert,isotropic_hilbert,C1_monotone_half,monotone_half,35947,35947,D0,clean,3,none,all,0.47018974693492055,10eff8018304bf929a13c2edefd67f4ba916f7298d56ca7232e24c77d50ce349,10 10 10,False,0.0013662826697340025,0.0054597572520758185,0.0005610223561164387,,exact,0.0005610223561164387,35947,exact,2.0014809988562656e-16,,exact,2.0014809988562656e-16,35947,exact,0.7848777366678722,exact,0.7848777366678722,35947,exact,216844.0,0.013618404275575697,0.026970046085998813,2472089,163880,0.06629211165132,ok,1.0,
table_2_dataset_summary,stanford_bunny,Stanford Bunny,E3,35947,A3_isotropic_hilbert,isotropic_hilbert,C1_monotone_half,monotone_half,35947,35947,D0,clean,4,none,all,0.48040533589664847,10eff8018304bf929a13c2edefd67f4ba916f7298d56ca7232e24c77d50ce349,10 10 10,False,0.0013662826697340025,0.0054597572520758185,0.0005610223561164387,,exact,0.0005610223561164387,35947,exact,2.0014809988562656e-16,,exact,2.0014809988562656e-16,35947,exact,0.7848777366678722,exact,0.7848777366678722,35947,exact,218380.0,0.013618404275575697,0.026970046085998813,2665105,183233,0.06875263826378322,ok,1.0,
table_2_dataset_summary,stanford_bunny,Stanford Bunny,E3,35947,A3_isotropic_hilbert,isotropic_hilbert,C2_occupancy_floor1,occupancy_floor1,35947,35947,D0,clean,0,none,all,0.4819865900790319,10eff8018304bf929a13c2edefd67f4ba916f7298d56ca7232e24c77d50ce349,10 10 10,False,0.0013662826697340025,0.0054597572520758185,0.0005610223561164387,,exact,0.0005610223561164387,35947,exact,2.0014809988562656e-16,,exact,2.0014809988562656e-16,35947,exact,0.7848777366678722,exact,0.7848777366678722,35947,exact,219912.0,0.013618404275575697,0.026970046085998813,2830724,178472,0.06304818131333186,ok,1.0,
table_2_dataset_summary,stanford_bunny,Stanford Bunny,E3,35947,A3_isotropic_hilbert,isotropic_hilbert,C2_occupancy_floor1,occupancy_floor1,35947,35947,D0,clean,1,none,all,0.4758675949415192,10eff8018304bf929a13c2edefd67f4ba916f7298d56ca7232e24c77d50ce349,10 10 10,False,0.0013662826697340025,0.0054597572520758185,0.0005610223561164387,,exact,0.0005610223561164387,35947,exact,2.0014809988562656e-16,,exact,2.0014809988562656e-16,35947,exact,0.7848777366678722,exact,0.7848777366678722,35947,exact,221448.0,0.013618404275575697,0.026970046085998813,2607971,167081,0.06406551299841907,ok,1.0,
table_2_dataset_summary,stanford_bunny,Stanford Bunny,E3,35947,A3_isotropic_hilbert,isotropic_hilbert,C2_occupancy_floor1,occupancy_floor1,35947,35947,D0,clean,2,none,all,0.47397158690728247,10eff8018304bf929a13c2edefd67f4ba916f7298d56ca7232e24c77d50ce349,10 10 10,False,0.0013662826697340025,0.0054597572520758185,0.0005610223561164387,,exact,0.0005610223561164387,35947,exact,2.0014809988562656e-16,,exact,2.0014809988562656e-16,35947,exact,0.7848777366678722,exact,0.7848777366678722,35947,exact,222728.0,0.013618404275575697,0.026970046085998813,2909392,174075,0.05983208862882692,ok,1.0,
table_2_dataset_summary,stanford_bunny,Stanford Bunny,E3,35947,A3_isotropic_hilbert,isotropic_hilbert,C2_occupancy_floor1,occupancy_floor1,35947,35947,D0,clean,3,none,all,0.4771155830239877,10eff8018304bf929a13c2edefd67f4ba916f7298d56ca7232e24c77d50ce349,10 10 10,False,0.0013662826697340025,0.0054597572520758185,0.0005610223561164387,,exact,0.0005610223561164387,35947,exact,2.0014809988562656e-16,,exact,2.0014809988562656e-16,35947,exact,0.7848777366678722,exact,0.7848777366678722,35947,exact,224264.0,0.013618404275575697,0.026970046085998813,2769913,165519,0.059756028438438316,ok,1.0,
table_2_dataset_summary,stanford_bunny,Stanford Bunny,E3,35947,A3_isotropic_hilbert,isotropic_hilbert,C2_occupancy_floor1,occupancy_floor1,35947,35947,D0,clean,4,none,all,0.47860442905221134,10eff8018304bf929a13c2edefd67f4ba916f7298d56ca7232e24c77d50ce349,10 10 10,False,0.0013662826697340025,0.0054597572520758185,0.0005610223561164387,,exact,0.0005610223561164387,35947,exact,2.0014809988562656e-16,,exact,2.0014809988562656e-16,35947,exact,0.7848777366678722,exact,0.7848777366678722,35947,exact,225800.0,0.013618404275575697,0.026970046085998813,2823608,170348,0.06032990415100113,ok,1.0,
table_2_dataset_summary,stanford_bunny,Stanford Bunny,E3,35947,A3_isotropic_hilbert,isotropic_hilbert,C3_frame_core_occupancy,frame_core_occupancy,35947,35947,D0,clean,0,none,all,0.4754490680061281,10eff8018304bf929a13c2edefd67f4ba916f7298d56ca7232e24c77d50ce349,10 10 10,False,0.0013662826697340025,0.0054597572520758185,0.0005610223561164387,,exact,0.0005610223561164387,35947,exact,2.0014809988562656e-16,,exact,2.0014809988562656e-16,35947,exact,0.7848777366678722,exact,0.7848777366678722,35947,exact,227080.0,0.013618404275575697,0.026970046085998813,2833842,164104,0.05790866251541194,ok,1.0,
table_2_dataset_summary,stanford_bunny,Stanford Bunny,E3,35947,A3_isotropic_hilbert,isotropic_hilbert,C3_frame_core_occupancy,frame_core_occupancy,35947,35947,D0,clean,1,none,all,0.47984331799671054,10eff8018304bf929a13c2edefd67f4ba916f7298d56ca7232e24c77d50ce349,10 10 10,False,0.0013662826697340025,0.0054597572520758185,0.0005610223561164387,,exact,0.0005610223561164387,35947,exact,2.0014809988562656e-16,,exact,2.0014809988562656e-16,35947,exact,0.7848777366678722,exact,0.7848777366678722,35947,exact,228360.0,0.013618404275575697,0.026970046085998813,2884037,170866,0.05924542576950296,ok,1.0,
table_2_dataset_summary,stanford_bunny,Stanford Bunny,E3,35947,A3_isotropic_hilbert,isotropic_hilbert,C3_frame_core_occupancy,frame_core_occupancy,35947,35947,D0,clean,2,none,all,0.4805252210935578,10eff8018304bf929a13c2edefd67f4ba916f7298d56ca7232e24c77d50ce349,10 10 10,False,0.0013662826697340025,0.0054597572520758185,0.0005610223561164387,,exact,0.0005610223561164387,35947,exact,2.0014809988562656e-16,,exact,2.0014809988562656e-16,35947,exact,0.7848777366678722,exact,0.7848777366678722,35947,exact,229752.0,0.013618404275575697,0.026970046085998813,2692651,164608,0.06113231904171762,ok,1.0,
table_2_dataset_summary,stanford_bunny,Stanford Bunny,E3,35947,A3_isotropic_hilbert,isotropic_hilbert,C3_frame_core_occupancy,frame_core_occupancy,35947,35947,D0,clean,3,none,all,0.47191166691482067,10eff8018304bf929a13c2edefd67f4ba916f7298d56ca7232e24c77d50ce349,10 10 10,False,0.0013662826697340025,0.0054597572520758185,0.0005610223561164387,,exact,0.0005610223561164387,35947,exact,2.0014809988562656e-16,,exact,2.0014809988562656e-16,35947,exact,0.7848777366678722,exact,0.7848777366678722,35947,exact,231288.0,0.013618404275575697,0.026970046085998813,3052287,167499,0.054876556496816976,ok,1.0,
table_2_dataset_summary,stanford_bunny,Stanford Bunny,E3,35947,A3_isotropic_hilbert,isotropic_hilbert,C3_frame_core_occupancy,frame_core_occupancy,35947,35947,D0,clean,4,none,all,0.47383787494618446,10eff8018304bf929a13c2edefd67f4ba916f7298d56ca7232e24c77d50ce349,10 10 10,False,0.0013662826697340025,0.0054597572520758185,0.0005610223561164387,,exact,0.0005610223561164387,35947,exact,2.0014809988562656e-16,,exact,2.0014809988562656e-16,35947,exact,0.7848777366678722,exact,0.7848777366678722,35947,exact,232840.0,0.013618404275575697,0.026970046085998813,2654061,178083,0.0670983070848786,ok,1.0,
table_2_dataset_summary,stanford_bunny,Stanford Bunny,E3,35947,A3_isotropic_hilbert,isotropic_hilbert,C4_hybrid,hybrid_occupancy,35947,35947,D0,clean,0,none,all,0.47352438198868185,10eff8018304bf929a13c2edefd67f4ba916f7298d56ca7232e24c77d50ce349,10 10 10,False,0.0013662826697340025,0.0054597572520758185,0.0005610223561164387,,exact,0.0005610223561164387,35947,exact,2.0014809988562656e-16,,exact,2.0014809988562656e-16,35947,exact,0.7848777366678722,exact,0.7848777366678722,35947,exact,234120.0,0.013618404275575697,0.026970046085998813,2537907,164549,0.06483649716084947,ok,1.0,
table_2_dataset_summary,stanford_bunny,Stanford Bunny,E3,35947,A3_isotropic_hilbert,isotropic_hilbert,C4_hybrid,hybrid_occupancy,35947,35947,D0,clean,1,none,all,0.482323367963545,10eff8018304bf929a13c2edefd67f4ba916f7298d56ca7232e24c77d50ce349,10 10 10,False,0.0013662826697340025,0.0054597572520758185,0.0005610223561164387,,exact,0.0005610223561164387,35947,exact,2.0014809988562656e-16,,exact,2.0014809988562656e-16,35947,exact,0.7848777366678722,exact,0.7848777366678722,35947,exact,235656.0,0.013618404275575697,0.026970046085998813,3379893,177681,0.052570007393725186,ok,1.0,
table_2_dataset_summary,stanford_bunny,Stanford Bunny,E3,35947,A3_isotropic_hilbert,isotropic_hilbert,C4_hybrid,hybrid_occupancy,35947,35947,D0,clean,2,none,all,0.4802344950148836,10eff8018304bf929a13c2edefd67f4ba916f7298d56ca7232e24c77d50ce349,10 10 10,False,0.0013662826697340025,0.0054597572520758185,0.0005610223561164387,,exact,0.0005610223561164387,35947,exact,2.0014809988562656e-16,,exact,2.0014809988562656e-16,35947,exact,0.7848777366678722,exact,0.7848777366678722,35947,exact,236936.0,0.013618404275575697,0.026970046085998813,2716840,164753,0.06064140692863768,ok,1.0,
table_2_dataset_summary,stanford_bunny,Stanford Bunny,E3,35947,A3_isotropic_hilbert,isotropic_hilbert,C4_hybrid,hybrid_occupancy,35947,35947,D0,clean,3,none,all,0.47971880598925054,10eff8018304bf929a13c2edefd67f4ba916f7298d56ca7232e24c77d50ce349,10 10 10,False,0.0013662826697340025,0.0054597572520758185,0.0005610223561164387,,exact,0.0005610223561164387,35947,exact,2.0014809988562656e-16,,exact,2.0014809988562656e-16,35947,exact,0.7848777366678722,exact,0.7848777366678722,35947,exact,238216.0,0.013618404275575697,0.026970046085998813,2682870,170662,0.0636117292302646,ok,1.0,
table_2_dataset_summary,stanford_bunny,Stanford Bunny,E3,35947,A3_isotropic_hilbert,isotropic_hilbert,C4_hybrid,hybrid_occupancy,35947,35947,D0,clean,4,none,all,0.4800024500582367,10eff8018304bf929a13c2edefd67f4ba916f7298d56ca7232e24c77d50ce349,10 10 10,False,0.0013662826697340025,0.0054597572520758185,0.0005610223561164387,,exact,0.0005610223561164387,35947,exact,2.0014809988562656e-16,,exact,2.0014809988562656e-16,35947,exact,0.7848777366678722,exact,0.7848777366678722,35947,exact,239496.0,0.013618404275575697,0.026970046085998813,2888688,170311,0.05895790753449317,ok,1.0,
table_2_dataset_summary,stanford_bunny,Stanford Bunny,E3,35947,A4_compact_hilbert_aabb,compact_hilbert_aabb,C0_uniform,uniform,35947,35947,D0,clean,0,none,all,0.47165684995707124,2f370f1dbdd0bd45599ea4cdc26d4030e7cd26b9e0503c4941f8dfa933ce16c0,10 10 10,False,0.0013662826697340025,0.0054597572520758185,0.0005610223561164387,,exact,0.0005610223561164387,35947,exact,2.0014809988562656e-16,,exact,2.0014809988562656e-16,35947,exact,0.7848777366678722,exact,0.7848777366678722,35947,exact,240872.0,0.013618404275575697,0.026970046085998813,2983571,164166,0.055023326074693714,ok,1.0,
table_2_dataset_summary,stanford_bunny,Stanford Bunny,E3,35947,A4_compact_hilbert_aabb,compact_hilbert_aabb,C0_uniform,uniform,35947,35947,D0,clean,1,none,all,0.4775479669915512,2f370f1dbdd0bd45599ea4cdc26d4030e7cd26b9e0503c4941f8dfa933ce16c0,10 10 10,False,0.0013662826697340025,0.0054597572520758185,0.0005610223561164387,,exact,0.0005610223561164387,35947,exact,2.0014809988562656e-16,,exact,2.0014809988562656e-16,35947,exact,0.7848777366678722,exact,0.7848777366678722,35947,exact,242300.0,0.013618404275575697,0.026970046085998813,2585493,177843,0.06878494739687943,ok,1.0,
table_2_dataset_summary,stanford_bunny,Stanford Bunny,E3,35947,A4_compact_hilbert_aabb,compact_hilbert_aabb,C0_uniform,uniform,35947,35947,D0,clean,2,none,all,0.4824257038999349,2f370f1dbdd0bd45599ea4cdc26d4030e7cd26b9e0503c4941f8dfa933ce16c0,10 10 10,False,0.0013662826697340025,0.0054597572520758185,0.0005610223561164387,,exact,0.0005610223561164387,35947,exact,2.0014809988562656e-16,,exact,2.0014809988562656e-16,35947,exact,0.7848777366678722,exact,0.7848777366678722,35947,exact,243836.0,0.013618404275575697,0.026970046085998813,2810498,179144,0.06374101671661037,ok,1.0,
table_2_dataset_summary,stanford_bunny,Stanford Bunny,E3,35947,A4_compact_hilbert_aabb,compact_hilbert_aabb,C0_uniform,uniform,35947,35947,D0,clean,3,none,all,0.4770971570396796,2f370f1dbdd0bd45599ea4cdc26d4030e7cd26b9e0503c4941f8dfa933ce16c0,10 10 10,False,0.0013662826697340025,0.0054597572520758185,0.0005610223561164387,,exact,0.0005610223561164387,35947,exact,2.0014809988562656e-16,,exact,2.0014809988562656e-16,35947,exact,0.7848777366678722,exact,0.7848777366678722,35947,exact,245132.0,0.013618404275575697,0.026970046085998813,2495862,167432,0.06708383716727928,ok,1.0,
table_2_dataset_summary,stanford_bunny,Stanford Bunny,E3,35947,A4_compact_hilbert_aabb,compact_hilbert_aabb,C0_uniform,uniform,35947,35947,D0,clean,4,none,all,0.4804108589887619,2f370f1dbdd0bd45599ea4cdc26d4030e7cd26b9e0503c4941f8dfa933ce16c0,10 10 10,False,0.0013662826697340025,0.0054597572520758185,0.0005610223561164387,,exact,0.0005610223561164387,35947,exact,2.0014809988562656e-16,,exact,2.0014809988562656e-16,35947,exact,0.7848777366678722,exact,0.7848777366678722,35947,exact,246668.0,0.013618404275575697,0.026970046085998813,2751849,175295,0.0637008062579015,ok,1.0,
table_2_dataset_summary,stanford_bunny,Stanford Bunny,E3,35947,A4_compact_hilbert_aabb,compact_hilbert_aabb,C1_monotone_half,monotone_half,35947,35947,D0,clean,0,none,all,0.47557842009700835,6f813651af1b7da9938a9cfda675765e199ac7a1edf853e9cf3d9c294e32013a,10 4 1,False,0.004080854709223346,0.016307369321816572,0.0009674087151510087,,exact,0.0009674087151510087,35947,exact,2.0014809988562656e-16,,exact,2.0014809988562656e-16,35947,exact,0.2683186357693271,exact,0.2683186357693271,35947,exact,247948.0,0.06118124763896211,0.09485594321627928,3091586,175225,0.05667802868818787,ok,1.0,
table_2_dataset_summary,stanford_bunny,Stanford Bunny,E3,35947,A4_compact_hilbert_aabb,compact_hilbert_aabb,C1_monotone_half,monotone_half,35947,35947,D0,clean,1,none,all,0.48016246606130153,6f813651af1b7da9938a9cfda675765e199ac7a1edf853e9cf3d9c294e32013a,10 4 1,False,0.004080854709223346,0.016307369321816572,0.0009674087151510087,,exact,0.0009674087151510087,35947,exact,2.0014809988562656e-16,,exact,2.0014809988562656e-16,35947,exact,0.2683186357693271,exact,0.2683186357693271,35947,exact,249484.0,0.06118124763896211,0.09485594321627928,2540290,173756,0.06840006455955816,ok,1.0,
table_2_dataset_summary,stanford_bunny,Stanford Bunny,E3,35947,A4_compact_hilbert_aabb,compact_hilbert_aabb,C1_monotone_half,monotone_half,35947,35947,D0,clean,2,none,all,0.48296098597347736,6f813651af1b7da9938a9cfda675765e199ac7a1edf853e9cf3d9c294e32013a,10 4 1,False,0.004080854709223346,0.016307369321816572,0.0009674087151510087,,exact,0.0009674087151510087,35947,exact,2.0014809988562656e-16,,exact,2.0014809988562656e-16,35947,exact,0.2683186357693271,exact,0.2683186357693271,35947,exact,250764.0,0.06118124763896211,0.09485594321627928,2995457,167177,0.05581018188543518,ok,1.0,
table_2_dataset_summary,stanford_bunny,Stanford Bunny,E3,35947,A4_compact_hilbert_aabb,compact_hilbert_aabb,C1_monotone_half,monotone_half,35947,35947,D0,clean,3,none,all,0.48170726106036454,6f813651af1b7da9938a9cfda675765e199ac7a1edf853e9cf3d9c294e32013a,10 4 1,False,0.004080854709223346,0.016307369321816572,0.0009674087151510087,,exact,0.0009674087151510087,35947,exact,2.0014809988562656e-16,,exact,2.0014809988562656e-16,35947,exact,0.2683186357693271,exact,0.2683186357693271,35947,exact,252224.0,0.06118124763896211,0.09485594321627928,3061717,173777,0.0567580217244115,ok,1.0,
table_2_dataset_summary,stanford_bunny,Stanford Bunny,E3,35947,A4_compact_hilbert_aabb,compact_hilbert_aabb,C1_monotone_half,monotone_half,35947,35947,D0,clean,4,none,all,0.4826850490644574,6f813651af1b7da9938a9cfda675765e199ac7a1edf853e9cf3d9c294e32013a,10 4 1,False,0.004080854709223346,0.016307369321816572,0.0009674087151510087,,exact,0.0009674087151510087,35947,exact,2.0014809988562656e-16,,exact,2.0014809988562656e-16,35947,exact,0.2683186357693271,exact,0.2683186357693271,35947,exact,253552.0,0.06118124763896211,0.09485594321627928,2854875,175522,0.06148150094137221,ok,1.0,
table_2_dataset_summary,stanford_bunny,Stanford Bunny,E3,35947,A4_compact_hilbert_aabb,compact_hilbert_aabb,C2_occupancy_floor1,occupancy_floor1,35947,35947,D0,clean,0,none,all,0.472849510028027,89a0c88e8f32fcbb2fae488a9aac072483506f06cc0438630cf5cd5e780ab1d3,6 6 5,False,0.0013549765888517312,0.005414577394015001,0.0006137323126406325,,exact,0.0006137323126406325,35947,exact,2.0014809988562656e-16,,exact,2.0014809988562656e-16,35947,exact,0.7816785823573594,exact,0.7816785823573594,35947,exact,255152.0,0.013481714748306211,0.025199163907756936,2963102,165759,0.05594103746681687,ok,1.0,
table_2_dataset_summary,stanford_bunny,Stanford Bunny,E3,35947,A4_compact_hilbert_aabb,compact_hilbert_aabb,C2_occupancy_floor1,occupancy_floor1,35947,35947,D0,clean,1,none,all,0.4787163910223171,89a0c88e8f32fcbb2fae488a9aac072483506f06cc0438630cf5cd5e780ab1d3,6 6 5,False,0.0013549765888517312,0.005414577394015001,0.0006137323126406325,,exact,0.0006137323126406325,35947,exact,2.0014809988562656e-16,,exact,2.0014809988562656e-16,35947,exact,0.7816785823573594,exact,0.7816785823573594,35947,exact,256688.0,0.013481714748306211,0.025199163907756936,2678728,168764,0.06300154401641377,ok,1.0,
table_2_dataset_summary,stanford_bunny,Stanford Bunny,E3,35947,A4_compact_hilbert_aabb,compact_hilbert_aabb,C2_occupancy_floor1,occupancy_floor1,35947,35947,D0,clean,2,none,all,0.47987034905236214,89a0c88e8f32fcbb2fae488a9aac072483506f06cc0438630cf5cd5e780ab1d3,6 6 5,False,0.0013549765888517312,0.005414577394015001,0.0006137323126406325,,exact,0.0006137323126406325,35947,exact,2.0014809988562656e-16,,exact,2.0014809988562656e-16,35947,exact,0.7816785823573594,exact,0.7816785823573594,35947,exact,258300.0,0.013481714748306211,0.025199163907756936,2915699,170832,0.05859041005261517,ok,1.0,
table_2_dataset_summary,stanford_bunny,Stanford Bunny,E3,35947,A4_compact_hilbert_aabb,compact_hilbert_aabb,C2_occupancy_floor1,occupancy_floor1,35947,35947,D0,clean,3,none,all,0.47202401293907315,89a0c88e8f32fcbb2fae488a9aac072483506f06cc0438630cf5cd5e780ab1d3,6 6 5,False,0.0013549765888517312,0.005414577394015001,0.0006137323126406325,,exact,0.0006137323126406325,35947,exact,2.0014809988562656e-16,,exact,2.0014809988562656e-16,35947,exact,0.7816785823573594,exact,0.7816785823573594,35947,exact,259836.0,0.013481714748306211,0.025199163907756936,2875220,169009,0.05878124108763851,ok,1.0,
table_2_dataset_summary,stanford_bunny,Stanford Bunny,E3,35947,A4_compact_hilbert_aabb,compact_hilbert_aabb,C2_occupancy_floor1,occupancy_floor1,35947,35947,D0,clean,4,none,all,0.4771368270739913,89a0c88e8f32fcbb2fae488a9aac072483506f06cc0438630cf5cd5e780ab1d3,6 6 5,False,0.0013549765888517312,0.005414577394015001,0.0006137323126406325,,exact,0.0006137323126406325,35947,exact,2.0014809988562656e-16,,exact,2.0014809988562656e-16,35947,exact,0.7816785823573594,exact,0.7816785823573594,35947,exact,261116.0,0.013481714748306211,0.025199163907756936,2722790,171302,0.06291414321339509,ok,1.0,
table_2_dataset_summary,stanford_bunny,Stanford Bunny,E3,35947,A5_pca_compact_hilbert,pca_compact_hilbert,C0_uniform,uniform,35947,35947,D0,clean,0,sample_covariance,all,0.47619710699655116,27c6bb16fea831c527d7bedba93be50cb9da9e5af205a0196c5090c536c50264,10 10 10,False,0.0014181671914473449,0.005667091283290644,0.0004126485354209984,,exact,0.0004126485354209984,35947,exact,2.0014809988562656e-16,,exact,2.0014809988562656e-16,35947,exact,0.7705128383453418,exact,0.7705128383453418,35947,exact,262652.0,0.014489160034845435,0.027625708820922586,2894264,172641,0.05964936163390762,ok,1.0,0.0
table_2_dataset_summary,stanford_bunny,Stanford Bunny,E3,35947,A5_pca_compact_hilbert,pca_compact_hilbert,C0_uniform,uniform,35947,35947,D0,clean,1,sample_covariance,all,0.4749160890933126,27c6bb16fea831c527d7bedba93be50cb9da9e5af205a0196c5090c536c50264,10 10 10,False,0.0014181671914473449,0.005667091283290644,0.0004126485354209984,,exact,0.0004126485354209984,35947,exact,2.0014809988562656e-16,,exact,2.0014809988562656e-16,35947,exact,0.7705128383453418,exact,0.7705128383453418,35947,exact,263932.0,0.014489160034845435,0.027625708820922586,2483718,168634,0.06789579171226363,ok,1.0,0.0
table_2_dataset_summary,stanford_bunny,Stanford Bunny,E3,35947,A5_pca_compact_hilbert,pca_compact_hilbert,C0_uniform,uniform,35947,35947,D0,clean,2,sample_covariance,all,0.4793816820019856,27c6bb16fea831c527d7bedba93be50cb9da9e5af205a0196c5090c536c50264,10 10 10,False,0.0014181671914473449,0.005667091283290644,0.0004126485354209984,,exact,0.0004126485354209984,35947,exact,2.0014809988562656e-16,,exact,2.0014809988562656e-16,35947,exact,0.7705128383453418,exact,0.7705128383453418,35947,exact,265212.0,0.014489160034845435,0.027625708820922586,2535438,165712,0.06535833256423546,ok,1.0,0.0
table_2_dataset_summary,stanford_bunny,Stanford Bunny,E3,35947,A5_pca_compact_hilbert,pca_compact_hilbert,C0_uniform,uniform,35947,35947,D0,clean,3,sample_covariance,all,0.4714589809300378,27c6bb16fea831c527d7bedba93be50cb9da9e5af205a0196c5090c536c50264,10 10 10,False,0.0014181671914473449,0.005667091283290644,0.0004126485354209984,,exact,0.0004126485354209984,35947,exact,2.0014809988562656e-16,,exact,2.0014809988562656e-16,35947,exact,0.7705128383453418,exact,0.7705128383453418,35947,exact,266728.0,0.014489160034845435,0.027625708820922586,2630555,172829,0.06570058409727225,ok,1.0,0.0
table_2_dataset_summary,stanford_bunny,Stanford Bunny,E3,35947,A5_pca_compact_hilbert,pca_compact_hilbert,C0_uniform,uniform,35947,35947,D0,clean,4,sample_covariance,all,0.4812781980726868,27c6bb16fea831c527d7bedba93be50cb9da9e5af205a0196c5090c536c50264,10 10 10,False,0.0014181671914473449,0.005667091283290644,0.0004126485354209984,,exact,0.0004126485354209984,35947,exact,2.0014809988562656e-16,,exact,2.0014809988562656e-16,35947,exact,0.7705128383453418,exact,0.7705128383453418,35947,exact,268264.0,0.014489160034845435,0.027625708820922586,3058324,176500,0.05771134778394964,ok,1.0,0.0
table_2_dataset_summary,stanford_bunny,Stanford Bunny,E3,35947,A5_pca_compact_hilbert,pca_compact_hilbert,C1_monotone_half,monotone_half,35947,35947,D0,clean,0,sample_covariance,all,0.481851713033393,fbf52ec863f386c30a25c61bda6af1d67795d81ab93bfcbc3dd45daacd6d2e5a,10 4 1,False,0.004015426146900207,0.01604591239525964,0.0009681692373709966,,exact,0.0009681692373709966,35947,exact,2.0014809988562656e-16,,exact,2.0014809988562656e-16,35947,exact,0.28037110190001946,exact,0.28037110190001946,35947,exact,269560.0,0.05818336241900822,0.09526507248792708,2998674,165072,0.055048331362462205,ok,1.0,0.0
table_2_dataset_summary,stanford_bunny,Stanford Bunny,E3,35947,A5_pca_compact_hilbert,pca_compact_hilbert,C1_monotone_half,monotone_half,35947,35947,D0,clean,1,sample_covariance,all,0.4815498139942065,fbf52ec863f386c30a25c61bda6af1d67795d81ab93bfcbc3dd45daacd6d2e5a,10 4 1,False,0.004015426146900207,0.01604591239525964,0.0009681692373709966,,exact,0.0009681692373709966,35947,exact,2.0014809988562656e-16,,exact,2.0014809988562656e-16,35947,exact,0.28037110190001946,exact,0.28037110190001946,35947,exact,271388.0,0.05818336241900822,0.09526507248792708,3044006,174718,0.0573973901496909,ok,1.0,0.0
table_2_dataset_summary,stanford_bunny,Stanford Bunny,E3,35947,A5_pca_compact_hilbert,pca_compact_hilbert,C1_monotone_half,monotone_half,35947,35947,D0,clean,2,sample_covariance,all,0.4802771050017327,fbf52ec863f386c30a25c61bda6af1d67795d81ab93bfcbc3dd45daacd6d2e5a,10 4 1,False,0.004015426146900207,0.01604591239525964,0.0009681692373709966,,exact,0.0009681692373709966,35947,exact,2.0014809988562656e-16,,exact,2.0014809988562656e-16,35947,exact,0.28037110190001946,exact,0.28037110190001946,35947,exact,272668.0,0.05818336241900822,0.09526507248792708,3217251,172235,0.05353483455285273,ok,1.0,0.0
table_2_dataset_summary,stanford_bunny,Stanford Bunny,E3,35947,A5_pca_compact_hilbert,pca_compact_hilbert,C1_monotone_half,monotone_half,35947,35947,D0,clean,3,sample_covariance,all,0.47447739797644317,fbf52ec863f386c30a25c61bda6af1d67795d81ab93bfcbc3dd45daacd6d2e5a,10 4 1,False,0.004015426146900207,0.01604591239525964,0.0009681692373709966,,exact,0.0009681692373709966,35947,exact,2.0014809988562656e-16,,exact,2.0014809988562656e-16,35947,exact,0.28037110190001946,exact,0.28037110190001946,35947,exact,274204.0,0.05818336241900822,0.09526507248792708,2931724,174410,0.05949059324820481,ok,1.0,0.0
table_2_dataset_summary,stanford_bunny,Stanford Bunny,E3,35947,A5_pca_compact_hilbert,pca_compact_hilbert,C1_monotone_half,monotone_half,35947,35947,D0,clean,4,sample_covariance,all,0.48068284802138805,fbf52ec863f386c30a25c61bda6af1d67795d81ab93bfcbc3dd45daacd6d2e5a,10 4 1,False,0.004015426146900207,0.01604591239525964,0.0009681692373709966,,exact,0.0009681692373709966,35947,exact,2.0014809988562656e-16,,exact,2.0014809988562656e-16,35947,exact,0.28037110190001946,exact,0.28037110190001946,35947,exact,275484.0,0.05818336241900822,0.09526507248792708,2778721,168078,0.06048754085062876,ok,1.0,0.0
table_2_dataset_summary,stanford_bunny,Stanford Bunny,E3,35947,A5_pca_compact_hilbert,pca_compact_hilbert,C2_occupancy_floor1,occupancy_floor1,35947,35947,D0,clean,0,sample_covariance,all,0.47983957501128316,17020f0895d710b2a7b8a718a015957297c1f4254894dab2386053de23ee4f07,6 6 5,False,0.0014112225221492778,0.005639339918654824,0.00033272190528545247,,exact,0.00033272190528545247,35947,exact,2.0014809988562656e-16,,exact,2.0014809988562656e-16,35947,exact,0.775255932344841,exact,0.775255932344841,35947,exact,276764.0,0.014058020232979272,0.028823618521275216,2508868,168441,0.06713824720949847,ok,1.0,0.0
table_2_dataset_summary,stanford_bunny,Stanford Bunny,E3,35947,A5_pca_compact_hilbert,pca_compact_hilbert,C2_occupancy_floor1,occupancy_floor1,35947,35947,D0,clean,1,sample_covariance,all,0.47159496101085097,17020f0895d710b2a7b8a718a015957297c1f4254894dab2386053de23ee4f07,6 6 5,False,0.0014112225221492778,0.005639339918654824,0.00033272190528545247,,exact,0.00033272190528545247,35947,exact,2.0014809988562656e-16,,exact,2.0014809988562656e-16,35947,exact,0.775255932344841,exact,0.775255932344841,35947,exact,278380.0,0.014058020232979272,0.028823618521275216,2461824,170690,0.06933476966671866,ok,1.0,0.0
table_2_dataset_summary,stanford_bunny,Stanford Bunny,E3,35947,A5_pca_compact_hilbert,pca_compact_hilbert,C2_occupancy_floor1,occupancy_floor1,35947,35947,D0,clean,2,sample_covariance,all,0.4764535789145157,17020f0895d710b2a7b8a718a015957297c1f4254894dab2386053de23ee4f07,6 6 5,False,0.0014112225221492778,0.005639339918654824,0.00033272190528545247,,exact,0.00033272190528545247,35947,exact,2.0014809988562656e-16,,exact,2.0014809988562656e-16,35947,exact,0.775255932344841,exact,0.775255932344841,35947,exact,279660.0,0.014058020232979272,0.028823618521275216,3661603,165844,0.04529273107980303,ok,1.0,0.0
table_2_dataset_summary,stanford_bunny,Stanford Bunny,E3,35947,A5_pca_compact_hilbert,pca_compact_hilbert,C2_occupancy_floor1,occupancy_floor1,35947,35947,D0,clean,3,sample_covariance,all,0.47663110098801553,17020f0895d710b2a7b8a718a015957297c1f4254894dab2386053de23ee4f07,6 6 5,False,0.0014112225221492778,0.005639339918654824,0.00033272190528545247,,exact,0.00033272190528545247,35947,exact,2.0014809988562656e-16,,exact,2.0014809988562656e-16,35947,exact,0.775255932344841,exact,0.775255932344841,35947,exact,281040.0,0.014058020232979272,0.028823618521275216,2968820,175348,0.059063196825674846,ok,1.0,0.0
table_2_dataset_summary,stanford_bunny,Stanford Bunny,E3,35947,A5_pca_compact_hilbert,pca_compact_hilbert,C2_occupancy_floor1,occupancy_floor1,35947,35947,D0,clean,4,sample_covariance,all,0.4835184799740091,17020f0895d710b2a7b8a718a015957297c1f4254894dab2386053de23ee4f07,6 6 5,False,0.0014112225221492778,0.005639339918654824,0.00033272190528545247,,exact,0.00033272190528545247,35947,exact,2.0014809988562656e-16,,exact,2.0014809988562656e-16,35947,exact,0.775255932344841,exact,0.775255932344841,35947,exact,282356.0,0.014058020232979272,0.028823618521275216,2688544,170056,0.06325207993620338,ok,1.0,0.0
table_2_dataset_summary,stanford_bunny,Stanford Bunny,E3,35947,A5_pca_compact_hilbert,pca_compact_hilbert,C3_frame_core_occupancy,frame_core_occupancy,35947,35947,D0,clean,0,sample_covariance,all,0.4788701410870999,979592ba011c0f233df3e781c06d2c15e4190245fa4a8feaafed1fa6efd3266e,6 5 5,False,0.0013962673542934748,0.005579578064123926,0.00020647279709142894,,exact,0.00020647279709142894,35947,exact,2.0014809988562656e-16,,exact,2.0014809988562656e-16,35947,exact,0.7809274765627173,exact,0.7809274765627173,35947,exact,284100.0,0.013746085031833362,0.026584242765405226,2629343,174143,0.06623061350306901,ok,1.0,0.0
table_2_dataset_summary,stanford_bunny,Stanford Bunny,E3,35947,A5_pca_compact_hilbert,pca_compact_hilbert,C3_frame_core_occupancy,frame_core_occupancy,35947,35947,D0,clean,1,sample_covariance,all,0.479564942070283,979592ba011c0f233df3e781c06d2c15e4190245fa4a8feaafed1fa6efd3266e,6 5 5,False,0.0013962673542934748,0.005579578064123926,0.00020647279709142894,,exact,0.00020647279709142894,35947,exact,2.0014809988562656e-16,,exact,2.0014809988562656e-16,35947,exact,0.7809274765627173,exact,0.7809274765627173,35947,exact,285636.0,0.013746085031833362,0.026584242765405226,2974503,179851,0.0604642187283052,ok,1.0,0.0
table_2_dataset_summary,stanford_bunny,Stanford Bunny,E3,35947,A5_pca_compact_hilbert,pca_compact_hilbert,C3_frame_core_occupancy,frame_core_occupancy,35947,35947,D0,clean,2,sample_covariance,all,0.4738045319681987,979592ba011c0f233df3e781c06d2c15e4190245fa4a8feaafed1fa6efd3266e,6 5 5,False,0.0013962673542934748,0.005579578064123926,0.00020647279709142894,,exact,0.00020647279709142894,35947,exact,2.0014809988562656e-16,,exact,2.0014809988562656e-16,35947,exact,0.7809274765627173,exact,0.7809274765627173,35947,exact,287428.0,0.013746085031833362,0.026584242765405226,2754695,169421,0.06150263459294042,ok,1.0,0.0
table_2_dataset_summary,stanford_bunny,Stanford Bunny,E3,35947,A5_pca_compact_hilbert,pca_compact_hilbert,C3_frame_core_occupancy,frame_core_occupancy,35947,35947,D0,clean,3,sample_covariance,all,0.4812966729514301,979592ba011c0f233df3e781c06d2c15e4190245fa4a8feaafed1fa6efd3266e,6 5 5,False,0.0013962673542934748,0.005579578064123926,0.00020647279709142894,,exact,0.00020647279709142894,35947,exact,2.0014809988562656e-16,,exact,2.0014809988562656e-16,35947,exact,0.7809274765627173,exact,0.7809274765627173,35947,exact,288964.0,0.013746085031833362,0.026584242765405226,2456102,165272,0.06729036497669885,ok,1.0,0.0
table_2_dataset_summary,stanford_bunny,Stanford Bunny,E3,35947,A5_pca_compact_hilbert,pca_compact_hilbert,C3_frame_core_occupancy,frame_core_occupancy,35947,35947,D0,clean,4,sample_covariance,all,0.4690917960833758,979592ba011c0f233df3e781c06d2c15e4190245fa4a8feaafed1fa6efd3266e,6 5 5,False,0.0013962673542934748,0.005579578064123926,0.00020647279709142894,,exact,0.00020647279709142894,35947,exact,2.0014809988562656e-16,,exact,2.0014809988562656e-16,35947,exact,0.7809274765627173,exact,0.7809274765627173,35947,exact,289988.0,0.013746085031833362,0.026584242765405226,2501382,182042,0.07277656911259456,ok,1.0,0.0
table_2_dataset_summary,stanford_bunny,Stanford Bunny,E3,35947,A5_pca_compact_hilbert,pca_compact_hilbert,C4_hybrid,hybrid_occupancy,35947,35947,D0,clean,0,sample_covariance,all,0.4826473629800603,17020f0895d710b2a7b8a718a015957297c1f4254894dab2386053de23ee4f07,6 6 5,False,0.0014112225221492778,0.005639339918654824,0.00033272190528545247,,exact,0.00033272190528545247,35947,exact,2.0014809988562656e-16,,exact,2.0014809988562656e-16,35947,exact,0.775255932344841,exact,0.775255932344841,35947,exact,291268.0,0.014058020232979272,0.028823618521275216,2832464,173886,0.06139036542035486,ok,1.0,0.0
table_2_dataset_summary,stanford_bunny,Stanford Bunny,E3,35947,A5_pca_compact_hilbert,pca_compact_hilbert,C4_hybrid,hybrid_occupancy,35947,35947,D0,clean,1,sample_covariance,all,0.47194543899968266,17020f0895d710b2a7b8a718a015957297c1f4254894dab2386053de23ee4f07,6 6 5,False,0.0014112225221492778,0.005639339918654824,0.00033272190528545247,,exact,0.00033272190528545247,35947,exact,2.0014809988562656e-16,,exact,2.0014809988562656e-16,35947,exact,0.775255932344841,exact,0.775255932344841,35947,exact,292572.0,0.014058020232979272,0.028823618521275216,2496650,171444,0.0686696172871648,ok,1.0,0.0
table_2_dataset_summary,stanford_bunny,Stanford Bunny,E3,35947,A5_pca_compact_hilbert,pca_compact_hilbert,C4_hybrid,hybrid_occupancy,35947,35947,D0,clean,2,sample_covariance,all,0.4820048379478976,17020f0895d710b2a7b8a718a015957297c1f4254894dab2386053de23ee4f07,6 6 5,False,0.0014112225221492778,0.005639339918654824,0.00033272190528545247,,exact,0.00033272190528545247,35947,exact,2.0014809988562656e-16,,exact,2.0014809988562656e-16,35947,exact,0.775255932344841,exact,0.775255932344841,35947,exact,293900.0,0.014058020232979272,0.028823618521275216,4081230,188679,0.04623091567983181,ok,1.0,0.0
table_2_dataset_summary,stanford_bunny,Stanford Bunny,E3,35947,A5_pca_compact_hilbert,pca_compact_hilbert,C4_hybrid,hybrid_occupancy,35947,35947,D0,clean,3,sample_covariance,all,0.4632593570277095,17020f0895d710b2a7b8a718a015957297c1f4254894dab2386053de23ee4f07,6 6 5,False,0.0014112225221492778,0.005639339918654824,0.00033272190528545247,,exact,0.00033272190528545247,35947,exact,2.0014809988562656e-16,,exact,2.0014809988562656e-16,35947,exact,0.775255932344841,exact,0.775255932344841,35947,exact,295172.0,0.014058020232979272,0.028823618521275216,2763550,164344,0.05946843733603517,ok,1.0,0.0
table_2_dataset_summary,stanford_bunny,Stanford Bunny,E3,35947,A5_pca_compact_hilbert,pca_compact_hilbert,C4_hybrid,hybrid_occupancy,35947,35947,D0,clean,4,sample_covariance,all,0.4758025510236621,17020f0895d710b2a7b8a718a015957297c1f4254894dab2386053de23ee4f07,6 6 5,False,0.0014112225221492778,0.005639339918654824,0.00033272190528545247,,exact,0.00033272190528545247,35947,exact,2.0014809988562656e-16,,exact,2.0014809988562656e-16,35947,exact,0.775255932344841,exact,0.775255932344841,35947,exact,296964.0,0.014058020232979272,0.028823618521275216,3797638,171426,0.045140163438431996,ok,1.0,0.0
table_2_dataset_summary,stanford_bunny,Stanford Bunny,E3,35947,A5b_robust_frame_morton,robust_frame_morton,C0_uniform,uniform,35947,35947,D0,clean,0,det_mcd,all,0.8581853040959686,1439398c69ccc97bf56d0d920539561f8ae58dfa33de05dd325502e9e0d20642,10 10 10,False,0.0015218322655620301,0.006081343877371209,0.005225522874160357,,exact,0.005225522874160357,35947,exact,2.0014809988562656e-16,,exact,2.0014809988562656e-16,35947,exact,0.7570450941664116,exact,0.7570450941664116,35947,exact,298504.0,0.01762893082808661,0.03798176011840551,2529836,169616,0.06704624331379584,ok,1.0,0.0
table_2_dataset_summary,stanford_bunny,Stanford Bunny,E3,35947,A5b_robust_frame_morton,robust_frame_morton,C0_uniform,uniform,35947,35947,D0,clean,1,det_mcd,all,0.8890247629024088,1439398c69ccc97bf56d0d920539561f8ae58dfa33de05dd325502e9e0d20642,10 10 10,False,0.0015218322655620301,0.006081343877371209,0.005225522874160357,,exact,0.005225522874160357,35947,exact,2.0014809988562656e-16,,exact,2.0014809988562656e-16,35947,exact,0.7570450941664116,exact,0.7570450941664116,35947,exact,300040.0,0.01762893082808661,0.03798176011840551,2559074,172359,0.0673520968912974,ok,1.0,0.0
table_2_dataset_summary,stanford_bunny,Stanford Bunny,E3,35947,A5b_robust_frame_morton,robust_frame_morton,C0_uniform,uniform,35947,35947,D0,clean,2,det_mcd,all,0.8972933469340205,1439398c69ccc97bf56d0d920539561f8ae58dfa33de05dd325502e9e0d20642,10 10 10,False,0.0015218322655620301,0.006081343877371209,0.005225522874160357,,exact,0.005225522874160357,35947,exact,2.0014809988562656e-16,,exact,2.0014809988562656e-16,35947,exact,0.7570450941664116,exact,0.7570450941664116,35947,exact,301320.0,0.01762893082808661,0.03798176011840551,2497427,165551,0.06628862425208024,ok,1.0,0.0
table_2_dataset_summary,stanford_bunny,Stanford Bunny,E3,35947,A5b_robust_frame_morton,robust_frame_morton,C0_uniform,uniform,35947,35947,D0,clean,3,det_mcd,all,0.8912971450481564,1439398c69ccc97bf56d0d920539561f8ae58dfa33de05dd325502e9e0d20642,10 10 10,False,0.0015218322655620301,0.006081343877371209,0.005225522874160357,,exact,0.005225522874160357,35947,exact,2.0014809988562656e-16,,exact,2.0014809988562656e-16,35947,exact,0.7570450941664116,exact,0.7570450941664116,35947,exact,302856.0,0.01762893082808661,0.03798176011840551,2498142,172200,0.06893122968990553,ok,1.0,0.0
table_2_dataset_summary,stanford_bunny,Stanford Bunny,E3,35947,A5b_robust_frame_morton,robust_frame_morton,C0_uniform,uniform,35947,35947,D0,clean,4,det_mcd,all,0.888304585008882,1439398c69ccc97bf56d0d920539561f8ae58dfa33de05dd325502e9e0d20642,10 10 10,False,0.0015218322655620301,0.006081343877371209,0.005225522874160357,,exact,0.005225522874160357,35947,exact,2.0014809988562656e-16,,exact,2.0014809988562656e-16,35947,exact,0.7570450941664116,exact,0.7570450941664116,35947,exact,304136.0,0.01762893082808661,0.03798176011840551,2881237,171247,0.05943523562969655,ok,1.0,0.0
table_2_dataset_summary,stanford_bunny,Stanford Bunny,E3,35947,A5b_robust_frame_morton,robust_frame_morton,C1_monotone_half,monotone_half,35947,35947,D0,clean,0,det_mcd,all,0.8834515509661287,0cfe86b3ce90ae549406f74bece9d2bde0017d517e0bd5d0c977b24af105374a,10 4 1,False,0.004471068805847522,0.017866691042790196,0.0017492338587533386,,exact,0.0017492338587533386,35947,exact,2.0014809988562656e-16,,exact,2.0014809988562656e-16,35947,exact,0.25845341753136564,exact,0.25845341753136564,35947,exact,305600.0,0.06627704902284304,0.09762014529160669,2796791,169928,0.06075820467099615,ok,1.0,0.0
table_2_dataset_summary,stanford_bunny,Stanford Bunny,E3,35947,A5b_robust_frame_morton,robust_frame_morton,C1_monotone_half,monotone_half,35947,35947,D0,clean,1,det_mcd,all,0.8981955220224336,0cfe86b3ce90ae549406f74bece9d2bde0017d517e0bd5d0c977b24af105374a,10 4 1,False,0.004471068805847522,0.017866691042790196,0.0017492338587533386,,exact,0.0017492338587533386,35947,exact,2.0014809988562656e-16,,exact,2.0014809988562656e-16,35947,exact,0.25845341753136564,exact,0.25845341753136564,35947,exact,306964.0,0.06627704902284304,0.09762014529160669,2579380,171549,0.06650784297001605,ok,1.0,0.0
table_2_dataset_summary,stanford_bunny,Stanford Bunny,E3,35947,A5b_robust_frame_morton,robust_frame_morton,C1_monotone_half,monotone_half,35947,35947,D0,clean,2,det_mcd,all,0.9003424079855904,0cfe86b3ce90ae549406f74bece9d2bde0017d517e0bd5d0c977b24af105374a,10 4 1,False,0.004471068805847522,0.017866691042790196,0.0017492338587533386,,exact,0.0017492338587533386,35947,exact,2.0014809988562656e-16,,exact,2.0014809988562656e-16,35947,exact,0.25845341753136564,exact,0.25845341753136564,35947,exact,308336.0,0.06627704902284304,0.09762014529160669,3100718,162961,0.05255589189342597,ok,1.0,0.0
table_2_dataset_summary,stanford_bunny,Stanford Bunny,E3,35947,A5b_robust_frame_morton,robust_frame_morton,C1_monotone_half,monotone_half,35947,35947,D0,clean,3,det_mcd,all,0.8842038409784436,0cfe86b3ce90ae549406f74bece9d2bde0017d517e0bd5d0c977b24af105374a,10 4 1,False,0.004471068805847522,0.017866691042790196,0.0017492338587533386,,exact,0.0017492338587533386,35947,exact,2.0014809988562656e-16,,exact,2.0014809988562656e-16,35947,exact,0.25845341753136564,exact,0.25845341753136564,35947,exact,309840.0,0.06627704902284304,0.09762014529160669,3050815,168301,0.05516591468181453,ok,1.0,0.0
table_2_dataset_summary,stanford_bunny,Stanford Bunny,E3,35947,A5b_robust_frame_morton,robust_frame_morton,C1_monotone_half,monotone_half,35947,35947,D0,clean,4,det_mcd,all,0.8959116139449179,0cfe86b3ce90ae549406f74bece9d2bde0017d517e0bd5d0c977b24af105374a,10 4 1,False,0.004471068805847522,0.017866691042790196,0.0017492338587533386,,exact,0.0017492338587533386,35947,exact,2.0014809988562656e-16,,exact,2.0014809988562656e-16,35947,exact,0.25845341753136564,exact,0.25845341753136564,35947,exact,311520.0,0.06627704902284304,0.09762014529160669,2538090,169101,0.06662529697528456,ok,1.0,0.0
table_2_dataset_summary,stanford_bunny,Stanford Bunny,E3,35947,A5b_robust_frame_morton,robust_frame_morton,C2_occupancy_floor1,occupancy_floor1,35947,35947,D0,clean,0,det_mcd,all,0.892818360007368,507b3f3b1c492c43064e766fab0d1acf9b85e2ecc9a01387c4ba57469ddb197b,6 6 5,False,0.0014928623296461357,0.00596557806901197,0.004280181771868321,,exact,0.004280181771868321,35947,exact,2.0014809988562656e-16,,exact,2.0014809988562656e-16,35947,exact,0.7617777561409853,exact,0.7617777561409853,35947,exact,312800.0,0.016382439799242993,0.035376592233023245,2751660,168954,0.06140075445367524,ok,1.0,0.0
table_2_dataset_summary,stanford_bunny,Stanford Bunny,E3,35947,A5b_robust_frame_morton,robust_frame_morton,C2_occupancy_floor1,occupancy_floor1,35947,35947,D0,clean,1,det_mcd,all,0.8960899380035698,507b3f3b1c492c43064e766fab0d1acf9b85e2ecc9a01387c4ba57469ddb197b,6 6 5,False,0.0014928623296461357,0.00596557806901197,0.004280181771868321,,exact,0.004280181771868321,35947,exact,2.0014809988562656e-16,,exact,2.0014809988562656e-16,35947,exact,0.7617777561409853,exact,0.7617777561409853,35947,exact,314080.0,0.016382439799242993,0.035376592233023245,2835563,169544,0.05979200603195908,ok,1.0,0.0
table_2_dataset_summary,stanford_bunny,Stanford Bunny,E3,35947,A5b_robust_frame_morton,robust_frame_morton,C2_occupancy_floor1,occupancy_floor1,35947,35947,D0,clean,2,det_mcd,all,0.8837625309824944,507b3f3b1c492c43064e766fab0d1acf9b85e2ecc9a01387c4ba57469ddb197b,6 6 5,False,0.0014928623296461357,0.00596557806901197,0.004280181771868321,,exact,0.004280181771868321,35947,exact,2.0014809988562656e-16,,exact,2.0014809988562656e-16,35947,exact,0.7617777561409853,exact,0.7617777561409853,35947,exact,315616.0,0.016382439799242993,0.035376592233023245,2833175,171820,0.0606457419679335,ok,1.0,0.0
table_2_dataset_summary,stanford_bunny,Stanford Bunny,E3,35947,A5b_robust_frame_morton,robust_frame_morton,C2_occupancy_floor1,occupancy_floor1,35947,35947,D0,clean,3,det_mcd,all,0.8807696079602465,507b3f3b1c492c43064e766fab0d1acf9b85e2ecc9a01387c4ba57469ddb197b,6 6 5,False,0.0014928623296461357,0.00596557806901197,0.004280181771868321,,exact,0.004280181771868321,35947,exact,2.0014809988562656e-16,,exact,2.0014809988562656e-16,35947,exact,0.7617777561409853,exact,0.7617777561409853,35947,exact,316896.0,0.016382439799242993,0.035376592233023245,2507944,166425,0.06635913720561544,ok,1.0,0.0
table_2_dataset_summary,stanford_bunny,Stanford Bunny,E3,35947,A5b_robust_frame_morton,robust_frame_morton,C2_occupancy_floor1,occupancy_floor1,35947,35947,D0,clean,4,det_mcd,all,0.883628292940557,507b3f3b1c492c43064e766fab0d1acf9b85e2ecc9a01387c4ba57469ddb197b,6 6 5,False,0.0014928623296461357,0.00596557806901197,0.004280181771868321,,exact,0.004280181771868321,35947,exact,2.0014809988562656e-16,,exact,2.0014809988562656e-16,35947,exact,0.7617777561409853,exact,0.7617777561409853,35947,exact,318348.0,0.016382439799242993,0.035376592233023245,2953242,161319,0.05462437551680492,ok,1.0,0.0
table_2_dataset_summary,stanford_bunny,Stanford Bunny,E3,35947,A5b_robust_frame_morton,robust_frame_morton,C3_frame_core_occupancy,frame_core_occupancy,35947,35947,D0,clean,0,det_mcd,all,0.899449598044157,e05f205a703ad1cb85afba78d0ac9ae433b2bf58e4e60c1598f7604e544b40a7,6 5 5,False,0.0015067607475018235,0.006021117079614179,0.0016160321992667454,,exact,0.0016160321992667454,35947,exact,2.0014809988562656e-16,,exact,2.0014809988562656e-16,35947,exact,0.7589159039697332,exact,0.7589159039697332,35947,exact,319676.0,0.01651001737698584,0.035439781707262245,3106903,175298,0.056422102653349654,ok,1.0,0.0
table_2_dataset_summary,stanford_bunny,Stanford Bunny,E3,35947,A5b_robust_frame_morton,robust_frame_morton,C3_frame_core_occupancy,frame_core_occupancy,35947,35947,D0,clean,1,det_mcd,all,0.8959290120983496,e05f205a703ad1cb85afba78d0ac9ae433b2bf58e4e60c1598f7604e544b40a7,6 5 5,False,0.0015067607475018235,0.006021117079614179,0.0016160321992667454,,exact,0.0016160321992667454,35947,exact,2.0014809988562656e-16,,exact,2.0014809988562656e-16,35947,exact,0.7589159039697332,exact,0.7589159039697332,35947,exact,321436.0,0.01651001737698584,0.035439781707262245,2847425,161413,0.05668735787597566,ok,1.0,0.0
table_2_dataset_summary,stanford_bunny,Stanford Bunny,E3,35947,A5b_robust_frame_morton,robust_frame_morton,C3_frame_core_occupancy,frame_core_occupancy,35947,35947,D0,clean,2,det_mcd,all,0.8934641449013725,e05f205a703ad1cb85afba78d0ac9ae433b2bf58e4e60c1598f7604e544b40a7,6 5 5,False,0.0015067607475018235,0.006021117079614179,0.0016160321992667454,,exact,0.0016160321992667454,35947,exact,2.0014809988562656e-16,,exact,2.0014809988562656e-16,35947,exact,0.7589159039697332,exact,0.7589159039697332,35947,exact,322824.0,0.01651001737698584,0.035439781707262245,3159253,177426,0.05616074432785219,ok,1.0,0.0
table_2_dataset_summary,stanford_bunny,Stanford Bunny,E3,35947,A5b_robust_frame_morton,robust_frame_morton,C3_frame_core_occupancy,frame_core_occupancy,35947,35947,D0,clean,3,det_mcd,all,0.8978365650400519,e05f205a703ad1cb85afba78d0ac9ae433b2bf58e4e60c1598f7604e544b40a7,6 5 5,False,0.0015067607475018235,0.006021117079614179,0.0016160321992667454,,exact,0.0016160321992667454,35947,exact,2.0014809988562656e-16,,exact,2.0014809988562656e-16,35947,exact,0.7589159039697332,exact,0.7589159039697332,35947,exact,324592.0,0.01651001737698584,0.035439781707262245,2487377,158962,0.0639074816563794,ok,1.0,0.0
table_2_dataset_summary,stanford_bunny,Stanford Bunny,E3,35947,A5b_robust_frame_morton,robust_frame_morton,C3_frame_core_occupancy,frame_core_occupancy,35947,35947,D0,clean,4,det_mcd,all,0.8885786309838295,e05f205a703ad1cb85afba78d0ac9ae433b2bf58e4e60c1598f7604e544b40a7,6 5 5,False,0.0015067607475018235,0.006021117079614179,0.0016160321992667454,,exact,0.0016160321992667454,35947,exact,2.0014809988562656e-16,,exact,2.0014809988562656e-16,35947,exact,0.7589159039697332,exact,0.7589159039697332,35947,exact,326128.0,0.01651001737698584,0.035439781707262245,2541832,171556,0.0674930522552238,ok,1.0,0.0
table_2_dataset_summary,stanford_bunny,Stanford Bunny,E3,35947,A5b_robust_frame_morton,robust_frame_morton,C4_hybrid,hybrid_occupancy,35947,35947,D0,clean,0,det_mcd,all,0.8799911490641534,507b3f3b1c492c43064e766fab0d1acf9b85e2ecc9a01387c4ba57469ddb197b,6 6 5,False,0.0014928623296461357,0.00596557806901197,0.004280181771868321,,exact,0.004280181771868321,35947,exact,2.0014809988562656e-16,,exact,2.0014809988562656e-16,35947,exact,0.7617777561409853,exact,0.7617777561409853,35947,exact,327664.0,0.016382439799242993,0.035376592233023245,2850775,173287,0.06078592663398549,ok,1.0,0.0
table_2_dataset_summary,stanford_bunny,Stanford Bunny,E3,35947,A5b_robust_frame_morton,robust_frame_morton,C4_hybrid,hybrid_occupancy,35947,35947,D0,clean,1,det_mcd,all,0.9040963869774714,507b3f3b1c492c43064e766fab0d1acf9b85e2ecc9a01387c4ba57469ddb197b,6 6 5,False,0.0014928623296461357,0.00596557806901197,0.004280181771868321,,exact,0.004280181771868321,35947,exact,2.0014809988562656e-16,,exact,2.0014809988562656e-16,35947,exact,0.7617777561409853,exact,0.7617777561409853,35947,exact,328688.0,0.016382439799242993,0.035376592233023245,2872468,169540,0.05902241556737969,ok,1.0,0.0
table_2_dataset_summary,stanford_bunny,Stanford Bunny,E3,35947,A5b_robust_frame_morton,robust_frame_morton,C4_hybrid,hybrid_occupancy,35947,35947,D0,clean,2,det_mcd,all,0.8847396990749985,507b3f3b1c492c43064e766fab0d1acf9b85e2ecc9a01387c4ba57469ddb197b,6 6 5,False,0.0014928623296461357,0.00596557806901197,0.004280181771868321,,exact,0.004280181771868321,35947,exact,2.0014809988562656e-16,,exact,2.0014809988562656e-16,35947,exact,0.7617777561409853,exact,0.7617777561409853,35947,exact,330140.0,0.016382439799242993,0.035376592233023245,2976895,166509,0.05593378335480425,ok,1.0,0.0
table_2_dataset_summary,stanford_bunny,Stanford Bunny,E3,35947,A5b_robust_frame_morton,robust_frame_morton,C4_hybrid,hybrid_occupancy,35947,35947,D0,clean,3,det_mcd,all,0.8928632360184565,507b3f3b1c492c43064e766fab0d1acf9b85e2ecc9a01387c4ba57469ddb197b,6 6 5,False,0.0014928623296461357,0.00596557806901197,0.004280181771868321,,exact,0.004280181771868321,35947,exact,2.0014809988562656e-16,,exact,2.0014809988562656e-16,35947,exact,0.7617777561409853,exact,0.7617777561409853,35947,exact,331720.0,0.016382439799242993,0.035376592233023245,2509729,170330,0.0678678853374209,ok,1.0,0.0
table_2_dataset_summary,stanford_bunny,Stanford Bunny,E3,35947,A5b_robust_frame_morton,robust_frame_morton,C4_hybrid,hybrid_occupancy,35947,35947,D0,clean,4,det_mcd,all,0.8897769449977204,507b3f3b1c492c43064e766fab0d1acf9b85e2ecc9a01387c4ba57469ddb197b,6 6 5,False,0.0014928623296461357,0.00596557806901197,0.004280181771868321,,exact,0.004280181771868321,35947,exact,2.0014809988562656e-16,,exact,2.0014809988562656e-16,35947,exact,0.7617777561409853,exact,0.7617777561409853,35947,exact,332868.0,0.016382439799242993,0.035376592233023245,2901890,174779,0.06022936775687569,ok,1.0,0.0
table_2_dataset_summary,stanford_bunny,Stanford Bunny,E3,35947,A6_rch,rch,C0_uniform,uniform,35947,35947,D0,clean,0,det_mcd,all,0.8825044740224257,05960f20aacc31d2104510fd4d3d56fc957adf4b4bf528a93ad958e5b054acff,10 10 10,False,0.0014197091529299926,0.005673253064870548,0.0010237708517604619,,exact,0.0010237708517604619,35947,exact,2.0014809988562656e-16,,exact,2.0014809988562656e-16,35947,exact,0.7735103068406265,exact,0.7735103068406265,35947,exact,334548.0,0.014398220804387825,0.027700611628673467,2821186,170819,0.060548648688884744,ok,1.0,0.0
table_2_dataset_summary,stanford_bunny,Stanford Bunny,E3,35947,A6_rch,rch,C0_uniform,uniform,35947,35947,D0,clean,1,det_mcd,all,0.881400185986422,05960f20aacc31d2104510fd4d3d56fc957adf4b4bf528a93ad958e5b054acff,10 10 10,False,0.0014197091529299926,0.005673253064870548,0.0010237708517604619,,exact,0.0010237708517604619,35947,exact,2.0014809988562656e-16,,exact,2.0014809988562656e-16,35947,exact,0.7735103068406265,exact,0.7735103068406265,35947,exact,335612.0,0.014398220804387825,0.027700611628673467,2939285,172809,0.05879286969450053,ok,1.0,0.0
table_2_dataset_summary,stanford_bunny,Stanford Bunny,E3,35947,A6_rch,rch,C0_uniform,uniform,35947,35947,D0,clean,2,det_mcd,all,0.8898842219496146,05960f20aacc31d2104510fd4d3d56fc957adf4b4bf528a93ad958e5b054acff,10 10 10,False,0.0014197091529299926,0.005673253064870548,0.0010237708517604619,,exact,0.0010237708517604619,35947,exact,2.0014809988562656e-16,,exact,2.0014809988562656e-16,35947,exact,0.7735103068406265,exact,0.7735103068406265,35947,exact,337540.0,0.014398220804387825,0.027700611628673467,2782858,164157,0.058988636861816164,ok,1.0,0.0
table_2_dataset_summary,stanford_bunny,Stanford Bunny,E3,35947,A6_rch,rch,C0_uniform,uniform,35947,35947,D0,clean,3,det_mcd,all,0.9002807879587635,05960f20aacc31d2104510fd4d3d56fc957adf4b4bf528a93ad958e5b054acff,10 10 10,False,0.0014197091529299926,0.005673253064870548,0.0010237708517604619,,exact,0.0010237708517604619,35947,exact,2.0014809988562656e-16,,exact,2.0014809988562656e-16,35947,exact,0.7735103068406265,exact,0.7735103068406265,35947,exact,339076.0,0.014398220804387825,0.027700611628673467,2477367,161865,0.06533751357792365,ok,1.0,0.0
table_2_dataset_summary,stanford_bunny,Stanford Bunny,E3,35947,A6_rch,rch,C0_uniform,uniform,35947,35947,D0,clean,4,det_mcd,all,0.8808908109785989,05960f20aacc31d2104510fd4d3d56fc957adf4b4bf528a93ad958e5b054acff,10 10 10,False,0.0014197091529299926,0.005673253064870548,0.0010237708517604619,,exact,0.0010237708517604619,35947,exact,2.0014809988562656e-16,,exact,2.0014809988562656e-16,35947,exact,0.7735103068406265,exact,0.7735103068406265,35947,exact,340100.0,0.014398220804387825,0.027700611628673467,3193256,164654,0.05156304411547336,ok,1.0,0.0
table_2_dataset_summary,stanford_bunny,Stanford Bunny,E3,35947,A6_rch,rch,C1_monotone_half,monotone_half,35947,35947,D0,clean,0,det_mcd,all,0.9011674739886075,2f135b6fd561bfa487f506813c581b226e07ea89ffcab723245efb29c887cca4,10 4 1,False,0.004280189141073278,0.01710392309065927,0.0009495274390387115,,exact,0.0009495274390387115,35947,exact,2.0014809988562656e-16,,exact,2.0014809988562656e-16,35947,exact,0.27163949703730494,exact,0.27163949703730494,35947,exact,341548.0,0.061910290725611127,0.09583399405482378,2594903,175276,0.06754626280828224,ok,1.0,0.0
table_2_dataset_summary,stanford_bunny,Stanford Bunny,E3,35947,A6_rch,rch,C1_monotone_half,monotone_half,35947,35947,D0,clean,1,det_mcd,all,0.8563753990456462,2f135b6fd561bfa487f506813c581b226e07ea89ffcab723245efb29c887cca4,10 4 1,False,0.004280189141073278,0.01710392309065927,0.0009495274390387115,,exact,0.0009495274390387115,35947,exact,2.0014809988562656e-16,,exact,2.0014809988562656e-16,35947,exact,0.27163949703730494,exact,0.27163949703730494,35947,exact,342876.0,0.061910290725611127,0.09583399405482378,2847412,185207,0.06504397677610406,ok,1.0,0.0
table_2_dataset_summary,stanford_bunny,Stanford Bunny,E3,35947,A6_rch,rch,C1_monotone_half,monotone_half,35947,35947,D0,clean,2,det_mcd,all,0.8995615830644965,2f135b6fd561bfa487f506813c581b226e07ea89ffcab723245efb29c887cca4,10 4 1,False,0.004280189141073278,0.01710392309065927,0.0009495274390387115,,exact,0.0009495274390387115,35947,exact,2.0014809988562656e-16,,exact,2.0014809988562656e-16,35947,exact,0.27163949703730494,exact,0.27163949703730494,35947,exact,344164.0,0.061910290725611127,0.09583399405482378,2819345,173362,0.06149016881580651,ok,1.0,0.0
table_2_dataset_summary,stanford_bunny,Stanford Bunny,E3,35947,A6_rch,rch,C1_monotone_half,monotone_half,35947,35947,D0,clean,3,det_mcd,all,0.9104964849539101,2f135b6fd561bfa487f506813c581b226e07ea89ffcab723245efb29c887cca4,10 4 1,False,0.004280189141073278,0.01710392309065927,0.0009495274390387115,,exact,0.0009495274390387115,35947,exact,2.0014809988562656e-16,,exact,2.0014809988562656e-16,35947,exact,0.27163949703730494,exact,0.27163949703730494,35947,exact,345716.0,0.061910290725611127,0.09583399405482378,3228195,183045,0.05670196502999354,ok,1.0,0.0
table_2_dataset_summary,stanford_bunny,Stanford Bunny,E3,35947,A6_rch,rch,C1_monotone_half,monotone_half,35947,35947,D0,clean,4,det_mcd,all,0.8895394040737301,2f135b6fd561bfa487f506813c581b226e07ea89ffcab723245efb29c887cca4,10 4 1,False,0.004280189141073278,0.01710392309065927,0.0009495274390387115,,exact,0.0009495274390387115,35947,exact,2.0014809988562656e-16,,exact,2.0014809988562656e-16,35947,exact,0.27163949703730494,exact,0.27163949703730494,35947,exact,346868.0,0.061910290725611127,0.09583399405482378,2480064,173672,0.07002722510386829,ok,1.0,0.0
table_2_dataset_summary,stanford_bunny,Stanford Bunny,E3,35947,A6_rch,rch,C2_occupancy_floor1,occupancy_floor1,35947,35947,D0,clean,0,det_mcd,all,0.900952766998671,f73bb2c75891741fcc3dac7be79c0b23a940b54606f72ff094d450d2721bda30,6 6 5,False,0.001409045956426952,0.0056306422159390305,0.00031672492622437655,,exact,0.00031672492622437655,35947,exact,2.0014809988562656e-16,,exact,2.0014809988562656e-16,35947,exact,0.7794774250980611,exact,0.7794774250980611,35947,exact,348528.0,0.01416169443595392,0.027812017383828887,2730928,173074,0.06337552656093459,ok,1.0,0.0
table_2_dataset_summary,stanford_bunny,Stanford Bunny,E3,35947,A6_rch,rch,C2_occupancy_floor1,occupancy_floor1,35947,35947,D0,clean,1,det_mcd,all,0.8949539329623803,f73bb2c75891741fcc3dac7be79c0b23a940b54606f72ff094d450d2721bda30,6 6 5,False,0.001409045956426952,0.0056306422159390305,0.00031672492622437655,,exact,0.00031672492622437655,35947,exact,2.0014809988562656e-16,,exact,2.0014809988562656e-16,35947,exact,0.7794774250980611,exact,0.7794774250980611,35947,exact,349896.0,0.01416169443595392,0.027812017383828887,2677122,174852,0.06531342239912862,ok,1.0,0.0
table_2_dataset_summary,stanford_bunny,Stanford Bunny,E3,35947,A6_rch,rch,C2_occupancy_floor1,occupancy_floor1,35947,35947,D0,clean,2,det_mcd,all,0.886593398055993,f73bb2c75891741fcc3dac7be79c0b23a940b54606f72ff094d450d2721bda30,6 6 5,False,0.001409045956426952,0.0056306422159390305,0.00031672492622437655,,exact,0.00031672492622437655,35947,exact,2.0014809988562656e-16,,exact,2.0014809988562656e-16,35947,exact,0.7794774250980611,exact,0.7794774250980611,35947,exact,351432.0,0.01416169443595392,0.027812017383828887,2722122,172809,0.06348319436086994,ok,1.0,0.0
table_2_dataset_summary,stanford_bunny,Stanford Bunny,E3,35947,A6_rch,rch,C2_occupancy_floor1,occupancy_floor1,35947,35947,D0,clean,3,det_mcd,all,0.8839152209693566,f73bb2c75891741fcc3dac7be79c0b23a940b54606f72ff094d450d2721bda30,6 6 5,False,0.001409045956426952,0.0056306422159390305,0.00031672492622437655,,exact,0.00031672492622437655,35947,exact,2.0014809988562656e-16,,exact,2.0014809988562656e-16,35947,exact,0.7794774250980611,exact,0.7794774250980611,35947,exact,352712.0,0.01416169443595392,0.027812017383828887,2798766,173037,0.06182617625053327,ok,1.0,0.0
table_2_dataset_summary,stanford_bunny,Stanford Bunny,E3,35947,A6_rch,rch,C2_occupancy_floor1,occupancy_floor1,35947,35947,D0,clean,4,det_mcd,all,0.8902798999333754,f73bb2c75891741fcc3dac7be79c0b23a940b54606f72ff094d450d2721bda30,6 6 5,False,0.001409045956426952,0.0056306422159390305,0.00031672492622437655,,exact,0.00031672492622437655,35947,exact,2.0014809988562656e-16,,exact,2.0014809988562656e-16,35947,exact,0.7794774250980611,exact,0.7794774250980611,35947,exact,354248.0,0.01416169443595392,0.027812017383828887,2389241,169820,0.07107696544634887,ok,1.0,0.0
table_2_dataset_summary,stanford_bunny,Stanford Bunny,E3,35947,A6_rch,rch,C3_frame_core_occupancy,frame_core_occupancy,35947,35947,D0,clean,0,det_mcd,all,0.8943859980208799,a8baf199857540f8af0419e3c47ea1a1bec4ce80811a37321bbf9fa5e500c4ed,6 5 5,False,0.0014029548410237104,0.005606301709956799,0.0005572076679898791,,exact,0.0005572076679898791,35947,exact,2.0014809988562656e-16,,exact,2.0014809988562656e-16,35947,exact,0.7806423345480846,exact,0.7806423345480846,35947,exact,355528.0,0.013765788196435898,0.026755552092416257,2649916,173023,0.0652937678024511,ok,1.0,0.0
table_2_dataset_summary,stanford_bunny,Stanford Bunny,E3,35947,A6_rch,rch,C3_frame_core_occupancy,frame_core_occupancy,35947,35947,D0,clean,1,det_mcd,all,0.8795090049970895,a8baf199857540f8af0419e3c47ea1a1bec4ce80811a37321bbf9fa5e500c4ed,6 5 5,False,0.0014029548410237104,0.005606301709956799,0.0005572076679898791,,exact,0.0005572076679898791,35947,exact,2.0014809988562656e-16,,exact,2.0014809988562656e-16,35947,exact,0.7806423345480846,exact,0.7806423345480846,35947,exact,356740.0,0.013765788196435898,0.026755552092416257,2870535,177047,0.06167735282795716,ok,1.0,0.0
table_2_dataset_summary,stanford_bunny,Stanford Bunny,E3,35947,A6_rch,rch,C3_frame_core_occupancy,frame_core_occupancy,35947,35947,D0,clean,2,det_mcd,all,0.8954314490547404,a8baf199857540f8af0419e3c47ea1a1bec4ce80811a37321bbf9fa5e500c4ed,6 5 5,False,0.0014029548410237104,0.005606301709956799,0.0005572076679898791,,exact,0.0005572076679898791,35947,exact,2.0014809988562656e-16,,exact,2.0014809988562656e-16,35947,exact,0.7806423345480846,exact,0.7806423345480846,35947,exact,358240.0,0.013765788196435898,0.026755552092416257,2820668,178433,0.06325912868866523,ok,1.0,0.0
table_2_dataset_summary,stanford_bunny,Stanford Bunny,E3,35947,A6_rch,rch,C3_frame_core_occupancy,frame_core_occupancy,35947,35947,D0,clean,3,det_mcd,all,0.8890975710237399,a8baf199857540f8af0419e3c47ea1a1bec4ce80811a37321bbf9fa5e500c4ed,6 5 5,False,0.0014029548410237104,0.005606301709956799,0.0005572076679898791,,exact,0.0005572076679898791,35947,exact,2.0014809988562656e-16,,exact,2.0014809988562656e-16,35947,exact,0.7806423345480846,exact,0.7806423345480846,35947,exact,359892.0,0.013765788196435898,0.026755552092416257,2673845,170684,0.06383466506098895,ok,1.0,0.0
table_2_dataset_summary,stanford_bunny,Stanford Bunny,E3,35947,A6_rch,rch,C3_frame_core_occupancy,frame_core_occupancy,35947,35947,D0,clean,4,det_mcd,all,0.8953723140293732,a8baf199857540f8af0419e3c47ea1a1bec4ce80811a37321bbf9fa5e500c4ed,6 5 5,False,0.0014029548410237104,0.005606301709956799,0.0005572076679898791,,exact,0.0005572076679898791,35947,exact,2.0014809988562656e-16,,exact,2.0014809988562656e-16,35947,exact,0.7806423345480846,exact,0.7806423345480846,35947,exact,361112.0,0.013765788196435898,0.026755552092416257,3009699,184762,0.06138886313880557,ok,1.0,0.0
table_2_dataset_summary,stanford_bunny,Stanford Bunny,E3,35947,A6_rch,rch,C4_hybrid,hybrid_occupancy,35947,35947,D0,clean,0,det_mcd,all,0.8918573159025982,f73bb2c75891741fcc3dac7be79c0b23a940b54606f72ff094d450d2721bda30,6 6 5,False,0.001409045956426952,0.0056306422159390305,0.00031672492622437655,,exact,0.00031672492622437655,35947,exact,2.0014809988562656e-16,,exact,2.0014809988562656e-16,35947,exact,0.7794774250980611,exact,0.7794774250980611,35947,exact,362544.0,0.01416169443595392,0.027812017383828887,3061810,169967,0.05551193575042213,ok,1.0,0.0
table_2_dataset_summary,stanford_bunny,Stanford Bunny,E3,35947,A6_rch,rch,C4_hybrid,hybrid_occupancy,35947,35947,D0,clean,1,det_mcd,all,0.8866322789108381,f73bb2c75891741fcc3dac7be79c0b23a940b54606f72ff094d450d2721bda30,6 6 5,False,0.001409045956426952,0.0056306422159390305,0.00031672492622437655,,exact,0.00031672492622437655,35947,exact,2.0014809988562656e-16,,exact,2.0014809988562656e-16,35947,exact,0.7794774250980611,exact,0.7794774250980611,35947,exact,364344.0,0.01416169443595392,0.027812017383828887,2737407,169907,0.06206859264990555,ok,1.0,0.0
table_2_dataset_summary,stanford_bunny,Stanford Bunny,E3,35947,A6_rch,rch,C4_hybrid,hybrid_occupancy,35947,35947,D0,clean,2,det_mcd,all,0.8978940959786996,f73bb2c75891741fcc3dac7be79c0b23a940b54606f72ff094d450d2721bda30,6 6 5,False,0.001409045956426952,0.0056306422159390305,0.00031672492622437655,,exact,0.00031672492622437655,35947,exact,2.0014809988562656e-16,,exact,2.0014809988562656e-16,35947,exact,0.7794774250980611,exact,0.7794774250980611,35947,exact,366136.0,0.01416169443595392,0.027812017383828887,2667389,168190,0.06305417020164662,ok,1.0,0.0
table_2_dataset_summary,stanford_bunny,Stanford Bunny,E3,35947,A6_rch,rch,C4_hybrid,hybrid_occupancy,35947,35947,D0,clean,3,det_mcd,all,0.8762352959020063,f73bb2c75891741fcc3dac7be79c0b23a940b54606f72ff094d450d2721bda30,6 6 5,False,0.001409045956426952,0.0056306422159390305,0.00031672492622437655,,exact,0.00031672492622437655,35947,exact,2.0014809988562656e-16,,exact,2.0014809988562656e-16,35947,exact,0.7794774250980611,exact,0.7794774250980611,35947,exact,367160.0,0.01416169443595392,0.027812017383828887,3145899,167815,0.053344052049986344,ok,1.0,0.0
table_2_dataset_summary,stanford_bunny,Stanford Bunny,E3,35947,A6_rch,rch,C4_hybrid,hybrid_occupancy,35947,35947,D0,clean,4,det_mcd,all,0.9069378270069137,f73bb2c75891741fcc3dac7be79c0b23a940b54606f72ff094d450d2721bda30,6 6 5,False,0.001409045956426952,0.0056306422159390305,0.00031672492622437655,,exact,0.00031672492622437655,35947,exact,2.0014809988562656e-16,,exact,2.0014809988562656e-16,35947,exact,0.7794774250980611,exact,0.7794774250980611,35947,exact,368732.0,0.01416169443595392,0.027812017383828887,2542666,171953,0.0676270497186811,ok,1.0,0.0
table_2_dataset_summary,stanford_bunny,Stanford Bunny,E3,35947,A6_rch_b2_mrcd,rch,C0_uniform,uniform,35947,35947,D0,clean,0,mrcd,all,0.9086386340204626,8ff9d743c4379234317cf49dd36b18ceafbb037cc5a403574cfb4bfeb643c445,10 10 10,False,0.0014197738016131637,0.005673511405347668,0.0010237708517604619,,exact,0.0010237708517604619,35947,exact,2.0014809988562656e-16,,exact,2.0014809988562656e-16,35947,exact,0.7735172615239102,exact,0.7735172615239102,35947,exact,369912.0,0.01439681358080032,0.027700611628673467,2792006,167884,0.060130243273116175,ok,1.0,0.0
table_2_dataset_summary,stanford_bunny,Stanford Bunny,E3,35947,A6_rch_b2_mrcd,rch,C0_uniform,uniform,35947,35947,D0,clean,1,mrcd,all,0.9237843840382993,8ff9d743c4379234317cf49dd36b18ceafbb037cc5a403574cfb4bfeb643c445,10 10 10,False,0.0014197738016131637,0.005673511405347668,0.0010237708517604619,,exact,0.0010237708517604619,35947,exact,2.0014809988562656e-16,,exact,2.0014809988562656e-16,35947,exact,0.7735172615239102,exact,0.7735172615239102,35947,exact,371428.0,0.01439681358080032,0.027700611628673467,3105739,166482,0.0536046332289996,ok,1.0,0.0
table_2_dataset_summary,stanford_bunny,Stanford Bunny,E3,35947,A6_rch_b2_mrcd,rch,C0_uniform,uniform,35947,35947,D0,clean,2,mrcd,all,0.917581556015648,8ff9d743c4379234317cf49dd36b18ceafbb037cc5a403574cfb4bfeb643c445,10 10 10,False,0.0014197738016131637,0.005673511405347668,0.0010237708517604619,,exact,0.0010237708517604619,35947,exact,2.0014809988562656e-16,,exact,2.0014809988562656e-16,35947,exact,0.7735172615239102,exact,0.7735172615239102,35947,exact,373092.0,0.01439681358080032,0.027700611628673467,2987507,175387,0.05870680805099369,ok,1.0,0.0
table_2_dataset_summary,stanford_bunny,Stanford Bunny,E3,35947,A6_rch_b2_mrcd,rch,C0_uniform,uniform,35947,35947,D0,clean,3,mrcd,all,0.9219228980364278,8ff9d743c4379234317cf49dd36b18ceafbb037cc5a403574cfb4bfeb643c445,10 10 10,False,0.0014197738016131637,0.005673511405347668,0.0010237708517604619,,exact,0.0010237708517604619,35947,exact,2.0014809988562656e-16,,exact,2.0014809988562656e-16,35947,exact,0.7735172615239102,exact,0.7735172615239102,35947,exact,374588.0,0.01439681358080032,0.027700611628673467,4062223,167815,0.041311124475441156,ok,1.0,0.0
table_2_dataset_summary,stanford_bunny,Stanford Bunny,E3,35947,A6_rch_b2_mrcd,rch,C0_uniform,uniform,35947,35947,D0,clean,4,mrcd,all,0.9203745130216703,8ff9d743c4379234317cf49dd36b18ceafbb037cc5a403574cfb4bfeb643c445,10 10 10,False,0.0014197738016131637,0.005673511405347668,0.0010237708517604619,,exact,0.0010237708517604619,35947,exact,2.0014809988562656e-16,,exact,2.0014809988562656e-16,35947,exact,0.7735172615239102,exact,0.7735172615239102,35947,exact,375864.0,0.01439681358080032,0.027700611628673467,2881195,180054,0.06249281981955404,ok,1.0,0.0
table_2_dataset_summary,stanford_bunny,Stanford Bunny,E3,35947,A6_rch_b2_mrcd,rch,C1_monotone_half,monotone_half,35947,35947,D0,clean,0,mrcd,all,0.9166436908999458,3981809e0c6d8785fe8b3614874a29f9da996808c4617f138ab5e05c56a7244b,10 4 1,False,0.0042863116177797415,0.01712838891851412,0.0009495274390387115,,exact,0.0009495274390387115,35947,exact,2.0014809988562656e-16,,exact,2.0014809988562656e-16,35947,exact,0.27163949703730494,exact,0.27163949703730494,35947,exact,377652.0,0.06203925646868795,0.09595047047208732,2629968,190291,0.07235487275890809,ok,1.0,0.0
table_2_dataset_summary,stanford_bunny,Stanford Bunny,E3,35947,A6_rch_b2_mrcd,rch,C1_monotone_half,monotone_half,35947,35947,D0,clean,1,mrcd,all,0.9206287360284477,3981809e0c6d8785fe8b3614874a29f9da996808c4617f138ab5e05c56a7244b,10 4 1,False,0.0042863116177797415,0.01712838891851412,0.0009495274390387115,,exact,0.0009495274390387115,35947,exact,2.0014809988562656e-16,,exact,2.0014809988562656e-16,35947,exact,0.27163949703730494,exact,0.27163949703730494,35947,exact,378932.0,0.06203925646868795,0.09595047047208732,2449651,168115,0.0686281433559311,ok,1.0,0.0
table_2_dataset_summary,stanford_bunny,Stanford Bunny,E3,35947,A6_rch_b2_mrcd,rch,C1_monotone_half,monotone_half,35947,35947,D0,clean,2,mrcd,all,0.9059739910298958,3981809e0c6d8785fe8b3614874a29f9da996808c4617f138ab5e05c56a7244b,10 4 1,False,0.0042863116177797415,0.01712838891851412,0.0009495274390387115,,exact,0.0009495274390387115,35947,exact,2.0014809988562656e-16,,exact,2.0014809988562656e-16,35947,exact,0.27163949703730494,exact,0.27163949703730494,35947,exact,380212.0,0.06203925646868795,0.09595047047208732,2522167,189059,0.07495895394714149,ok,1.0,0.0
table_2_dataset_summary,stanford_bunny,Stanford Bunny,E3,35947,A6_rch_b2_mrcd,rch,C1_monotone_half,monotone_half,35947,35947,D0,clean,3,mrcd,all,0.9240616930183023,3981809e0c6d8785fe8b3614874a29f9da996808c4617f138ab5e05c56a7244b,10 4 1,False,0.0042863116177797415,0.01712838891851412,0.0009495274390387115,,exact,0.0009495274390387115,35947,exact,2.0014809988562656e-16,,exact,2.0014809988562656e-16,35947,exact,0.27163949703730494,exact,0.27163949703730494,35947,exact,381480.0,0.06203925646868795,0.09595047047208732,2536385,176054,0.06941138667828425,ok,1.0,0.0
table_2_dataset_summary,stanford_bunny,Stanford Bunny,E3,35947,A6_rch_b2_mrcd,rch,C1_monotone_half,monotone_half,35947,35947,D0,clean,4,mrcd,all,0.9197192708961666,3981809e0c6d8785fe8b3614874a29f9da996808c4617f138ab5e05c56a7244b,10 4 1,False,0.0042863116177797415,0.01712838891851412,0.0009495274390387115,,exact,0.0009495274390387115,35947,exact,2.0014809988562656e-16,,exact,2.0014809988562656e-16,35947,exact,0.27163949703730494,exact,0.27163949703730494,35947,exact,383260.0,0.06203925646868795,0.09595047047208732,2715730,174024,0.06408000795366255,ok,1.0,0.0
table_2_dataset_summary,stanford_bunny,Stanford Bunny,E3,35947,A6_rch_b2_mrcd,rch,C2_occupancy_floor1,occupancy_floor1,35947,35947,D0,clean,0,mrcd,all,0.9165542339906096,66591cd3f2832c92adb7f571f5ca4cbca75baa0434def50138b5d9f6d6471239,6 6 5,False,0.0014089644501370157,0.005630316511333807,0.00031672492622437655,,exact,0.00031672492622437655,35947,exact,2.0014809988562656e-16,,exact,2.0014809988562656e-16,35947,exact,0.7796304281303029,exact,0.7796304281303029,35947,exact,384904.0,0.014161955992990381,0.027812017383828887,3396581,199047,0.05860216494174583,ok,1.0,0.0
table_2_dataset_summary,stanford_bunny,Stanford Bunny,E3,35947,A6_rch_b2_mrcd,rch,C2_occupancy_floor1,occupancy_floor1,35947,35947,D0,clean,1,mrcd,all,0.9048469520639628,66591cd3f2832c92adb7f571f5ca4cbca75baa0434def50138b5d9f6d6471239,6 6 5,False,0.0014089644501370157,0.005630316511333807,0.00031672492622437655,,exact,0.00031672492622437655,35947,exact,2.0014809988562656e-16,,exact,2.0014809988562656e-16,35947,exact,0.7796304281303029,exact,0.7796304281303029,35947,exact,386216.0,0.014161955992990381,0.027812017383828887,2602553,174748,0.06714483816467906,ok,1.0,0.0
table_2_dataset_summary,stanford_bunny,Stanford Bunny,E3,35947,A6_rch_b2_mrcd,rch,C2_occupancy_floor1,occupancy_floor1,35947,35947,D0,clean,2,mrcd,all,0.9231427230406553,66591cd3f2832c92adb7f571f5ca4cbca75baa0434def50138b5d9f6d6471239,6 6 5,False,0.0014089644501370157,0.005630316511333807,0.00031672492622437655,,exact,0.00031672492622437655,35947,exact,2.0014809988562656e-16,,exact,2.0014809988562656e-16,35947,exact,0.7796304281303029,exact,0.7796304281303029,35947,exact,387484.0,0.014161955992990381,0.027812017383828887,2919140,166698,0.057105174811759626,ok,1.0,0.0
table_2_dataset_summary,stanford_bunny,Stanford Bunny,E3,35947,A6_rch_b2_mrcd,rch,C2_occupancy_floor1,occupancy_floor1,35947,35947,D0,clean,3,mrcd,all,0.9048168159788474,66591cd3f2832c92adb7f571f5ca4cbca75baa0434def50138b5d9f6d6471239,6 6 5,False,0.0014089644501370157,0.005630316511333807,0.00031672492622437655,,exact,0.00031672492622437655,35947,exact,2.0014809988562656e-16,,exact,2.0014809988562656e-16,35947,exact,0.7796304281303029,exact,0.7796304281303029,35947,exact,388988.0,0.014161955992990381,0.027812017383828887,2315822,165669,0.07153788158157233,ok,1.0,0.0
table_2_dataset_summary,stanford_bunny,Stanford Bunny,E3,35947,A6_rch_b2_mrcd,rch,C2_occupancy_floor1,occupancy_floor1,35947,35947,D0,clean,4,mrcd,all,0.9212069209897891,66591cd3f2832c92adb7f571f5ca4cbca75baa0434def50138b5d9f6d6471239,6 6 5,False,0.0014089644501370157,0.005630316511333807,0.00031672492622437655,,exact,0.00031672492622437655,35947,exact,2.0014809988562656e-16,,exact,2.0014809988562656e-16,35947,exact,0.7796304281303029,exact,0.7796304281303029,35947,exact,390640.0,0.014161955992990381,0.027812017383828887,2746685,172299,0.06272979974041436,ok,1.0,0.0
table_2_dataset_summary,stanford_bunny,Stanford Bunny,E3,35947,A6_rch_b2_mrcd,rch,C3_frame_core_occupancy,frame_core_occupancy,35947,35947,D0,clean,0,mrcd,all,0.909995571943,0a69893f39737451ec02dc781990fc7a13fa9b080cf95ba5f9229f1041911724,6 5 5,False,0.0014027296277705028,0.005605401742680845,0.0005572076679898791,,exact,0.0005572076679898791,35947,exact,2.0014809988562656e-16,,exact,2.0014809988562656e-16,35947,exact,0.780784905555401,exact,0.780784905555401,35947,exact,391664.0,0.013785312331160529,0.027001336231194186,2531039,170559,0.06738695057642335,ok,1.0,0.0
table_2_dataset_summary,stanford_bunny,Stanford Bunny,E3,35947,A6_rch_b2_mrcd,rch,C3_frame_core_occupancy,frame_core_occupancy,35947,35947,D0,clean,1,mrcd,all,0.9017590070143342,0a69893f39737451ec02dc781990fc7a13fa9b080cf95ba5f9229f1041911724,6 5 5,False,0.0014027296277705028,0.005605401742680845,0.0005572076679898791,,exact,0.0005572076679898791,35947,exact,2.0014809988562656e-16,,exact,2.0014809988562656e-16,35947,exact,0.780784905555401,exact,0.780784905555401,35947,exact,393196.0,0.013785312331160529,0.027001336231194186,2739875,176882,0.0645584196359323,ok,1.0,0.0
table_2_dataset_summary,stanford_bunny,Stanford Bunny,E3,35947,A6_rch_b2_mrcd,rch,C3_frame_core_occupancy,frame_core_occupancy,35947,35947,D0,clean,2,mrcd,all,0.9069069779943675,0a69893f39737451ec02dc781990fc7a13fa9b080cf95ba5f9229f1041911724,6 5 5,False,0.0014027296277705028,0.005605401742680845,0.0005572076679898791,,exact,0.0005572076679898791,35947,exact,2.0014809988562656e-16,,exact,2.0014809988562656e-16,35947,exact,0.780784905555401,exact,0.780784905555401,35947,exact,394288.0,0.013785312331160529,0.027001336231194186,2793204,169336,0.06062428666148265,ok,1.0,0.0
table_2_dataset_summary,stanford_bunny,Stanford Bunny,E3,35947,A6_rch_b2_mrcd,rch,C3_frame_core_occupancy,frame_core_occupancy,35947,35947,D0,clean,3,mrcd,all,0.9135347360279411,0a69893f39737451ec02dc781990fc7a13fa9b080cf95ba5f9229f1041911724,6 5 5,False,0.0014027296277705028,0.005605401742680845,0.0005572076679898791,,exact,0.0005572076679898791,35947,exact,2.0014809988562656e-16,,exact,2.0014809988562656e-16,35947,exact,0.780784905555401,exact,0.780784905555401,35947,exact,396340.0,0.013785312331160529,0.027001336231194186,2884845,160652,0.05568826054779373,ok,1.0,0.0
table_2_dataset_summary,stanford_bunny,Stanford Bunny,E3,35947,A6_rch_b2_mrcd,rch,C3_frame_core_occupancy,frame_core_occupancy,35947,35947,D0,clean,4,mrcd,all,0.9187965319724753,0a69893f39737451ec02dc781990fc7a13fa9b080cf95ba5f9229f1041911724,6 5 5,False,0.0014027296277705028,0.005605401742680845,0.0005572076679898791,,exact,0.0005572076679898791,35947,exact,2.0014809988562656e-16,,exact,2.0014809988562656e-16,35947,exact,0.780784905555401,exact,0.780784905555401,35947,exact,397428.0,0.013785312331160529,0.027001336231194186,2535782,184276,0.07267028474845236,ok,1.0,0.0
table_2_dataset_summary,stanford_bunny,Stanford Bunny,E3,35947,A6_rch_b2_mrcd,rch,C4_hybrid,hybrid_occupancy,35947,35947,D0,clean,0,mrcd,all,0.9193069299217314,66591cd3f2832c92adb7f571f5ca4cbca75baa0434def50138b5d9f6d6471239,6 6 5,False,0.0014089644501370157,0.005630316511333807,0.00031672492622437655,,exact,0.00031672492622437655,35947,exact,2.0014809988562656e-16,,exact,2.0014809988562656e-16,35947,exact,0.7796304281303029,exact,0.7796304281303029,35947,exact,399188.0,0.014161955992990381,0.027812017383828887,2834611,176356,0.06221523870471116,ok,1.0,0.0
table_2_dataset_summary,stanford_bunny,Stanford Bunny,E3,35947,A6_rch_b2_mrcd,rch,C4_hybrid,hybrid_occupancy,35947,35947,D0,clean,1,mrcd,all,0.9177312930114567,66591cd3f2832c92adb7f571f5ca4cbca75baa0434def50138b5d9f6d6471239,6 6 5,False,0.0014089644501370157,0.005630316511333807,0.00031672492622437655,,exact,0.00031672492622437655,35947,exact,2.0014809988562656e-16,,exact,2.0014809988562656e-16,35947,exact,0.7796304281303029,exact,0.7796304281303029,35947,exact,400256.0,0.014161955992990381,0.027812017383828887,2425522,166945,0.06882848310590463,ok,1.0,0.0
table_2_dataset_summary,stanford_bunny,Stanford Bunny,E3,35947,A6_rch_b2_mrcd,rch,C4_hybrid,hybrid_occupancy,35947,35947,D0,clean,2,mrcd,all,0.9099837959511206,66591cd3f2832c92adb7f571f5ca4cbca75baa0434def50138b5d9f6d6471239,6 6 5,False,0.0014089644501370157,0.005630316511333807,0.00031672492622437655,,exact,0.00031672492622437655,35947,exact,2.0014809988562656e-16,,exact,2.0014809988562656e-16,35947,exact,0.7796304281303029,exact,0.7796304281303029,35947,exact,401796.0,0.014161955992990381,0.027812017383828887,3093143,191752,0.06199260751927732,ok,1.0,0.0
table_2_dataset_summary,stanford_bunny,Stanford Bunny,E3,35947,A6_rch_b2_mrcd,rch,C4_hybrid,hybrid_occupancy,35947,35947,D0,clean,3,mrcd,all,0.9166068839840591,66591cd3f2832c92adb7f571f5ca4cbca75baa0434def50138b5d9f6d6471239,6 6 5,False,0.0014089644501370157,0.005630316511333807,0.00031672492622437655,,exact,0.00031672492622437655,35947,exact,2.0014809988562656e-16,,exact,2.0014809988562656e-16,35947,exact,0.7796304281303029,exact,0.7796304281303029,35947,exact,403428.0,0.014161955992990381,0.027812017383828887,3138890,175266,0.055836935986925317,ok,1.0,0.0
table_2_dataset_summary,stanford_bunny,Stanford Bunny,E3,35947,A6_rch_b2_mrcd,rch,C4_hybrid,hybrid_occupancy,35947,35947,D0,clean,4,mrcd,all,0.9207859850721434,66591cd3f2832c92adb7f571f5ca4cbca75baa0434def50138b5d9f6d6471239,6 6 5,False,0.0014089644501370157,0.005630316511333807,0.00031672492622437655,,exact,0.00031672492622437655,35947,exact,2.0014809988562656e-16,,exact,2.0014809988562656e-16,35947,exact,0.7796304281303029,exact,0.7796304281303029,35947,exact,404708.0,0.014161955992990381,0.027812017383828887,2884771,168227,0.05831554740393605,ok,1.0,0.0
table_2_dataset_summary,stanford_bunny,Stanford Bunny,E3,35947,A6_rch_b3_ogk,rch,C0_uniform,uniform,35947,35947,D0,clean,0,ogk,all,0.5266917248954996,5669d892bbd3a1fee158bd33c111c4b70fd7aa4cbd9147706ceec7a07bdb551e,10 10 10,False,0.001421484470048723,0.005680347351234884,0.0015203105053555382,,exact,0.0015203105053555382,35947,exact,2.0014809988562656e-16,,exact,2.0014809988562656e-16,35947,exact,0.7714830166634211,exact,0.7714830166634211,35947,exact,405732.0,0.014401775696915408,0.028077405023612848,2948474,183254,0.06215215057009151,ok,1.0,0.0
table_2_dataset_summary,stanford_bunny,Stanford Bunny,E3,35947,A6_rch_b3_ogk,rch,C0_uniform,uniform,35947,35947,D0,clean,1,ogk,all,0.5334539879113436,5669d892bbd3a1fee158bd33c111c4b70fd7aa4cbd9147706ceec7a07bdb551e,10 10 10,False,0.001421484470048723,0.005680347351234884,0.0015203105053555382,,exact,0.0015203105053555382,35947,exact,2.0014809988562656e-16,,exact,2.0014809988562656e-16,35947,exact,0.7714830166634211,exact,0.7714830166634211,35947,exact,406980.0,0.014401775696915408,0.028077405023612848,2905676,161969,0.055742278216841794,ok,1.0,0.0
table_2_dataset_summary,stanford_bunny,Stanford Bunny,E3,35947,A6_rch_b3_ogk,rch,C0_uniform,uniform,35947,35947,D0,clean,2,ogk,all,0.5275614380370826,5669d892bbd3a1fee158bd33c111c4b70fd7aa4cbd9147706ceec7a07bdb551e,10 10 10,False,0.001421484470048723,0.005680347351234884,0.0015203105053555382,,exact,0.0015203105053555382,35947,exact,2.0014809988562656e-16,,exact,2.0014809988562656e-16,35947,exact,0.7714830166634211,exact,0.7714830166634211,35947,exact,408072.0,0.014401775696915408,0.028077405023612848,2772004,183775,0.06629680188051677,ok,1.0,0.0
table_2_dataset_summary,stanford_bunny,Stanford Bunny,E3,35947,A6_rch_b3_ogk,rch,C0_uniform,uniform,35947,35947,D0,clean,3,ogk,all,0.5289878899930045,5669d892bbd3a1fee158bd33c111c4b70fd7aa4cbd9147706ceec7a07bdb551e,10 10 10,False,0.001421484470048723,0.005680347351234884,0.0015203105053555382,,exact,0.0015203105053555382,35947,exact,2.0014809988562656e-16,,exact,2.0014809988562656e-16,35947,exact,0.7714830166634211,exact,0.7714830166634211,35947,exact,409600.0,0.014401775696915408,0.028077405023612848,2663875,173910,0.06528459481019191,ok,1.0,0.0
table_2_dataset_summary,stanford_bunny,Stanford Bunny,E3,35947,A6_rch_b3_ogk,rch,C0_uniform,uniform,35947,35947,D0,clean,4,ogk,all,0.5284290789859369,5669d892bbd3a1fee158bd33c111c4b70fd7aa4cbd9147706ceec7a07bdb551e,10 10 10,False,0.001421484470048723,0.005680347351234884,0.0015203105053555382,,exact,0.0015203105053555382,35947,exact,2.0014809988562656e-16,,exact,2.0014809988562656e-16,35947,exact,0.7714830166634211,exact,0.7714830166634211,35947,exact,411112.0,0.014401775696915408,0.028077405023612848,2894388,167561,0.057891685565307764,ok,1.0,0.0
table_2_dataset_summary,stanford_bunny,Stanford Bunny,E3,35947,A6_rch_b3_ogk,rch,C1_monotone_half,monotone_half,35947,35947,D0,clean,0,ogk,all,0.5289756510173902,4e9bf5ed59ec69fefa3a6e647bcd054495f099b08bbede026529d7e1a5c8ce6f,10 4 1,False,0.0039880409634513074,0.01593647936412585,0.0011513222878318978,,exact,0.0011513222878318978,35947,exact,2.0014809988562656e-16,,exact,2.0014809988562656e-16,35947,exact,0.29847066514590925,exact,0.29847066514590925,35947,exact,412456.0,0.058914247029978335,0.09849008821601389,2843393,180232,0.06338624312573042,ok,1.0,0.0
table_2_dataset_summary,stanford_bunny,Stanford Bunny,E3,35947,A6_rch_b3_ogk,rch,C1_monotone_half,monotone_half,35947,35947,D0,clean,1,ogk,all,0.5314564490690827,4e9bf5ed59ec69fefa3a6e647bcd054495f099b08bbede026529d7e1a5c8ce6f,10 4 1,False,0.0039880409634513074,0.01593647936412585,0.0011513222878318978,,exact,0.0011513222878318978,35947,exact,2.0014809988562656e-16,,exact,2.0014809988562656e-16,35947,exact,0.29847066514590925,exact,0.29847066514590925,35947,exact,414236.0,0.058914247029978335,0.09849008821601389,2813714,173812,0.061773158181677314,ok,1.0,0.0
table_2_dataset_summary,stanford_bunny,Stanford Bunny,E3,35947,A6_rch_b3_ogk,rch,C1_monotone_half,monotone_half,35947,35947,D0,clean,2,ogk,all,0.5262854259926826,4e9bf5ed59ec69fefa3a6e647bcd054495f099b08bbede026529d7e1a5c8ce6f,10 4 1,False,0.0039880409634513074,0.01593647936412585,0.0011513222878318978,,exact,0.0011513222878318978,35947,exact,2.0014809988562656e-16,,exact,2.0014809988562656e-16,35947,exact,0.29847066514590925,exact,0.29847066514590925,35947,exact,415516.0,0.058914247029978335,0.09849008821601389,3021860,170084,0.05628453998530706,ok,1.0,0.0
table_2_dataset_summary,stanford_bunny,Stanford Bunny,E3,35947,A6_rch_b3_ogk,rch,C1_monotone_half,monotone_half,35947,35947,D0,clean,3,ogk,all,0.5165036169346422,4e9bf5ed59ec69fefa3a6e647bcd054495f099b08bbede026529d7e1a5c8ce6f,10 4 1,False,0.0039880409634513074,0.01593647936412585,0.0011513222878318978,,exact,0.0011513222878318978,35947,exact,2.0014809988562656e-16,,exact,2.0014809988562656e-16,35947,exact,0.29847066514590925,exact,0.29847066514590925,35947,exact,416920.0,0.058914247029978335,0.09849008821601389,2939151,160864,0.05473145136129447,ok,1.0,0.0
table_2_dataset_summary,stanford_bunny,Stanford Bunny,E3,35947,A6_rch_b3_ogk,rch,C1_monotone_half,monotone_half,35947,35947,D0,clean,4,ogk,all,0.532389007974416,4e9bf5ed59ec69fefa3a6e647bcd054495f099b08bbede026529d7e1a5c8ce6f,10 4 1,False,0.0039880409634513074,0.01593647936412585,0.0011513222878318978,,exact,0.0011513222878318978,35947,exact,2.0014809988562656e-16,,exact,2.0014809988562656e-16,35947,exact,0.29847066514590925,exact,0.29847066514590925,35947,exact,418304.0,0.058914247029978335,0.09849008821601389,2752339,177647,0.06454401147533062,ok,1.0,0.0
table_2_dataset_summary,stanford_bunny,Stanford Bunny,E3,35947,A6_rch_b3_ogk,rch,C2_occupancy_floor1,occupancy_floor1,35947,35947,D0,clean,0,ogk,all,0.508627156028524,5dd311ea957c2405f31e650050ba3e08493cad72bbdc402a9fbab528bea80132,6 5 5,False,0.0014054038749911932,0.005616088214068095,0.0005656675344672144,,exact,0.0005656675344672144,35947,exact,2.0014809988562656e-16,,exact,2.0014809988562656e-16,35947,exact,0.7738267449300359,exact,0.7738267449300359,35947,exact,419732.0,0.013926005294543346,0.02677178975160421,2779348,176418,0.06347459907863283,ok,1.0,0.0
table_2_dataset_summary,stanford_bunny,Stanford Bunny,E3,35947,A6_rch_b3_ogk,rch,C2_occupancy_floor1,occupancy_floor1,35947,35947,D0,clean,1,ogk,all,0.5238795530749485,5dd311ea957c2405f31e650050ba3e08493cad72bbdc402a9fbab528bea80132,6 5 5,False,0.0014054038749911932,0.005616088214068095,0.0005656675344672144,,exact,0.0005656675344672144,35947,exact,2.0014809988562656e-16,,exact,2.0014809988562656e-16,35947,exact,0.7738267449300359,exact,0.7738267449300359,35947,exact,421028.0,0.013926005294543346,0.02677178975160421,2880746,196675,0.06827224614735211,ok,1.0,0.0
table_2_dataset_summary,stanford_bunny,Stanford Bunny,E3,35947,A6_rch_b3_ogk,rch,C2_occupancy_floor1,occupancy_floor1,35947,35947,D0,clean,2,ogk,all,0.5297601190395653,5dd311ea957c2405f31e650050ba3e08493cad72bbdc402a9fbab528bea80132,6 5 5,False,0.0014054038749911932,0.005616088214068095,0.0005656675344672144,,exact,0.0005656675344672144,35947,exact,2.0014809988562656e-16,,exact,2.0014809988562656e-16,35947,exact,0.7738267449300359,exact,0.7738267449300359,35947,exact,422220.0,0.013926005294543346,0.02677178975160421,2622024,172560,0.06581175458348207,ok,1.0,0.0
table_2_dataset_summary,stanford_bunny,Stanford Bunny,E3,35947,A6_rch_b3_ogk,rch,C2_occupancy_floor1,occupancy_floor1,35947,35947,D0,clean,3,ogk,all,0.5286797819426283,5dd311ea957c2405f31e650050ba3e08493cad72bbdc402a9fbab528bea80132,6 5 5,False,0.0014054038749911932,0.005616088214068095,0.0005656675344672144,,exact,0.0005656675344672144,35947,exact,2.0014809988562656e-16,,exact,2.0014809988562656e-16,35947,exact,0.7738267449300359,exact,0.7738267449300359,35947,exact,423972.0,0.013926005294543346,0.02677178975160421,2905206,172184,0.05926739790569068,ok,1.0,0.0
table_2_dataset_summary,stanford_bunny,Stanford Bunny,E3,35947,A6_rch_b3_ogk,rch,C2_occupancy_floor1,occupancy_floor1,35947,35947,D0,clean,4,ogk,all,0.5286074751056731,5dd311ea957c2405f31e650050ba3e08493cad72bbdc402a9fbab528bea80132,6 5 5,False,0.0014054038749911932,0.005616088214068095,0.0005656675344672144,,exact,0.0005656675344672144,35947,exact,2.0014809988562656e-16,,exact,2.0014809988562656e-16,35947,exact,0.7738267449300359,exact,0.7738267449300359,35947,exact,425048.0,0.013926005294543346,0.02677178975160421,3094456,208056,0.06723508106109766,ok,1.0,0.0
table_2_dataset_summary,stanford_bunny,Stanford Bunny,E3,35947,A6_rch_b3_ogk,rch,C3_frame_core_occupancy,frame_core_occupancy,35947,35947,D0,clean,0,ogk,all,0.5070565770147368,5dd311ea957c2405f31e650050ba3e08493cad72bbdc402a9fbab528bea80132,6 5 5,False,0.0014054038749911932,0.005616088214068095,0.0005656675344672144,,exact,0.0005656675344672144,35947,exact,2.0014809988562656e-16,,exact,2.0014809988562656e-16,35947,exact,0.7738267449300359,exact,0.7738267449300359,35947,exact,426456.0,0.013926005294543346,0.02677178975160421,2907758,162015,0.05571818562617659,ok,1.0,0.0
table_2_dataset_summary,stanford_bunny,Stanford Bunny,E3,35947,A6_rch_b3_ogk,rch,C3_frame_core_occupancy,frame_core_occupancy,35947,35947,D0,clean,1,ogk,all,0.5332717230776325,5dd311ea957c2405f31e650050ba3e08493cad72bbdc402a9fbab528bea80132,6 5 5,False,0.0014054038749911932,0.005616088214068095,0.0005656675344672144,,exact,0.0005656675344672144,35947,exact,2.0014809988562656e-16,,exact,2.0014809988562656e-16,35947,exact,0.7738267449300359,exact,0.7738267449300359,35947,exact,428116.0,0.013926005294543346,0.02677178975160421,2496384,159916,0.06405905501717685,ok,1.0,0.0
table_2_dataset_summary,stanford_bunny,Stanford Bunny,E3,35947,A6_rch_b3_ogk,rch,C3_frame_core_occupancy,frame_core_occupancy,35947,35947,D0,clean,2,ogk,all,0.5196044649928808,5dd311ea957c2405f31e650050ba3e08493cad72bbdc402a9fbab528bea80132,6 5 5,False,0.0014054038749911932,0.005616088214068095,0.0005656675344672144,,exact,0.0005656675344672144,35947,exact,2.0014809988562656e-16,,exact,2.0014809988562656e-16,35947,exact,0.7738267449300359,exact,0.7738267449300359,35947,exact,429420.0,0.013926005294543346,0.02677178975160421,2814965,177206,0.06295140436914846,ok,1.0,0.0
table_2_dataset_summary,stanford_bunny,Stanford Bunny,E3,35947,A6_rch_b3_ogk,rch,C3_frame_core_occupancy,frame_core_occupancy,35947,35947,D0,clean,3,ogk,all,0.5265930780442432,5dd311ea957c2405f31e650050ba3e08493cad72bbdc402a9fbab528bea80132,6 5 5,False,0.0014054038749911932,0.005616088214068095,0.0005656675344672144,,exact,0.0005656675344672144,35947,exact,2.0014809988562656e-16,,exact,2.0014809988562656e-16,35947,exact,0.7738267449300359,exact,0.7738267449300359,35947,exact,430700.0,0.013926005294543346,0.02677178975160421,2967458,173492,0.05846485443096414,ok,1.0,0.0
table_2_dataset_summary,stanford_bunny,Stanford Bunny,E3,35947,A6_rch_b3_ogk,rch,C3_frame_core_occupancy,frame_core_occupancy,35947,35947,D0,clean,4,ogk,all,0.5329248949419707,5dd311ea957c2405f31e650050ba3e08493cad72bbdc402a9fbab528bea80132,6 5 5,False,0.0014054038749911932,0.005616088214068095,0.0005656675344672144,,exact,0.0005656675344672144,35947,exact,2.0014809988562656e-16,,exact,2.0014809988562656e-16,35947,exact,0.7738267449300359,exact,0.7738267449300359,35947,exact,431848.0,0.013926005294543346,0.02677178975160421,2924084,173937,0.05948426926175855,ok,1.0,0.0
table_2_dataset_summary,stanford_bunny,Stanford Bunny,E3,35947,A6_rch_b3_ogk,rch,C4_hybrid,hybrid_occupancy,35947,35947,D0,clean,0,ogk,all,0.5255311439977959,5dd311ea957c2405f31e650050ba3e08493cad72bbdc402a9fbab528bea80132,6 5 5,False,0.0014054038749911932,0.005616088214068095,0.0005656675344672144,,exact,0.0005656675344672144,35947,exact,2.0014809988562656e-16,,exact,2.0014809988562656e-16,35947,exact,0.7738267449300359,exact,0.7738267449300359,35947,exact,433512.0,0.013926005294543346,0.02677178975160421,2969825,179866,0.060564511376932986,ok,1.0,0.0
table_2_dataset_summary,stanford_bunny,Stanford Bunny,E3,35947,A6_rch_b3_ogk,rch,C4_hybrid,hybrid_occupancy,35947,35947,D0,clean,1,ogk,all,0.522683591931127,5dd311ea957c2405f31e650050ba3e08493cad72bbdc402a9fbab528bea80132,6 5 5,False,0.0014054038749911932,0.005616088214068095,0.0005656675344672144,,exact,0.0005656675344672144,35947,exact,2.0014809988562656e-16,,exact,2.0014809988562656e-16,35947,exact,0.7738267449300359,exact,0.7738267449300359,35947,exact,434800.0,0.013926005294543346,0.02677178975160421,2921187,175967,0.06023818399849103,ok,1.0,0.0
table_2_dataset_summary,stanford_bunny,Stanford Bunny,E3,35947,A6_rch_b3_ogk,rch,C4_hybrid,hybrid_occupancy,35947,35947,D0,clean,2,ogk,all,0.5297587789827958,5dd311ea957c2405f31e650050ba3e08493cad72bbdc402a9fbab528bea80132,6 5 5,False,0.0014054038749911932,0.005616088214068095,0.0005656675344672144,,exact,0.0005656675344672144,35947,exact,2.0014809988562656e-16,,exact,2.0014809988562656e-16,35947,exact,0.7738267449300359,exact,0.7738267449300359,35947,exact,436124.0,0.013926005294543346,0.02677178975160421,2873637,177340,0.06171273546380423,ok,1.0,0.0
table_2_dataset_summary,stanford_bunny,Stanford Bunny,E3,35947,A6_rch_b3_ogk,rch,C4_hybrid,hybrid_occupancy,35947,35947,D0,clean,3,ogk,all,0.5287649929523468,5dd311ea957c2405f31e650050ba3e08493cad72bbdc402a9fbab528bea80132,6 5 5,False,0.0014054038749911932,0.005616088214068095,0.0005656675344672144,,exact,0.0005656675344672144,35947,exact,2.0014809988562656e-16,,exact,2.0014809988562656e-16,35947,exact,0.7738267449300359,exact,0.7738267449300359,35947,exact,437800.0,0.013926005294543346,0.02677178975160421,2740702,171041,0.06240773349309776,ok,1.0,0.0
table_2_dataset_summary,stanford_bunny,Stanford Bunny,E3,35947,A6_rch_b3_ogk,rch,C4_hybrid,hybrid_occupancy,35947,35947,D0,clean,4,ogk,all,0.5220782899996266,5dd311ea957c2405f31e650050ba3e08493cad72bbdc402a9fbab528bea80132,6 5 5,False,0.0014054038749911932,0.005616088214068095,0.0005656675344672144,,exact,0.0005656675344672144,35947,exact,2.0014809988562656e-16,,exact,2.0014809988562656e-16,35947,exact,0.7738267449300359,exact,0.7738267449300359,35947,exact,439164.0,0.013926005294543346,0.02677178975160421,2532756,168739,0.06662268295880061,ok,1.0,0.0
table_2_dataset_summary,stanford_bunny,Stanford Bunny,E3,35947,A7_cgal_spatial_sort,external_cgal_spatial_sort,C2_occupancy_floor1,occupancy_floor1,35947,35947,D0,clean,0,none,external,0.03484724904410541,cfa6d8b41ce405df3b6cc0a99bc02d2ebdd02e1449ac1b424488ea1a76e73d0a,0 0 0,False,0.003775665749988937,0.015087813756672843,0.0019819176134059247,,exact,0.0019819176134059247,35947,exact,7.270075697127808e-18,,exact,7.270075697127808e-18,35947,exact,0.5909950760842351,exact,0.5909950760842351,35947,exact,440560.0,0.021536451422946114,0.050812483552015446,2453098,168097,0.0685243720389483,ok,1.0,
table_2_dataset_summary,stanford_bunny,Stanford Bunny,E3,35947,A7_cgal_spatial_sort,external_cgal_spatial_sort,C2_occupancy_floor1,occupancy_floor1,35947,35947,D0,clean,1,none,external,0.034729190985672176,cfa6d8b41ce405df3b6cc0a99bc02d2ebdd02e1449ac1b424488ea1a76e73d0a,0 0 0,False,0.003775665749988937,0.015087813756672843,0.0019819176134059247,,exact,0.0019819176134059247,35947,exact,7.270075697127808e-18,,exact,7.270075697127808e-18,35947,exact,0.5909950760842351,exact,0.5909950760842351,35947,exact,441872.0,0.021536451422946114,0.050812483552015446,2967696,164432,0.0554072923911344,ok,1.0,
table_2_dataset_summary,stanford_bunny,Stanford Bunny,E3,35947,A7_cgal_spatial_sort,external_cgal_spatial_sort,C2_occupancy_floor1,occupancy_floor1,35947,35947,D0,clean,2,none,external,0.03474794398061931,cfa6d8b41ce405df3b6cc0a99bc02d2ebdd02e1449ac1b424488ea1a76e73d0a,0 0 0,False,0.003775665749988937,0.015087813756672843,0.0019819176134059247,,exact,0.0019819176134059247,35947,exact,7.270075697127808e-18,,exact,7.270075697127808e-18,35947,exact,0.5909950760842351,exact,0.5909950760842351,35947,exact,443652.0,0.021536451422946114,0.050812483552015446,3250836,175186,0.05388952257203993,ok,1.0,
table_2_dataset_summary,stanford_bunny,Stanford Bunny,E3,35947,A7_cgal_spatial_sort,external_cgal_spatial_sort,C2_occupancy_floor1,occupancy_floor1,35947,35947,D0,clean,3,none,external,0.03473034605849534,cfa6d8b41ce405df3b6cc0a99bc02d2ebdd02e1449ac1b424488ea1a76e73d0a,0 0 0,False,0.003775665749988937,0.015087813756672843,0.0019819176134059247,,exact,0.0019819176134059247,35947,exact,7.270075697127808e-18,,exact,7.270075697127808e-18,35947,exact,0.5909950760842351,exact,0.5909950760842351,35947,exact,444932.0,0.021536451422946114,0.050812483552015446,2984172,173798,0.05823994059323658,ok,1.0,
table_2_dataset_summary,stanford_bunny,Stanford Bunny,E3,35947,A7_cgal_spatial_sort,external_cgal_spatial_sort,C2_occupancy_floor1,occupancy_floor1,35947,35947,D0,clean,4,none,external,0.035711959935724735,cfa6d8b41ce405df3b6cc0a99bc02d2ebdd02e1449ac1b424488ea1a76e73d0a,0 0 0,False,0.003775665749988937,0.015087813756672843,0.0019819176134059247,,exact,0.0019819176134059247,35947,exact,7.270075697127808e-18,,exact,7.270075697127808e-18,35947,exact,0.5909950760842351,exact,0.5909950760842351,35947,exact,446052.0,0.021536451422946114,0.050812483552015446,2741937,168041,0.061285507289190085,ok,1.0,
table_2_dataset_summary,stanford_bunny,Stanford Bunny,E3,35947,A7_cgal_spatial_sort,external_cgal_spatial_sort,C3_frame_core_occupancy,frame_core_occupancy,35947,35947,D0,clean,0,none,external,0.0344553739996627,cfa6d8b41ce405df3b6cc0a99bc02d2ebdd02e1449ac1b424488ea1a76e73d0a,0 0 0,False,0.003775665749988937,0.015087813756672843,0.0019819176134059247,,exact,0.0019819176134059247,35947,exact,7.270075697127808e-18,,exact,7.270075697127808e-18,35947,exact,0.5909950760842351,exact,0.5909950760842351,35947,exact,447524.0,0.021536451422946114,0.050812483552015446,2485734,172395,0.06935376029776316,ok,1.0,
table_2_dataset_summary,stanford_bunny,Stanford Bunny,E3,35947,A7_cgal_spatial_sort,external_cgal_spatial_sort,C3_frame_core_occupancy,frame_core_occupancy,35947,35947,D0,clean,1,none,external,0.03429629793390632,cfa6d8b41ce405df3b6cc0a99bc02d2ebdd02e1449ac1b424488ea1a76e73d0a,0 0 0,False,0.003775665749988937,0.015087813756672843,0.0019819176134059247,,exact,0.0019819176134059247,35947,exact,7.270075697127808e-18,,exact,7.270075697127808e-18,35947,exact,0.5909950760842351,exact,0.5909950760842351,35947,exact,448964.0,0.021536451422946114,0.050812483552015446,3066340,170148,0.05548895425817098,ok,1.0,
table_2_dataset_summary,stanford_bunny,Stanford Bunny,E3,35947,A7_cgal_spatial_sort,external_cgal_spatial_sort,C3_frame_core_occupancy,frame_core_occupancy,35947,35947,D0,clean,2,none,external,0.03462691605091095,cfa6d8b41ce405df3b6cc0a99bc02d2ebdd02e1449ac1b424488ea1a76e73d0a,0 0 0,False,0.003775665749988937,0.015087813756672843,0.0019819176134059247,,exact,0.0019819176134059247,35947,exact,7.270075697127808e-18,,exact,7.270075697127808e-18,35947,exact,0.5909950760842351,exact,0.5909950760842351,35947,exact,450532.0,0.021536451422946114,0.050812483552015446,3076410,171556,0.05576499881355216,ok,1.0,
table_2_dataset_summary,stanford_bunny,Stanford Bunny,E3,35947,A7_cgal_spatial_sort,external_cgal_spatial_sort,C3_frame_core_occupancy,frame_core_occupancy,35947,35947,D0,clean,3,none,external,0.03450301697012037,cfa6d8b41ce405df3b6cc0a99bc02d2ebdd02e1449ac1b424488ea1a76e73d0a,0 0 0,False,0.003775665749988937,0.015087813756672843,0.0019819176134059247,,exact,0.0019819176134059247,35947,exact,7.270075697127808e-18,,exact,7.270075697127808e-18,35947,exact,0.5909950760842351,exact,0.5909950760842351,35947,exact,451996.0,0.021536451422946114,0.050812483552015446,2623303,181863,0.06932596043994918,ok,1.0,
table_2_dataset_summary,stanford_bunny,Stanford Bunny,E3,35947,A7_cgal_spatial_sort,external_cgal_spatial_sort,C3_frame_core_occupancy,frame_core_occupancy,35947,35947,D0,clean,4,none,external,0.0356743719894439,cfa6d8b41ce405df3b6cc0a99bc02d2ebdd02e1449ac1b424488ea1a76e73d0a,0 0 0,False,0.003775665749988937,0.015087813756672843,0.0019819176134059247,,exact,0.0019819176134059247,35947,exact,7.270075697127808e-18,,exact,7.270075697127808e-18,35947,exact,0.5909950760842351,exact,0.5909950760842351,35947,exact,453660.0,0.021536451422946114,0.050812483552015446,2604379,168980,0.0648830296972906,ok,1.0,
table_2_dataset_summary,stanford_bunny,Stanford Bunny,E3,35947,A7_cgal_spatial_sort,external_cgal_spatial_sort,C4_hybrid,hybrid_occupancy,35947,35947,D0,clean,0,none,external,0.03302176808938384,cfa6d8b41ce405df3b6cc0a99bc02d2ebdd02e1449ac1b424488ea1a76e73d0a,0 0 0,False,0.003775665749988937,0.015087813756672843,0.0019819176134059247,,exact,0.0019819176134059247,35947,exact,7.270075697127808e-18,,exact,7.270075697127808e-18,35947,exact,0.5909950760842351,exact,0.5909950760842351,35947,exact,454988.0,0.021536451422946114,0.050812483552015446,2492797,168879,0.06774679205727542,ok,1.0,
table_2_dataset_summary,stanford_bunny,Stanford Bunny,E3,35947,A7_cgal_spatial_sort,external_cgal_spatial_sort,C4_hybrid,hybrid_occupancy,35947,35947,D0,clean,1,none,external,0.03576073003932834,cfa6d8b41ce405df3b6cc0a99bc02d2ebdd02e1449ac1b424488ea1a76e73d0a,0 0 0,False,0.003775665749988937,0.015087813756672843,0.0019819176134059247,,exact,0.0019819176134059247,35947,exact,7.270075697127808e-18,,exact,7.270075697127808e-18,35947,exact,0.5909950760842351,exact,0.5909950760842351,35947,exact,456268.0,0.021536451422946114,0.050812483552015446,2501853,175953,0.07032907209176559,ok,1.0,
table_2_dataset_summary,stanford_bunny,Stanford Bunny,E3,35947,A7_cgal_spatial_sort,external_cgal_spatial_sort,C4_hybrid,hybrid_occupancy,35947,35947,D0,clean,2,none,external,0.03511799906846136,cfa6d8b41ce405df3b6cc0a99bc02d2ebdd02e1449ac1b424488ea1a76e73d0a,0 0 0,False,0.003775665749988937,0.015087813756672843,0.0019819176134059247,,exact,0.0019819176134059247,35947,exact,7.270075697127808e-18,,exact,7.270075697127808e-18,35947,exact,0.5909950760842351,exact,0.5909950760842351,35947,exact,457908.0,0.021536451422946114,0.050812483552015446,2461381,170879,0.06942403471872091,ok,1.0,
table_2_dataset_summary,stanford_bunny,Stanford Bunny,E3,35947,A7_cgal_spatial_sort,external_cgal_spatial_sort,C4_hybrid,hybrid_occupancy,35947,35947,D0,clean,3,none,external,0.03439756005536765,cfa6d8b41ce405df3b6cc0a99bc02d2ebdd02e1449ac1b424488ea1a76e73d0a,0 0 0,False,0.003775665749988937,0.015087813756672843,0.0019819176134059247,,exact,0.0019819176134059247,35947,exact,7.270075697127808e-18,,exact,7.270075697127808e-18,35947,exact,0.5909950760842351,exact,0.5909950760842351,35947,exact,459188.0,0.021536451422946114,0.050812483552015446,3049454,174209,0.057127931754340285,ok,1.0,
table_2_dataset_summary,stanford_bunny,Stanford Bunny,E3,35947,A7_cgal_spatial_sort,external_cgal_spatial_sort,C4_hybrid,hybrid_occupancy,35947,35947,D0,clean,4,none,external,0.03411825397051871,cfa6d8b41ce405df3b6cc0a99bc02d2ebdd02e1449ac1b424488ea1a76e73d0a,0 0 0,False,0.003775665749988937,0.015087813756672843,0.0019819176134059247,,exact,0.0019819176134059247,35947,exact,7.270075697127808e-18,,exact,7.270075697127808e-18,35947,exact,0.5909950760842351,exact,0.5909950760842351,35947,exact,460468.0,0.021536451422946114,0.050812483552015446,2506251,165259,0.06593872680749055,ok,1.0,
table_2_dataset_summary,stanford_armadillo,Stanford Armadillo,E4,172974,A0_input,input,C0_uniform,uniform,172974,172974,D0,clean,0,none,off,0.12533385201822966,da95eaaeaef5572248d084f6c64a3b854ab96e22cb64193a0982dd353b978912,0 0 0,False,56.62086473982164,0.24746478712005457,5629080.397669221,,exact,5629080.397669221,172974,exact,5.676383409967456e-16,,exact,5.676383409967456e-16,172974,exact,0.2544074542994901,exact,0.2544074542994901,172974,exact,502104.0,136.54803089341436,163.92702128869163,11941694,411158,0.03443045852623589,ok,1.0,
table_2_dataset_summary,stanford_armadillo,Stanford Armadillo,E4,172974,A0_input,input,C0_uniform,uniform,172974,172974,D0,clean,1,none,off,0.13274121202994138,da95eaaeaef5572248d084f6c64a3b854ab96e22cb64193a0982dd353b978912,0 0 0,False,56.62086473982164,0.24746478712005457,5629080.397669221,,exact,5629080.397669221,172974,exact,5.676383409967456e-16,,exact,5.676383409967456e-16,172974,exact,0.2544074542994901,exact,0.2544074542994901,172974,exact,644092.0,136.54803089341436,163.92702128869163,15061652,413708,0.027467637680116366,ok,1.0,
table_2_dataset_summary,stanford_armadillo,Stanford Armadillo,E4,172974,A0_input,input,C0_uniform,uniform,172974,172974,D0,clean,2,none,off,0.1319080030079931,da95eaaeaef5572248d084f6c64a3b854ab96e22cb64193a0982dd353b978912,0 0 0,False,56.62086473982164,0.24746478712005457,5629080.397669221,,exact,5629080.397669221,172974,exact,5.676383409967456e-16,,exact,5.676383409967456e-16,172974,exact,0.2544074542994901,exact,0.2544074542994901,172974,exact,715868.0,136.54803089341436,163.92702128869163,11761438,503533,0.04281219694394512,ok,1.0,
table_2_dataset_summary,stanford_armadillo,Stanford Armadillo,E4,172974,A0_input,input,C0_uniform,uniform,172974,172974,D0,clean,3,none,off,0.13303864107001573,da95eaaeaef5572248d084f6c64a3b854ab96e22cb64193a0982dd353b978912,0 0 0,False,56.62086473982164,0.24746478712005457,5629080.397669221,,exact,5629080.397669221,172974,exact,5.676383409967456e-16,,exact,5.676383409967456e-16,172974,exact,0.2544074542994901,exact,0.2544074542994901,172974,exact,792160.0,136.54803089341436,163.92702128869163,11067118,411468,0.037179327084070124,ok,1.0,
table_2_dataset_summary,stanford_armadillo,Stanford Armadillo,E4,172974,A0_input,input,C0_uniform,uniform,172974,172974,D0,clean,4,none,off,0.13321572495624423,da95eaaeaef5572248d084f6c64a3b854ab96e22cb64193a0982dd353b978912,0 0 0,False,56.62086473982164,0.24746478712005457,5629080.397669221,,exact,5629080.397669221,172974,exact,5.676383409967456e-16,,exact,5.676383409967456e-16,172974,exact,0.2544074542994901,exact,0.2544074542994901,172974,exact,865376.0,136.54803089341436,163.92702128869163,11378924,401616,0.03529472558213764,ok,1.0,
table_2_dataset_summary,stanford_armadillo,Stanford Armadillo,E4,172974,A1_lexicographic,lexicographic,C0_uniform,uniform,172974,172974,D0,clean,0,none,all,2.230000677984208,3b9d99c8cb54b2efc0aa5ab9377ffaf33f608bff8e4e197efa37ae720cbd7aed,0 0 0,False,3.7763106469388763,0.016504585626483464,3389071.248774819,,exact,3389071.248774819,172974,exact,2.0571979854413344e-13,,exact,2.0571979854413344e-13,172974,exact,0.17324569010371502,exact,0.17324569010371502,172974,exact,945548.0,59.04654923314132,131.6719352151918,12309954,535365,0.043490414342734346,ok,1.0,
table_2_dataset_summary,stanford_armadillo,Stanford Armadillo,E4,172974,A1_lexicographic,lexicographic,C0_uniform,uniform,172974,172974,D0,clean,1,none,all,2.258738506003283,3b9d99c8cb54b2efc0aa5ab9377ffaf33f608bff8e4e197efa37ae720cbd7aed,0 0 0,False,3.7763106469388763,0.016504585626483464,3389071.248774819,,exact,3389071.248774819,172974,exact,2.0571979854413344e-13,,exact,2.0571979854413344e-13,172974,exact,0.17324569010371502,exact,0.17324569010371502,172974,exact,948364.0,59.04654923314132,131.6719352151918,11156554,557551,0.049975198434928925,ok,1.0,
table_2_dataset_summary,stanford_armadillo,Stanford Armadillo,E4,172974,A1_lexicographic,lexicographic,C0_uniform,uniform,172974,172974,D0,clean,2,none,all,2.2820645379833877,3b9d99c8cb54b2efc0aa5ab9377ffaf33f608bff8e4e197efa37ae720cbd7aed,0 0 0,False,3.7763106469388763,0.016504585626483464,3389071.248774819,,exact,3389071.248774819,172974,exact,2.0571979854413344e-13,,exact,2.0571979854413344e-13,172974,exact,0.17324569010371502,exact,0.17324569010371502,172974,exact,953876.0,59.04654923314132,131.6719352151918,13343585,559335,0.04191789537819109,ok,1.0,
table_2_dataset_summary,stanford_armadillo,Stanford Armadillo,E4,172974,A1_lexicographic,lexicographic,C0_uniform,uniform,172974,172974,D0,clean,3,none,all,2.2841849389951676,3b9d99c8cb54b2efc0aa5ab9377ffaf33f608bff8e4e197efa37ae720cbd7aed,0 0 0,False,3.7763106469388763,0.016504585626483464,3389071.248774819,,exact,3389071.248774819,172974,exact,2.0571979854413344e-13,,exact,2.0571979854413344e-13,172974,exact,0.17324569010371502,exact,0.17324569010371502,172974,exact,959224.0,59.04654923314132,131.6719352151918,11827814,544037,0.045996411509345685,ok,1.0,
table_2_dataset_summary,stanford_armadillo,Stanford Armadillo,E4,172974,A1_lexicographic,lexicographic,C0_uniform,uniform,172974,172974,D0,clean,4,none,all,2.2347939390456304,3b9d99c8cb54b2efc0aa5ab9377ffaf33f608bff8e4e197efa37ae720cbd7aed,0 0 0,False,3.7763106469388763,0.016504585626483464,3389071.248774819,,exact,3389071.248774819,172974,exact,2.0571979854413344e-13,,exact,2.0571979854413344e-13,172974,exact,0.17324569010371502,exact,0.17324569010371502,172974,exact,964900.0,59.04654923314132,131.6719352151918,12309411,560188,0.04550891996375781,ok,1.0,
table_2_dataset_summary,stanford_armadillo,Stanford Armadillo,E4,172974,A2_morton,morton,C0_uniform,uniform,172974,172974,D0,clean,0,none,all,2.303886828944087,740e550f6a5217719b302184b1de01a9d71488495c459ed3c886fe9234d7109f,10 10 10,False,0.5556643426449416,0.0024285633731433664,4544377.082086603,,exact,4544377.082086603,172974,exact,3.764672313357642e-11,,exact,3.764672313357642e-11,172974,exact,0.7702487078982968,exact,0.7702487078982968,172974,exact,970476.0,6.248937897727991,12.886301083945082,11089129,555318,0.05007769320746472,ok,1.0,
table_2_dataset_summary,stanford_armadillo,Stanford Armadillo,E4,172974,A2_morton,morton,C0_uniform,uniform,172974,172974,D0,clean,1,none,all,2.312401824980043,740e550f6a5217719b302184b1de01a9d71488495c459ed3c886fe9234d7109f,10 10 10,False,0.5556643426449416,0.0024285633731433664,4544377.082086603,,exact,4544377.082086603,172974,exact,3.764672313357642e-11,,exact,3.764672313357642e-11,172974,exact,0.7702487078982968,exact,0.7702487078982968,172974,exact,983196.0,6.248937897727991,12.886301083945082,11828472,560718,0.04740409412137087,ok,1.0,
table_2_dataset_summary,stanford_armadillo,Stanford Armadillo,E4,172974,A2_morton,morton,C0_uniform,uniform,172974,172974,D0,clean,2,none,all,2.2976743900217116,740e550f6a5217719b302184b1de01a9d71488495c459ed3c886fe9234d7109f,10 10 10,False,0.5556643426449416,0.0024285633731433664,4544377.082086603,,exact,4544377.082086603,172974,exact,3.764672313357642e-11,,exact,3.764672313357642e-11,172974,exact,0.7702487078982968,exact,0.7702487078982968,172974,exact,988444.0,6.248937897727991,12.886301083945082,11315504,561035,0.04958108803637911,ok,1.0,
table_2_dataset_summary,stanford_armadillo,Stanford Armadillo,E4,172974,A2_morton,morton,C0_uniform,uniform,172974,172974,D0,clean,3,none,all,2.306024922989309,740e550f6a5217719b302184b1de01a9d71488495c459ed3c886fe9234d7109f,10 10 10,False,0.5556643426449416,0.0024285633731433664,4544377.082086603,,exact,4544377.082086603,172974,exact,3.764672313357642e-11,,exact,3.764672313357642e-11,172974,exact,0.7702487078982968,exact,0.7702487078982968,172974,exact,993776.0,6.248937897727991,12.886301083945082,11849305,562890,0.04750405192540828,ok,1.0,
table_2_dataset_summary,stanford_armadillo,Stanford Armadillo,E4,172974,A2_morton,morton,C0_uniform,uniform,172974,172974,D0,clean,4,none,all,2.288936253054999,740e550f6a5217719b302184b1de01a9d71488495c459ed3c886fe9234d7109f,10 10 10,False,0.5556643426449416,0.0024285633731433664,4544377.082086603,,exact,4544377.082086603,172974,exact,3.764672313357642e-11,,exact,3.764672313357642e-11,172974,exact,0.7702487078982968,exact,0.7702487078982968,172974,exact,999016.0,6.248937897727991,12.886301083945082,11301745,570436,0.05047326762371651,ok,1.0,
table_2_dataset_summary,stanford_armadillo,Stanford Armadillo,E4,172974,A2_morton,morton,C1_monotone_half,monotone_half,172974,172974,D0,clean,0,none,all,2.271038966951892,38cadf800e38fc8c01edb49c1aa911b1aac1bcb4c2b87e1df114087e95766d14,4 10 1,False,1.6010565865589161,0.006997511062053968,1931855.0486221972,,exact,1931855.0486221972,172974,exact,3.4914582897198324e-11,,exact,3.4914582897198324e-11,172974,exact,0.27037155873137003,exact,0.27037155873137003,172974,exact,1004552.0,30.07659796017298,67.59769917039546,11413308,536617,0.047016780761546084,ok,1.0,
table_2_dataset_summary,stanford_armadillo,Stanford Armadillo,E4,172974,A2_morton,morton,C1_monotone_half,monotone_half,172974,172974,D0,clean,1,none,all,2.330184070044197,38cadf800e38fc8c01edb49c1aa911b1aac1bcb4c2b87e1df114087e95766d14,4 10 1,False,1.6010565865589161,0.006997511062053968,1931855.0486221972,,exact,1931855.0486221972,172974,exact,3.4914582897198324e-11,,exact,3.4914582897198324e-11,172974,exact,0.27037155873137003,exact,0.27037155873137003,172974,exact,1010036.0,30.07659796017298,67.59769917039546,11610570,541241,0.04661622986640621,ok,1.0,
table_2_dataset_summary,stanford_armadillo,Stanford Armadillo,E4,172974,A2_morton,morton,C1_monotone_half,monotone_half,172974,172974,D0,clean,2,none,all,2.304982344037853,38cadf800e38fc8c01edb49c1aa911b1aac1bcb4c2b87e1df114087e95766d14,4 10 1,False,1.6010565865589161,0.006997511062053968,1931855.0486221972,,exact,1931855.0486221972,172974,exact,3.4914582897198324e-11,,exact,3.4914582897198324e-11,172974,exact,0.27037155873137003,exact,0.27037155873137003,172974,exact,1015332.0,30.07659796017298,67.59769917039546,12220047,546332,0.0447078476866742,ok,1.0,
table_2_dataset_summary,stanford_armadillo,Stanford Armadillo,E4,172974,A2_morton,morton,C1_monotone_half,monotone_half,172974,172974,D0,clean,3,none,all,2.3494920060038567,38cadf800e38fc8c01edb49c1aa911b1aac1bcb4c2b87e1df114087e95766d14,4 10 1,False,1.6010565865589161,0.006997511062053968,1931855.0486221972,,exact,1931855.0486221972,172974,exact,3.4914582897198324e-11,,exact,3.4914582897198324e-11,172974,exact,0.27037155873137003,exact,0.27037155873137003,172974,exact,1020624.0,30.07659796017298,67.59769917039546,12088545,546102,0.045175163760402925,ok,1.0,
table_2_dataset_summary,stanford_armadillo,Stanford Armadillo,E4,172974,A2_morton,morton,C1_monotone_half,monotone_half,172974,172974,D0,clean,4,none,all,2.318510018987581,38cadf800e38fc8c01edb49c1aa911b1aac1bcb4c2b87e1df114087e95766d14,4 10 1,False,1.6010565865589161,0.006997511062053968,1931855.0486221972,,exact,1931855.0486221972,172974,exact,3.4914582897198324e-11,,exact,3.4914582897198324e-11,172974,exact,0.27037155873137003,exact,0.27037155873137003,172974,exact,1026372.0,30.07659796017298,67.59769917039546,12590179,538312,0.0427565009202808,ok,1.0,
table_2_dataset_summary,stanford_armadillo,Stanford Armadillo,E4,172974,A2_morton,morton,C2_occupancy_floor1,occupancy_floor1,172974,172974,D0,clean,0,none,all,2.376740169012919,00712c5a0d3790df86a170f0751516314524f9fa83a913dee73da5c0fb9b9e10,6 7 6,False,0.5568431313249027,0.002433715337725443,1875125.602364585,,exact,1875125.602364585,172974,exact,3.4914582897198324e-11,,exact,3.4914582897198324e-11,172974,exact,0.773040312416895,exact,0.773040312416895,172974,exact,1032076.0,6.287829581433361,13.245050472923293,12096547,554026,0.045800342858172666,ok,1.0,
table_2_dataset_summary,stanford_armadillo,Stanford Armadillo,E4,172974,A2_morton,morton,C2_occupancy_floor1,occupancy_floor1,172974,172974,D0,clean,1,none,all,2.3372943790163845,00712c5a0d3790df86a170f0751516314524f9fa83a913dee73da5c0fb9b9e10,6 7 6,False,0.5568431313249027,0.002433715337725443,1875125.602364585,,exact,1875125.602364585,172974,exact,3.4914582897198324e-11,,exact,3.4914582897198324e-11,172974,exact,0.773040312416895,exact,0.773040312416895,172974,exact,1037504.0,6.287829581433361,13.245050472923293,14968481,570490,0.03811275172143386,ok,1.0,
table_2_dataset_summary,stanford_armadillo,Stanford Armadillo,E4,172974,A2_morton,morton,C2_occupancy_floor1,occupancy_floor1,172974,172974,D0,clean,2,none,all,2.3224435759475455,00712c5a0d3790df86a170f0751516314524f9fa83a913dee73da5c0fb9b9e10,6 7 6,False,0.5568431313249027,0.002433715337725443,1875125.602364585,,exact,1875125.602364585,172974,exact,3.4914582897198324e-11,,exact,3.4914582897198324e-11,172974,exact,0.773040312416895,exact,0.773040312416895,172974,exact,1042948.0,6.287829581433361,13.245050472923293,13427388,568015,0.042302717401180336,ok,1.0,
table_2_dataset_summary,stanford_armadillo,Stanford Armadillo,E4,172974,A2_morton,morton,C2_occupancy_floor1,occupancy_floor1,172974,172974,D0,clean,3,none,all,2.3250336030032486,00712c5a0d3790df86a170f0751516314524f9fa83a913dee73da5c0fb9b9e10,6 7 6,False,0.5568431313249027,0.002433715337725443,1875125.602364585,,exact,1875125.602364585,172974,exact,3.4914582897198324e-11,,exact,3.4914582897198324e-11,172974,exact,0.773040312416895,exact,0.773040312416895,172974,exact,1049732.0,6.287829581433361,13.245050472923293,12921683,557870,0.04317316869636873,ok,1.0,
table_2_dataset_summary,stanford_armadillo,Stanford Armadillo,E4,172974,A2_morton,morton,C2_occupancy_floor1,occupancy_floor1,172974,172974,D0,clean,4,none,all,2.2930580449756235,00712c5a0d3790df86a170f0751516314524f9fa83a913dee73da5c0fb9b9e10,6 7 6,False,0.5568431313249027,0.002433715337725443,1875125.602364585,,exact,1875125.602364585,172974,exact,3.4914582897198324e-11,,exact,3.4914582897198324e-11,172974,exact,0.773040312416895,exact,0.773040312416895,172974,exact,1062528.0,6.287829581433361,13.245050472923293,10760159,543248,0.0504869862982508,ok,1.0,
table_2_dataset_summary,stanford_armadillo,Stanford Armadillo,E4,172974,A2_morton,morton,C3_frame_core_occupancy,frame_core_occupancy,172974,172974,D0,clean,0,none,all,2.2715836910065264,00712c5a0d3790df86a170f0751516314524f9fa83a913dee73da5c0fb9b9e10,6 7 6,False,0.5568431313249027,0.002433715337725443,1875125.602364585,,exact,1875125.602364585,172974,exact,3.4914582897198324e-11,,exact,3.4914582897198324e-11,172974,exact,0.773040312416895,exact,0.773040312416895,172974,exact,1069320.0,6.287829581433361,13.245050472923293,11297074,560940,0.04965356516209418,ok,1.0,
table_2_dataset_summary,stanford_armadillo,Stanford Armadillo,E4,172974,A2_morton,morton,C3_frame_core_occupancy,frame_core_occupancy,172974,172974,D0,clean,1,none,all,2.2908368420321494,00712c5a0d3790df86a170f0751516314524f9fa83a913dee73da5c0fb9b9e10,6 7 6,False,0.5568431313249027,0.002433715337725443,1875125.602364585,,exact,1875125.602364585,172974,exact,3.4914582897198324e-11,,exact,3.4914582897198324e-11,172974,exact,0.773040312416895,exact,0.773040312416895,172974,exact,1076176.0,6.287829581433361,13.245050472923293,11630101,546282,0.04697138915646562,ok,1.0,
table_2_dataset_summary,stanford_armadillo,Stanford Armadillo,E4,172974,A2_morton,morton,C3_frame_core_occupancy,frame_core_occupancy,172974,172974,D0,clean,2,none,all,2.3025090029696003,00712c5a0d3790df86a170f0751516314524f9fa83a913dee73da5c0fb9b9e10,6 7 6,False,0.5568431313249027,0.002433715337725443,1875125.602364585,,exact,1875125.602364585,172974,exact,3.4914582897198324e-11,,exact,3.4914582897198324e-11,172974,exact,0.773040312416895,exact,0.773040312416895,172974,exact,1083072.0,6.287829581433361,13.245050472923293,13193980,579170,0.043896534631703246,ok,1.0,
table_2_dataset_summary,stanford_armadillo,Stanford Armadillo,E4,172974,A2_morton,morton,C3_frame_core_occupancy,frame_core_occupancy,172974,172974,D0,clean,3,none,all,2.2879761880030856,00712c5a0d3790df86a170f0751516314524f9fa83a913dee73da5c0fb9b9e10,6 7 6,False,0.5568431313249027,0.002433715337725443,1875125.602364585,,exact,1875125.602364585,172974,exact,3.4914582897198324e-11,,exact,3.4914582897198324e-11,172974,exact,0.773040312416895,exact,0.773040312416895,172974,exact,1089880.0,6.287829581433361,13.245050472923293,11758235,574204,0.04883420003087198,ok,1.0,
table_2_dataset_summary,stanford_armadillo,Stanford Armadillo,E4,172974,A2_morton,morton,C3_frame_core_occupancy,frame_core_occupancy,172974,172974,D0,clean,4,none,all,2.2942066499963403,00712c5a0d3790df86a170f0751516314524f9fa83a913dee73da5c0fb9b9e10,6 7 6,False,0.5568431313249027,0.002433715337725443,1875125.602364585,,exact,1875125.602364585,172974,exact,3.4914582897198324e-11,,exact,3.4914582897198324e-11,172974,exact,0.773040312416895,exact,0.773040312416895,172974,exact,1096952.0,6.287829581433361,13.245050472923293,11203610,545910,0.04872625876837912,ok,1.0,
table_2_dataset_summary,stanford_armadillo,Stanford Armadillo,E4,172974,A2_morton,morton,C4_hybrid,hybrid_occupancy,172974,172974,D0,clean,0,none,all,2.281056027044542,00712c5a0d3790df86a170f0751516314524f9fa83a913dee73da5c0fb9b9e10,6 7 6,False,0.5568431313249027,0.002433715337725443,1875125.602364585,,exact,1875125.602364585,172974,exact,3.4914582897198324e-11,,exact,3.4914582897198324e-11,172974,exact,0.773040312416895,exact,0.773040312416895,172974,exact,1103520.0,6.287829581433361,13.245050472923293,12345100,556785,0.04510170026974265,ok,1.0,
table_2_dataset_summary,stanford_armadillo,Stanford Armadillo,E4,172974,A2_morton,morton,C4_hybrid,hybrid_occupancy,172974,172974,D0,clean,1,none,all,2.264106952934526,00712c5a0d3790df86a170f0751516314524f9fa83a913dee73da5c0fb9b9e10,6 7 6,False,0.5568431313249027,0.002433715337725443,1875125.602364585,,exact,1875125.602364585,172974,exact,3.4914582897198324e-11,,exact,3.4914582897198324e-11,172974,exact,0.773040312416895,exact,0.773040312416895,172974,exact,1110420.0,6.287829581433361,13.245050472923293,13527078,564493,0.04173059399820124,ok,1.0,
table_2_dataset_summary,stanford_armadillo,Stanford Armadillo,E4,172974,A2_morton,morton,C4_hybrid,hybrid_occupancy,172974,172974,D0,clean,2,none,all,2.2924565500579774,00712c5a0d3790df86a170f0751516314524f9fa83a913dee73da5c0fb9b9e10,6 7 6,False,0.5568431313249027,0.002433715337725443,1875125.602364585,,exact,1875125.602364585,172974,exact,3.4914582897198324e-11,,exact,3.4914582897198324e-11,172974,exact,0.773040312416895,exact,0.773040312416895,172974,exact,1117144.0,6.287829581433361,13.245050472923293,12617451,558792,0.04428723361002155,ok,1.0,
table_2_dataset_summary,stanford_armadillo,Stanford Armadillo,E4,172974,A2_morton,morton,C4_hybrid,hybrid_occupancy,172974,172974,D0,clean,3,none,all,2.2387642139801756,00712c5a0d3790df86a170f0751516314524f9fa83a913dee73da5c0fb9b9e10,6 7 6,False,0.5568431313249027,0.002433715337725443,1875125.602364585,,exact,1875125.602364585,172974,exact,3.4914582897198324e-11,,exact,3.4914582897198324e-11,172974,exact,0.773040312416895,exact,0.773040312416895,172974,exact,1123780.0,6.287829581433361,13.245050472923293,12468964,559754,0.04489178090497334,ok,1.0,
table_2_dataset_summary,stanford_armadillo,Stanford Armadillo,E4,172974,A2_morton,morton,C4_hybrid,hybrid_occupancy,172974,172974,D0,clean,4,none,all,2.3045425349846482,00712c5a0d3790df86a170f0751516314524f9fa83a913dee73da5c0fb9b9e10,6 7 6,False,0.5568431313249027,0.002433715337725443,1875125.602364585,,exact,1875125.602364585,172974,exact,3.4914582897198324e-11,,exact,3.4914582897198324e-11,172974,exact,0.773040312416895,exact,0.773040312416895,172974,exact,1130672.0,6.287829581433361,13.245050472923293,11720010,565033,0.04821096569030231,ok,1.0,
table_2_dataset_summary,stanford_armadillo,Stanford Armadillo,E4,172974,A3_isotropic_hilbert,isotropic_hilbert,C0_uniform,uniform,172974,172974,D0,clean,0,none,all,2.283800344914198,2dbe0f99240aa10f3afaa2e9baade88c614cbfa3851052669dd13811f6bf0db6,10 10 10,False,0.522853727661992,0.002285162669368469,377789.6221251888,,exact,377789.6221251888,172974,exact,3.764672313357642e-11,,exact,3.764672313357642e-11,172974,exact,0.7835267149976297,exact,0.7835267149976297,172974,exact,1137720.0,5.187644611712661,9.835275092443482,11898328,552356,0.04642299321383643,ok,1.0,
table_2_dataset_summary,stanford_armadillo,Stanford Armadillo,E4,172974,A3_isotropic_hilbert,isotropic_hilbert,C0_uniform,uniform,172974,172974,D0,clean,1,none,all,2.3350596870295703,2dbe0f99240aa10f3afaa2e9baade88c614cbfa3851052669dd13811f6bf0db6,10 10 10,False,0.522853727661992,0.002285162669368469,377789.6221251888,,exact,377789.6221251888,172974,exact,3.764672313357642e-11,,exact,3.764672313357642e-11,172974,exact,0.7835267149976297,exact,0.7835267149976297,172974,exact,1144400.0,5.187644611712661,9.835275092443482,11828209,598954,0.05063775927530533,ok,1.0,
table_2_dataset_summary,stanford_armadillo,Stanford Armadillo,E4,172974,A3_isotropic_hilbert,isotropic_hilbert,C0_uniform,uniform,172974,172974,D0,clean,2,none,all,2.227819073945284,2dbe0f99240aa10f3afaa2e9baade88c614cbfa3851052669dd13811f6bf0db6,10 10 10,False,0.522853727661992,0.002285162669368469,377789.6221251888,,exact,377789.6221251888,172974,exact,3.764672313357642e-11,,exact,3.764672313357642e-11,172974,exact,0.7835267149976297,exact,0.7835267149976297,172974,exact,1151596.0,5.187644611712661,9.835275092443482,13400726,582023,0.04343219912115209,ok,1.0,
table_2_dataset_summary,stanford_armadillo,Stanford Armadillo,E4,172974,A3_isotropic_hilbert,isotropic_hilbert,C0_uniform,uniform,172974,172974,D0,clean,3,none,all,2.3013674520188943,2dbe0f99240aa10f3afaa2e9baade88c614cbfa3851052669dd13811f6bf0db6,10 10 10,False,0.522853727661992,0.002285162669368469,377789.6221251888,,exact,377789.6221251888,172974,exact,3.764672313357642e-11,,exact,3.764672313357642e-11,172974,exact,0.7835267149976297,exact,0.7835267149976297,172974,exact,1158452.0,5.187644611712661,9.835275092443482,10778374,547580,0.05080358131940866,ok,1.0,
table_2_dataset_summary,stanford_armadillo,Stanford Armadillo,E4,172974,A3_isotropic_hilbert,isotropic_hilbert,C0_uniform,uniform,172974,172974,D0,clean,4,none,all,2.3238535330165178,2dbe0f99240aa10f3afaa2e9baade88c614cbfa3851052669dd13811f6bf0db6,10 10 10,False,0.522853727661992,0.002285162669368469,377789.6221251888,,exact,377789.6221251888,172974,exact,3.764672313357642e-11,,exact,3.764672313357642e-11,172974,exact,0.7835267149976297,exact,0.7835267149976297,172974,exact,1165256.0,5.187644611712661,9.835275092443482,10666786,585766,0.05491494813901769,ok,1.0,
table_2_dataset_summary,stanford_armadillo,Stanford Armadillo,E4,172974,A3_isotropic_hilbert,isotropic_hilbert,C1_monotone_half,monotone_half,172974,172974,D0,clean,0,none,all,2.2877009559888393,2dbe0f99240aa10f3afaa2e9baade88c614cbfa3851052669dd13811f6bf0db6,10 10 10,False,0.522853727661992,0.002285162669368469,377789.6221251888,,exact,377789.6221251888,172974,exact,3.764672313357642e-11,,exact,3.764672313357642e-11,172974,exact,0.7835267149976297,exact,0.7835267149976297,172974,exact,1172172.0,5.187644611712661,9.835275092443482,12125244,569061,0.04693192153493983,ok,1.0,
table_2_dataset_summary,stanford_armadillo,Stanford Armadillo,E4,172974,A3_isotropic_hilbert,isotropic_hilbert,C1_monotone_half,monotone_half,172974,172974,D0,clean,1,none,all,2.2535279880976304,2dbe0f99240aa10f3afaa2e9baade88c614cbfa3851052669dd13811f6bf0db6,10 10 10,False,0.522853727661992,0.002285162669368469,377789.6221251888,,exact,377789.6221251888,172974,exact,3.764672313357642e-11,,exact,3.764672313357642e-11,172974,exact,0.7835267149976297,exact,0.7835267149976297,172974,exact,1178936.0,5.187644611712661,9.835275092443482,11894116,550582,0.046290283363639634,ok,1.0,
table_2_dataset_summary,stanford_armadillo,Stanford Armadillo,E4,172974,A3_isotropic_hilbert,isotropic_hilbert,C1_monotone_half,monotone_half,172974,172974,D0,clean,2,none,all,2.334861826035194,2dbe0f99240aa10f3afaa2e9baade88c614cbfa3851052669dd13811f6bf0db6,10 10 10,False,0.522853727661992,0.002285162669368469,377789.6221251888,,exact,377789.6221251888,172974,exact,3.764672313357642e-11,,exact,3.764672313357642e-11,172974,exact,0.7835267149976297,exact,0.7835267149976297,172974,exact,1185484.0,5.187644611712661,9.835275092443482,11313762,615071,0.05436485229227908,ok,1.0,
table_2_dataset_summary,stanford_armadillo,Stanford Armadillo,E4,172974,A3_isotropic_hilbert,isotropic_hilbert,C1_monotone_half,monotone_half,172974,172974,D0,clean,3,none,all,2.291411429992877,2dbe0f99240aa10f3afaa2e9baade88c614cbfa3851052669dd13811f6bf0db6,10 10 10,False,0.522853727661992,0.002285162669368469,377789.6221251888,,exact,377789.6221251888,172974,exact,3.764672313357642e-11,,exact,3.764672313357642e-11,172974,exact,0.7835267149976297,exact,0.7835267149976297,172974,exact,1192128.0,5.187644611712661,9.835275092443482,13013971,540561,0.041536975916113536,ok,1.0,
table_2_dataset_summary,stanford_armadillo,Stanford Armadillo,E4,172974,A3_isotropic_hilbert,isotropic_hilbert,C1_monotone_half,monotone_half,172974,172974,D0,clean,4,none,all,2.304231899906881,2dbe0f99240aa10f3afaa2e9baade88c614cbfa3851052669dd13811f6bf0db6,10 10 10,False,0.522853727661992,0.002285162669368469,377789.6221251888,,exact,377789.6221251888,172974,exact,3.764672313357642e-11,,exact,3.764672313357642e-11,172974,exact,0.7835267149976297,exact,0.7835267149976297,172974,exact,1198752.0,5.187644611712661,9.835275092443482,12829700,611408,0.047655673944051694,ok,1.0,
table_2_dataset_summary,stanford_armadillo,Stanford Armadillo,E4,172974,A3_isotropic_hilbert,isotropic_hilbert,C2_occupancy_floor1,occupancy_floor1,172974,172974,D0,clean,0,none,all,2.30442157399375,2dbe0f99240aa10f3afaa2e9baade88c614cbfa3851052669dd13811f6bf0db6,10 10 10,False,0.522853727661992,0.002285162669368469,377789.6221251888,,exact,377789.6221251888,172974,exact,3.764672313357642e-11,,exact,3.764672313357642e-11,172974,exact,0.7835267149976297,exact,0.7835267149976297,172974,exact,1205596.0,5.187644611712661,9.835275092443482,11019968,548451,0.049768837804247706,ok,1.0,
table_2_dataset_summary,stanford_armadillo,Stanford Armadillo,E4,172974,A3_isotropic_hilbert,isotropic_hilbert,C2_occupancy_floor1,occupancy_floor1,172974,172974,D0,clean,1,none,all,2.2481321110390127,2dbe0f99240aa10f3afaa2e9baade88c614cbfa3851052669dd13811f6bf0db6,10 10 10,False,0.522853727661992,0.002285162669368469,377789.6221251888,,exact,377789.6221251888,172974,exact,3.764672313357642e-11,,exact,3.764672313357642e-11,172974,exact,0.7835267149976297,exact,0.7835267149976297,172974,exact,1212492.0,5.187644611712661,9.835275092443482,12165415,596787,0.04905603302476734,ok,1.0,
table_2_dataset_summary,stanford_armadillo,Stanford Armadillo,E4,172974,A3_isotropic_hilbert,isotropic_hilbert,C2_occupancy_floor1,occupancy_floor1,172974,172974,D0,clean,2,none,all,2.3007455399492756,2dbe0f99240aa10f3afaa2e9baade88c614cbfa3851052669dd13811f6bf0db6,10 10 10,False,0.522853727661992,0.002285162669368469,377789.6221251888,,exact,377789.6221251888,172974,exact,3.764672313357642e-11,,exact,3.764672313357642e-11,172974,exact,0.7835267149976297,exact,0.7835267149976297,172974,exact,1219324.0,5.187644611712661,9.835275092443482,15637468,572262,0.03659556649452456,ok,1.0,
table_2_dataset_summary,stanford_armadillo,Stanford Armadillo,E4,172974,A3_isotropic_hilbert,isotropic_hilbert,C2_occupancy_floor1,occupancy_floor1,172974,172974,D0,clean,3,none,all,2.3276595190400258,2dbe0f99240aa10f3afaa2e9baade88c614cbfa3851052669dd13811f6bf0db6,10 10 10,False,0.522853727661992,0.002285162669368469,377789.6221251888,,exact,377789.6221251888,172974,exact,3.764672313357642e-11,,exact,3.764672313357642e-11,172974,exact,0.7835267149976297,exact,0.7835267149976297,172974,exact,1226172.0,5.187644611712661,9.835275092443482,11466971,587514,0.05123532622520804,ok,1.0,
table_2_dataset_summary,stanford_armadillo,Stanford Armadillo,E4,172974,A3_isotropic_hilbert,isotropic_hilbert,C2_occupancy_floor1,occupancy_floor1,172974,172974,D0,clean,4,none,all,2.2948768970090896,2dbe0f99240aa10f3afaa2e9baade88c614cbfa3851052669dd13811f6bf0db6,10 10 10,False,0.522853727661992,0.002285162669368469,377789.6221251888,,exact,377789.6221251888,172974,exact,3.764672313357642e-11,,exact,3.764672313357642e-11,172974,exact,0.7835267149976297,exact,0.7835267149976297,172974,exact,1233004.0,5.187644611712661,9.835275092443482,11876147,565575,0.047622768562901756,ok,1.0,
table_2_dataset_summary,stanford_armadillo,Stanford Armadillo,E4,172974,A3_isotropic_hilbert,isotropic_hilbert,C3_frame_core_occupancy,frame_core_occupancy,172974,172974,D0,clean,0,none,all,2.339660129044205,2dbe0f99240aa10f3afaa2e9baade88c614cbfa3851052669dd13811f6bf0db6,10 10 10,False,0.522853727661992,0.002285162669368469,377789.6221251888,,exact,377789.6221251888,172974,exact,3.764672313357642e-11,,exact,3.764672313357642e-11,172974,exact,0.7835267149976297,exact,0.7835267149976297,172974,exact,1239964.0,5.187644611712661,9.835275092443482,13069629,583237,0.044625367713192164,ok,1.0,
table_2_dataset_summary,stanford_armadillo,Stanford Armadillo,E4,172974,A3_isotropic_hilbert,isotropic_hilbert,C3_frame_core_occupancy,frame_core_occupancy,172974,172974,D0,clean,1,none,all,2.306108564021997,2dbe0f99240aa10f3afaa2e9baade88c614cbfa3851052669dd13811f6bf0db6,10 10 10,False,0.522853727661992,0.002285162669368469,377789.6221251888,,exact,377789.6221251888,172974,exact,3.764672313357642e-11,,exact,3.764672313357642e-11,172974,exact,0.7835267149976297,exact,0.7835267149976297,172974,exact,1247032.0,5.187644611712661,9.835275092443482,11769212,586990,0.04987504685955185,ok,1.0,
table_2_dataset_summary,stanford_armadillo,Stanford Armadillo,E4,172974,A3_isotropic_hilbert,isotropic_hilbert,C3_frame_core_occupancy,frame_core_occupancy,172974,172974,D0,clean,2,none,all,2.3075575010152534,2dbe0f99240aa10f3afaa2e9baade88c614cbfa3851052669dd13811f6bf0db6,10 10 10,False,0.522853727661992,0.002285162669368469,377789.6221251888,,exact,377789.6221251888,172974,exact,3.764672313357642e-11,,exact,3.764672313357642e-11,172974,exact,0.7835267149976297,exact,0.7835267149976297,172974,exact,1253660.0,5.187644611712661,9.835275092443482,11525877,580957,0.0504045809269004,ok,1.0,
table_2_dataset_summary,stanford_armadillo,Stanford Armadillo,E4,172974,A3_isotropic_hilbert,isotropic_hilbert,C3_frame_core_occupancy,frame_core_occupancy,172974,172974,D0,clean,3,none,all,2.3579198990482837,2dbe0f99240aa10f3afaa2e9baade88c614cbfa3851052669dd13811f6bf0db6,10 10 10,False,0.522853727661992,0.002285162669368469,377789.6221251888,,exact,377789.6221251888,172974,exact,3.764672313357642e-11,,exact,3.764672313357642e-11,172974,exact,0.7835267149976297,exact,0.7835267149976297,172974,exact,1260320.0,5.187644611712661,9.835275092443482,11435916,572567,0.05006743666182928,ok,1.0,
table_2_dataset_summary,stanford_armadillo,Stanford Armadillo,E4,172974,A3_isotropic_hilbert,isotropic_hilbert,C3_frame_core_occupancy,frame_core_occupancy,172974,172974,D0,clean,4,none,all,2.32374168606475,2dbe0f99240aa10f3afaa2e9baade88c614cbfa3851052669dd13811f6bf0db6,10 10 10,False,0.522853727661992,0.002285162669368469,377789.6221251888,,exact,377789.6221251888,172974,exact,3.764672313357642e-11,,exact,3.764672313357642e-11,172974,exact,0.7835267149976297,exact,0.7835267149976297,172974,exact,1267236.0,5.187644611712661,9.835275092443482,10884019,582889,0.05355457391244907,ok,1.0,
table_2_dataset_summary,stanford_armadillo,Stanford Armadillo,E4,172974,A3_isotropic_hilbert,isotropic_hilbert,C4_hybrid,hybrid_occupancy,172974,172974,D0,clean,0,none,all,2.3271005409769714,2dbe0f99240aa10f3afaa2e9baade88c614cbfa3851052669dd13811f6bf0db6,10 10 10,False,0.522853727661992,0.002285162669368469,377789.6221251888,,exact,377789.6221251888,172974,exact,3.764672313357642e-11,,exact,3.764672313357642e-11,172974,exact,0.7835267149976297,exact,0.7835267149976297,172974,exact,1273964.0,5.187644611712661,9.835275092443482,11061831,565931,0.05116069844133399,ok,1.0,
table_2_dataset_summary,stanford_armadillo,Stanford Armadillo,E4,172974,A3_isotropic_hilbert,isotropic_hilbert,C4_hybrid,hybrid_occupancy,172974,172974,D0,clean,1,none,all,2.359006011974998,2dbe0f99240aa10f3afaa2e9baade88c614cbfa3851052669dd13811f6bf0db6,10 10 10,False,0.522853727661992,0.002285162669368469,377789.6221251888,,exact,377789.6221251888,172974,exact,3.764672313357642e-11,,exact,3.764672313357642e-11,172974,exact,0.7835267149976297,exact,0.7835267149976297,172974,exact,1280736.0,5.187644611712661,9.835275092443482,12233620,584009,0.04773803665636173,ok,1.0,
table_2_dataset_summary,stanford_armadillo,Stanford Armadillo,E4,172974,A3_isotropic_hilbert,isotropic_hilbert,C4_hybrid,hybrid_occupancy,172974,172974,D0,clean,2,none,all,2.3001896230271086,2dbe0f99240aa10f3afaa2e9baade88c614cbfa3851052669dd13811f6bf0db6,10 10 10,False,0.522853727661992,0.002285162669368469,377789.6221251888,,exact,377789.6221251888,172974,exact,3.764672313357642e-11,,exact,3.764672313357642e-11,172974,exact,0.7835267149976297,exact,0.7835267149976297,172974,exact,1287620.0,5.187644611712661,9.835275092443482,12141137,559778,0.0461058960128693,ok,1.0,
table_2_dataset_summary,stanford_armadillo,Stanford Armadillo,E4,172974,A3_isotropic_hilbert,isotropic_hilbert,C4_hybrid,hybrid_occupancy,172974,172974,D0,clean,3,none,all,2.3172868309775367,2dbe0f99240aa10f3afaa2e9baade88c614cbfa3851052669dd13811f6bf0db6,10 10 10,False,0.522853727661992,0.002285162669368469,377789.6221251888,,exact,377789.6221251888,172974,exact,3.764672313357642e-11,,exact,3.764672313357642e-11,172974,exact,0.7835267149976297,exact,0.7835267149976297,172974,exact,1294440.0,5.187644611712661,9.835275092443482,12431786,573783,0.04615451070345001,ok,1.0,
table_2_dataset_summary,stanford_armadillo,Stanford Armadillo,E4,172974,A3_isotropic_hilbert,isotropic_hilbert,C4_hybrid,hybrid_occupancy,172974,172974,D0,clean,4,none,all,2.320762136951089,2dbe0f99240aa10f3afaa2e9baade88c614cbfa3851052669dd13811f6bf0db6,10 10 10,False,0.522853727661992,0.002285162669368469,377789.6221251888,,exact,377789.6221251888,172974,exact,3.764672313357642e-11,,exact,3.764672313357642e-11,172974,exact,0.7835267149976297,exact,0.7835267149976297,172974,exact,1301400.0,5.187644611712661,9.835275092443482,11940525,572700,0.04796271520724591,ok,1.0,
table_2_dataset_summary,stanford_armadillo,Stanford Armadillo,E4,172974,A4_compact_hilbert_aabb,compact_hilbert_aabb,C0_uniform,uniform,172974,172974,D0,clean,0,none,all,2.303665391053073,ed71af5b4c69fe798a71fc5d6ad6ac64a566b970121a1aee9d3a56173114f2cb,10 10 10,False,0.522853727661992,0.002285162669368469,377789.6221251888,,exact,377789.6221251888,172974,exact,3.764672313357642e-11,,exact,3.764672313357642e-11,172974,exact,0.7835267149976297,exact,0.7835267149976297,172974,exact,1308288.0,5.187644611712661,9.835275092443482,12482410,564110,0.04519239473787514,ok,1.0,
table_2_dataset_summary,stanford_armadillo,Stanford Armadillo,E4,172974,A4_compact_hilbert_aabb,compact_hilbert_aabb,C0_uniform,uniform,172974,172974,D0,clean,1,none,all,2.329864591010846,ed71af5b4c69fe798a71fc5d6ad6ac64a566b970121a1aee9d3a56173114f2cb,10 10 10,False,0.522853727661992,0.002285162669368469,377789.6221251888,,exact,377789.6221251888,172974,exact,3.764672313357642e-11,,exact,3.764672313357642e-11,172974,exact,0.7835267149976297,exact,0.7835267149976297,172974,exact,1315240.0,5.187644611712661,9.835275092443482,13508053,558653,0.04135703346736943,ok,1.0,
table_2_dataset_summary,stanford_armadillo,Stanford Armadillo,E4,172974,A4_compact_hilbert_aabb,compact_hilbert_aabb,C0_uniform,uniform,172974,172974,D0,clean,2,none,all,2.3421018309891224,ed71af5b4c69fe798a71fc5d6ad6ac64a566b970121a1aee9d3a56173114f2cb,10 10 10,False,0.522853727661992,0.002285162669368469,377789.6221251888,,exact,377789.6221251888,172974,exact,3.764672313357642e-11,,exact,3.764672313357642e-11,172974,exact,0.7835267149976297,exact,0.7835267149976297,172974,exact,1322276.0,5.187644611712661,9.835275092443482,13587043,551084,0.04055952424674007,ok,1.0,
table_2_dataset_summary,stanford_armadillo,Stanford Armadillo,E4,172974,A4_compact_hilbert_aabb,compact_hilbert_aabb,C0_uniform,uniform,172974,172974,D0,clean,3,none,all,2.3014509620843455,ed71af5b4c69fe798a71fc5d6ad6ac64a566b970121a1aee9d3a56173114f2cb,10 10 10,False,0.522853727661992,0.002285162669368469,377789.6221251888,,exact,377789.6221251888,172974,exact,3.764672313357642e-11,,exact,3.764672313357642e-11,172974,exact,0.7835267149976297,exact,0.7835267149976297,172974,exact,1328672.0,5.187644611712661,9.835275092443482,12303469,599504,0.048726420166540024,ok,1.0,
table_2_dataset_summary,stanford_armadillo,Stanford Armadillo,E4,172974,A4_compact_hilbert_aabb,compact_hilbert_aabb,C0_uniform,uniform,172974,172974,D0,clean,4,none,all,2.303381416015327,ed71af5b4c69fe798a71fc5d6ad6ac64a566b970121a1aee9d3a56173114f2cb,10 10 10,False,0.522853727661992,0.002285162669368469,377789.6221251888,,exact,377789.6221251888,172974,exact,3.764672313357642e-11,,exact,3.764672313357642e-11,172974,exact,0.7835267149976297,exact,0.7835267149976297,172974,exact,1335452.0,5.187644611712661,9.835275092443482,12330034,557540,0.04521804238333812,ok,1.0,
table_2_dataset_summary,stanford_armadillo,Stanford Armadillo,E4,172974,A4_compact_hilbert_aabb,compact_hilbert_aabb,C1_monotone_half,monotone_half,172974,172974,D0,clean,0,none,all,2.354379349038936,07f928efd4c1e1b9543a1fd844d0338132253ed77e715f29554258c1387ea8c1,4 10 1,False,1.60278139735035,0.007005049448076257,1509790.880343426,,exact,1509790.880343426,172974,exact,3.764672313357642e-11,,exact,3.764672313357642e-11,172974,exact,0.29426170985234773,exact,0.29426170985234773,172974,exact,1342776.0,28.70611505942878,64.56186393217163,11623427,539961,0.04645454391377001,ok,1.0,
table_2_dataset_summary,stanford_armadillo,Stanford Armadillo,E4,172974,A4_compact_hilbert_aabb,compact_hilbert_aabb,C1_monotone_half,monotone_half,172974,172974,D0,clean,1,none,all,2.3496935960138217,07f928efd4c1e1b9543a1fd844d0338132253ed77e715f29554258c1387ea8c1,4 10 1,False,1.60278139735035,0.007005049448076257,1509790.880343426,,exact,1509790.880343426,172974,exact,3.764672313357642e-11,,exact,3.764672313357642e-11,172974,exact,0.29426170985234773,exact,0.29426170985234773,172974,exact,1349416.0,28.70611505942878,64.56186393217163,11890736,527900,0.04439590619117269,ok,1.0,
table_2_dataset_summary,stanford_armadillo,Stanford Armadillo,E4,172974,A4_compact_hilbert_aabb,compact_hilbert_aabb,C1_monotone_half,monotone_half,172974,172974,D0,clean,2,none,all,2.347833807929419,07f928efd4c1e1b9543a1fd844d0338132253ed77e715f29554258c1387ea8c1,4 10 1,False,1.60278139735035,0.007005049448076257,1509790.880343426,,exact,1509790.880343426,172974,exact,3.764672313357642e-11,,exact,3.764672313357642e-11,172974,exact,0.29426170985234773,exact,0.29426170985234773,172974,exact,1356484.0,28.70611505942878,64.56186393217163,10787385,535291,0.04962194266729147,ok,1.0,
table_2_dataset_summary,stanford_armadillo,Stanford Armadillo,E4,172974,A4_compact_hilbert_aabb,compact_hilbert_aabb,C1_monotone_half,monotone_half,172974,172974,D0,clean,3,none,all,2.3249923470430076,07f928efd4c1e1b9543a1fd844d0338132253ed77e715f29554258c1387ea8c1,4 10 1,False,1.60278139735035,0.007005049448076257,1509790.880343426,,exact,1509790.880343426,172974,exact,3.764672313357642e-11,,exact,3.764672313357642e-11,172974,exact,0.29426170985234773,exact,0.29426170985234773,172974,exact,1363100.0,28.70611505942878,64.56186393217163,12538268,540838,0.04313498483203581,ok,1.0,
table_2_dataset_summary,stanford_armadillo,Stanford Armadillo,E4,172974,A4_compact_hilbert_aabb,compact_hilbert_aabb,C1_monotone_half,monotone_half,172974,172974,D0,clean,4,none,all,2.322293931967579,07f928efd4c1e1b9543a1fd844d0338132253ed77e715f29554258c1387ea8c1,4 10 1,False,1.60278139735035,0.007005049448076257,1509790.880343426,,exact,1509790.880343426,172974,exact,3.764672313357642e-11,,exact,3.764672313357642e-11,172974,exact,0.29426170985234773,exact,0.29426170985234773,172974,exact,1370264.0,28.70611505942878,64.56186393217163,11224979,547581,0.04878236297814009,ok,1.0,
table_2_dataset_summary,stanford_armadillo,Stanford Armadillo,E4,172974,A4_compact_hilbert_aabb,compact_hilbert_aabb,C2_occupancy_floor1,occupancy_floor1,172974,172974,D0,clean,0,none,all,2.314661110052839,d2bbd7f1e877ead8aa62aea720dd678187ba89aed3f633b77940dfc3877e2c25,6 7 6,False,0.5244515495180477,0.002292146042852458,3097018.4940091455,,exact,3097018.4940091455,172974,exact,3.764672313357642e-11,,exact,3.764672313357642e-11,172974,exact,0.7824355105391562,exact,0.7824355105391562,172974,exact,1377080.0,5.321022652306554,9.979388498989366,11335157,574885,0.05071698609908976,ok,1.0,
table_2_dataset_summary,stanford_armadillo,Stanford Armadillo,E4,172974,A4_compact_hilbert_aabb,compact_hilbert_aabb,C2_occupancy_floor1,occupancy_floor1,172974,172974,D0,clean,1,none,all,2.2745174799347296,d2bbd7f1e877ead8aa62aea720dd678187ba89aed3f633b77940dfc3877e2c25,6 7 6,False,0.5244515495180477,0.002292146042852458,3097018.4940091455,,exact,3097018.4940091455,172974,exact,3.764672313357642e-11,,exact,3.764672313357642e-11,172974,exact,0.7824355105391562,exact,0.7824355105391562,172974,exact,1383860.0,5.321022652306554,9.979388498989366,11579266,556091,0.0480247193561319,ok,1.0,
table_2_dataset_summary,stanford_armadillo,Stanford Armadillo,E4,172974,A4_compact_hilbert_aabb,compact_hilbert_aabb,C2_occupancy_floor1,occupancy_floor1,172974,172974,D0,clean,2,none,all,2.3102522490080446,d2bbd7f1e877ead8aa62aea720dd678187ba89aed3f633b77940dfc3877e2c25,6 7 6,False,0.5244515495180477,0.002292146042852458,3097018.4940091455,,exact,3097018.4940091455,172974,exact,3.764672313357642e-11,,exact,3.764672313357642e-11,172974,exact,0.7824355105391562,exact,0.7824355105391562,172974,exact,1390728.0,5.321022652306554,9.979388498989366,11418287,544449,0.047682196112253966,ok,1.0,
table_2_dataset_summary,stanford_armadillo,Stanford Armadillo,E4,172974,A4_compact_hilbert_aabb,compact_hilbert_aabb,C2_occupancy_floor1,occupancy_floor1,172974,172974,D0,clean,3,none,all,2.3050639029825106,d2bbd7f1e877ead8aa62aea720dd678187ba89aed3f633b77940dfc3877e2c25,6 7 6,False,0.5244515495180477,0.002292146042852458,3097018.4940091455,,exact,3097018.4940091455,172974,exact,3.764672313357642e-11,,exact,3.764672313357642e-11,172974,exact,0.7824355105391562,exact,0.7824355105391562,172974,exact,1397296.0,5.321022652306554,9.979388498989366,13331314,571212,0.04284738923709996,ok,1.0,
table_2_dataset_summary,stanford_armadillo,Stanford Armadillo,E4,172974,A4_compact_hilbert_aabb,compact_hilbert_aabb,C2_occupancy_floor1,occupancy_floor1,172974,172974,D0,clean,4,none,all,2.3178726700134575,d2bbd7f1e877ead8aa62aea720dd678187ba89aed3f633b77940dfc3877e2c25,6 7 6,False,0.5244515495180477,0.002292146042852458,3097018.4940091455,,exact,3097018.4940091455,172974,exact,3.764672313357642e-11,,exact,3.764672313357642e-11,172974,exact,0.7824355105391562,exact,0.7824355105391562,172974,exact,1404080.0,5.321022652306554,9.979388498989366,12576881,589536,0.0468745788403341,ok,1.0,
table_2_dataset_summary,stanford_armadillo,Stanford Armadillo,E4,172974,A5_pca_compact_hilbert,pca_compact_hilbert,C0_uniform,uniform,172974,172974,D0,clean,0,sample_covariance,all,2.3157236860133708,25d264dfe198adf3e27e91c13fd96f119713c885247d6d0da3df2c942a40f3b2,10 10 10,False,0.5313339969983554,0.0023222261804202167,1537158.6166828666,,exact,1537158.6166828666,172974,exact,3.764672313357642e-11,,exact,3.764672313357642e-11,172974,exact,0.7728567588192445,exact,0.7728567588192445,172974,exact,1410912.0,5.46660108441736,10.486257319677597,11719839,558766,0.047676934811135205,ok,1.0,0.0
table_2_dataset_summary,stanford_armadillo,Stanford Armadillo,E4,172974,A5_pca_compact_hilbert,pca_compact_hilbert,C0_uniform,uniform,172974,172974,D0,clean,1,sample_covariance,all,2.3012012680992484,25d264dfe198adf3e27e91c13fd96f119713c885247d6d0da3df2c942a40f3b2,10 10 10,False,0.5313339969983554,0.0023222261804202167,1537158.6166828666,,exact,1537158.6166828666,172974,exact,3.764672313357642e-11,,exact,3.764672313357642e-11,172974,exact,0.7728567588192445,exact,0.7728567588192445,172974,exact,1418028.0,5.46660108441736,10.486257319677597,10768163,554907,0.051532187987867566,ok,1.0,0.0
table_2_dataset_summary,stanford_armadillo,Stanford Armadillo,E4,172974,A5_pca_compact_hilbert,pca_compact_hilbert,C0_uniform,uniform,172974,172974,D0,clean,2,sample_covariance,all,2.319794385926798,25d264dfe198adf3e27e91c13fd96f119713c885247d6d0da3df2c942a40f3b2,10 10 10,False,0.5313339969983554,0.0023222261804202167,1537158.6166828666,,exact,1537158.6166828666,172974,exact,3.764672313357642e-11,,exact,3.764672313357642e-11,172974,exact,0.7728567588192445,exact,0.7728567588192445,172974,exact,1424864.0,5.46660108441736,10.486257319677597,10986251,580571,0.0528452335560147,ok,1.0,0.0
table_2_dataset_summary,stanford_armadillo,Stanford Armadillo,E4,172974,A5_pca_compact_hilbert,pca_compact_hilbert,C0_uniform,uniform,172974,172974,D0,clean,3,sample_covariance,all,2.3025853759609163,25d264dfe198adf3e27e91c13fd96f119713c885247d6d0da3df2c942a40f3b2,10 10 10,False,0.5313339969983554,0.0023222261804202167,1537158.6166828666,,exact,1537158.6166828666,172974,exact,3.764672313357642e-11,,exact,3.764672313357642e-11,172974,exact,0.7728567588192445,exact,0.7728567588192445,172974,exact,1431824.0,5.46660108441736,10.486257319677597,13121820,568879,0.04335366587866622,ok,1.0,0.0
table_2_dataset_summary,stanford_armadillo,Stanford Armadillo,E4,172974,A5_pca_compact_hilbert,pca_compact_hilbert,C0_uniform,uniform,172974,172974,D0,clean,4,sample_covariance,all,2.323512699920684,25d264dfe198adf3e27e91c13fd96f119713c885247d6d0da3df2c942a40f3b2,10 10 10,False,0.5313339969983554,0.0023222261804202167,1537158.6166828666,,exact,1537158.6166828666,172974,exact,3.764672313357642e-11,,exact,3.764672313357642e-11,172974,exact,0.7728567588192445,exact,0.7728567588192445,172974,exact,1438580.0,5.46660108441736,10.486257319677597,11689901,583415,0.049907608285134325,ok,1.0,0.0
table_2_dataset_summary,stanford_armadillo,Stanford Armadillo,E4,172974,A5_pca_compact_hilbert,pca_compact_hilbert,C1_monotone_half,monotone_half,172974,172974,D0,clean,0,sample_covariance,all,2.355251087923534,3824bda1439a9d1e764e4f9383bfdf419bc04c177b8a9b292430ef8b1dea7acf,10 4 1,False,1.5452112910437628,0.006753435945401882,540219.4200996356,,exact,540219.4200996356,172974,exact,3.764672313357642e-11,,exact,3.764672313357642e-11,172974,exact,0.27994452923560764,exact,0.27994452923560764,172974,exact,1445680.0,26.693571297667248,55.604570493905754,11827025,527219,0.04457748250299631,ok,1.0,0.0
table_2_dataset_summary,stanford_armadillo,Stanford Armadillo,E4,172974,A5_pca_compact_hilbert,pca_compact_hilbert,C1_monotone_half,monotone_half,172974,172974,D0,clean,1,sample_covariance,all,2.3386869109235704,3824bda1439a9d1e764e4f9383bfdf419bc04c177b8a9b292430ef8b1dea7acf,10 4 1,False,1.5452112910437628,0.006753435945401882,540219.4200996356,,exact,540219.4200996356,172974,exact,3.764672313357642e-11,,exact,3.764672313357642e-11,172974,exact,0.27994452923560764,exact,0.27994452923560764,172974,exact,1452396.0,26.693571297667248,55.604570493905754,10932652,553090,0.050590652661403654,ok,1.0,0.0
table_2_dataset_summary,stanford_armadillo,Stanford Armadillo,E4,172974,A5_pca_compact_hilbert,pca_compact_hilbert,C1_monotone_half,monotone_half,172974,172974,D0,clean,2,sample_covariance,all,2.2704738458851352,3824bda1439a9d1e764e4f9383bfdf419bc04c177b8a9b292430ef8b1dea7acf,10 4 1,False,1.5452112910437628,0.006753435945401882,540219.4200996356,,exact,540219.4200996356,172974,exact,3.764672313357642e-11,,exact,3.764672313357642e-11,172974,exact,0.27994452923560764,exact,0.27994452923560764,172974,exact,1459088.0,26.693571297667248,55.604570493905754,12408005,529524,0.042675998276918814,ok,1.0,0.0
table_2_dataset_summary,stanford_armadillo,Stanford Armadillo,E4,172974,A5_pca_compact_hilbert,pca_compact_hilbert,C1_monotone_half,monotone_half,172974,172974,D0,clean,3,sample_covariance,all,2.320047668996267,3824bda1439a9d1e764e4f9383bfdf419bc04c177b8a9b292430ef8b1dea7acf,10 4 1,False,1.5452112910437628,0.006753435945401882,540219.4200996356,,exact,540219.4200996356,172974,exact,3.764672313357642e-11,,exact,3.764672313357642e-11,172974,exact,0.27994452923560764,exact,0.27994452923560764,172974,exact,1465872.0,26.693571297667248,55.604570493905754,17164060,567124,0.033041366669657415,ok,1.0,0.0
table_2_dataset_summary,stanford_armadillo,Stanford Armadillo,E4,172974,A5_pca_compact_hilbert,pca_compact_hilbert,C1_monotone_half,monotone_half,172974,172974,D0,clean,4,sample_covariance,all,2.3166917510097846,3824bda1439a9d1e764e4f9383bfdf419bc04c177b8a9b292430ef8b1dea7acf,10 4 1,False,1.5452112910437628,0.006753435945401882,540219.4200996356,,exact,540219.4200996356,172974,exact,3.764672313357642e-11,,exact,3.764672313357642e-11,172974,exact,0.27994452923560764,exact,0.27994452923560764,172974,exact,1472808.0,26.693571297667248,55.604570493905754,12503474,533457,0.04266470262584623,ok,1.0,0.0
table_2_dataset_summary,stanford_armadillo,Stanford Armadillo,E4,172974,A5_pca_compact_hilbert,pca_compact_hilbert,C2_occupancy_floor1,occupancy_floor1,172974,172974,D0,clean,0,sample_covariance,all,2.3333306389395148,418e42852a2c8fbf627ac0ffc64aec03fb6ced2edf6b2ba87fc018eaa1d38227,7 6 6,False,0.5307219074825297,0.0023195510075413096,433814.51247864857,,exact,433814.51247864857,172974,exact,3.4914582897198324e-11,,exact,3.4914582897198324e-11,172974,exact,0.7786061778070693,exact,0.7786061778070693,172974,exact,1479820.0,5.283112458810095,9.933392191305362,12162644,527347,0.043357924477605364,ok,1.0,0.0
table_2_dataset_summary,stanford_armadillo,Stanford Armadillo,E4,172974,A5_pca_compact_hilbert,pca_compact_hilbert,C2_occupancy_floor1,occupancy_floor1,172974,172974,D0,clean,1,sample_covariance,all,2.2513744309544563,418e42852a2c8fbf627ac0ffc64aec03fb6ced2edf6b2ba87fc018eaa1d38227,7 6 6,False,0.5307219074825297,0.0023195510075413096,433814.51247864857,,exact,433814.51247864857,172974,exact,3.4914582897198324e-11,,exact,3.4914582897198324e-11,172974,exact,0.7786061778070693,exact,0.7786061778070693,172974,exact,1486612.0,5.283112458810095,9.933392191305362,10995384,568069,0.051664316589579776,ok,1.0,0.0
table_2_dataset_summary,stanford_armadillo,Stanford Armadillo,E4,172974,A5_pca_compact_hilbert,pca_compact_hilbert,C2_occupancy_floor1,occupancy_floor1,172974,172974,D0,clean,2,sample_covariance,all,2.2407080670818686,418e42852a2c8fbf627ac0ffc64aec03fb6ced2edf6b2ba87fc018eaa1d38227,7 6 6,False,0.5307219074825297,0.0023195510075413096,433814.51247864857,,exact,433814.51247864857,172974,exact,3.4914582897198324e-11,,exact,3.4914582897198324e-11,172974,exact,0.7786061778070693,exact,0.7786061778070693,172974,exact,1493372.0,5.283112458810095,9.933392191305362,12020347,540883,0.04499728668398675,ok,1.0,0.0
table_2_dataset_summary,stanford_armadillo,Stanford Armadillo,E4,172974,A5_pca_compact_hilbert,pca_compact_hilbert,C2_occupancy_floor1,occupancy_floor1,172974,172974,D0,clean,3,sample_covariance,all,2.3162864110199735,418e42852a2c8fbf627ac0ffc64aec03fb6ced2edf6b2ba87fc018eaa1d38227,7 6 6,False,0.5307219074825297,0.0023195510075413096,433814.51247864857,,exact,433814.51247864857,172974,exact,3.4914582897198324e-11,,exact,3.4914582897198324e-11,172974,exact,0.7786061778070693,exact,0.7786061778070693,172974,exact,1500216.0,5.283112458810095,9.933392191305362,11815562,544591,0.04609099423286002,ok,1.0,0.0
table_2_dataset_summary,stanford_armadillo,Stanford Armadillo,E4,172974,A5_pca_compact_hilbert,pca_compact_hilbert,C2_occupancy_floor1,occupancy_floor1,172974,172974,D0,clean,4,sample_covariance,all,2.320599469006993,418e42852a2c8fbf627ac0ffc64aec03fb6ced2edf6b2ba87fc018eaa1d38227,7 6 6,False,0.5307219074825297,0.0023195510075413096,433814.51247864857,,exact,433814.51247864857,172974,exact,3.4914582897198324e-11,,exact,3.4914582897198324e-11,172974,exact,0.7786061778070693,exact,0.7786061778070693,172974,exact,1507004.0,5.283112458810095,9.933392191305362,11786961,567495,0.04814599793789086,ok,1.0,0.0
table_2_dataset_summary,stanford_armadillo,Stanford Armadillo,E4,172974,A5_pca_compact_hilbert,pca_compact_hilbert,C3_frame_core_occupancy,frame_core_occupancy,172974,172974,D0,clean,0,sample_covariance,all,2.2967462789965793,ebe733c3011761d81a2989e77d5b5f606664e0fab5699139e1db1acb11f00730,7 6 6,False,0.5311390397113552,0.002321374108242466,479582.9174382114,,exact,479582.9174382114,172974,exact,3.4914582897198324e-11,,exact,3.4914582897198324e-11,172974,exact,0.782446350318545,exact,0.782446350318545,172974,exact,1513772.0,5.355572042999532,10.432218979241343,10974897,581610,0.05299457480102091,ok,1.0,0.0
table_2_dataset_summary,stanford_armadillo,Stanford Armadillo,E4,172974,A5_pca_compact_hilbert,pca_compact_hilbert,C3_frame_core_occupancy,frame_core_occupancy,172974,172974,D0,clean,1,sample_covariance,all,2.3033728300360963,ebe733c3011761d81a2989e77d5b5f606664e0fab5699139e1db1acb11f00730,7 6 6,False,0.5311390397113552,0.002321374108242466,479582.9174382114,,exact,479582.9174382114,172974,exact,3.4914582897198324e-11,,exact,3.4914582897198324e-11,172974,exact,0.782446350318545,exact,0.782446350318545,172974,exact,1520884.0,5.355572042999532,10.432218979241343,11502195,539474,0.04690183047670466,ok,1.0,0.0
table_2_dataset_summary,stanford_armadillo,Stanford Armadillo,E4,172974,A5_pca_compact_hilbert,pca_compact_hilbert,C3_frame_core_occupancy,frame_core_occupancy,172974,172974,D0,clean,2,sample_covariance,all,2.330357890110463,ebe733c3011761d81a2989e77d5b5f606664e0fab5699139e1db1acb11f00730,7 6 6,False,0.5311390397113552,0.002321374108242466,479582.9174382114,,exact,479582.9174382114,172974,exact,3.4914582897198324e-11,,exact,3.4914582897198324e-11,172974,exact,0.782446350318545,exact,0.782446350318545,172974,exact,1527392.0,5.355572042999532,10.432218979241343,11805650,585699,0.04961175369420574,ok,1.0,0.0
table_2_dataset_summary,stanford_armadillo,Stanford Armadillo,E4,172974,A5_pca_compact_hilbert,pca_compact_hilbert,C3_frame_core_occupancy,frame_core_occupancy,172974,172974,D0,clean,3,sample_covariance,all,2.2900004349648952,ebe733c3011761d81a2989e77d5b5f606664e0fab5699139e1db1acb11f00730,7 6 6,False,0.5311390397113552,0.002321374108242466,479582.9174382114,,exact,479582.9174382114,172974,exact,3.4914582897198324e-11,,exact,3.4914582897198324e-11,172974,exact,0.782446350318545,exact,0.782446350318545,172974,exact,1534364.0,5.355572042999532,10.432218979241343,11095243,561085,0.050569870348941434,ok,1.0,0.0
table_2_dataset_summary,stanford_armadillo,Stanford Armadillo,E4,172974,A5_pca_compact_hilbert,pca_compact_hilbert,C3_frame_core_occupancy,frame_core_occupancy,172974,172974,D0,clean,4,sample_covariance,all,2.2434653599048033,ebe733c3011761d81a2989e77d5b5f606664e0fab5699139e1db1acb11f00730,7 6 6,False,0.5311390397113552,0.002321374108242466,479582.9174382114,,exact,479582.9174382114,172974,exact,3.4914582897198324e-11,,exact,3.4914582897198324e-11,172974,exact,0.782446350318545,exact,0.782446350318545,172974,exact,1541056.0,5.355572042999532,10.432218979241343,10895733,547556,0.05025416830606991,ok,1.0,0.0
table_2_dataset_summary,stanford_armadillo,Stanford Armadillo,E4,172974,A5_pca_compact_hilbert,pca_compact_hilbert,C4_hybrid,hybrid_occupancy,172974,172974,D0,clean,0,sample_covariance,all,2.3785350900143385,418e42852a2c8fbf627ac0ffc64aec03fb6ced2edf6b2ba87fc018eaa1d38227,7 6 6,False,0.5307219074825297,0.0023195510075413096,433814.51247864857,,exact,433814.51247864857,172974,exact,3.4914582897198324e-11,,exact,3.4914582897198324e-11,172974,exact,0.7786061778070693,exact,0.7786061778070693,172974,exact,1548128.0,5.283112458810095,9.933392191305362,11303837,548875,0.04855652111756389,ok,1.0,0.0
table_2_dataset_summary,stanford_armadillo,Stanford Armadillo,E4,172974,A5_pca_compact_hilbert,pca_compact_hilbert,C4_hybrid,hybrid_occupancy,172974,172974,D0,clean,1,sample_covariance,all,2.2854846799746156,418e42852a2c8fbf627ac0ffc64aec03fb6ced2edf6b2ba87fc018eaa1d38227,7 6 6,False,0.5307219074825297,0.0023195510075413096,433814.51247864857,,exact,433814.51247864857,172974,exact,3.4914582897198324e-11,,exact,3.4914582897198324e-11,172974,exact,0.7786061778070693,exact,0.7786061778070693,172974,exact,1554904.0,5.283112458810095,9.933392191305362,11375025,537767,0.047276115876668405,ok,1.0,0.0
table_2_dataset_summary,stanford_armadillo,Stanford Armadillo,E4,172974,A5_pca_compact_hilbert,pca_compact_hilbert,C4_hybrid,hybrid_occupancy,172974,172974,D0,clean,2,sample_covariance,all,2.302565578953363,418e42852a2c8fbf627ac0ffc64aec03fb6ced2edf6b2ba87fc018eaa1d38227,7 6 6,False,0.5307219074825297,0.0023195510075413096,433814.51247864857,,exact,433814.51247864857,172974,exact,3.4914582897198324e-11,,exact,3.4914582897198324e-11,172974,exact,0.7786061778070693,exact,0.7786061778070693,172974,exact,1561720.0,5.283112458810095,9.933392191305362,12960981,594808,0.045892205227366666,ok,1.0,0.0
table_2_dataset_summary,stanford_armadillo,Stanford Armadillo,E4,172974,A5_pca_compact_hilbert,pca_compact_hilbert,C4_hybrid,hybrid_occupancy,172974,172974,D0,clean,3,sample_covariance,all,2.326458298950456,418e42852a2c8fbf627ac0ffc64aec03fb6ced2edf6b2ba87fc018eaa1d38227,7 6 6,False,0.5307219074825297,0.0023195510075413096,433814.51247864857,,exact,433814.51247864857,172974,exact,3.4914582897198324e-11,,exact,3.4914582897198324e-11,172974,exact,0.7786061778070693,exact,0.7786061778070693,172974,exact,1568380.0,5.283112458810095,9.933392191305362,12384645,543704,0.04390146023563857,ok,1.0,0.0
table_2_dataset_summary,stanford_armadillo,Stanford Armadillo,E4,172974,A5_pca_compact_hilbert,pca_compact_hilbert,C4_hybrid,hybrid_occupancy,172974,172974,D0,clean,4,sample_covariance,all,2.344289234955795,418e42852a2c8fbf627ac0ffc64aec03fb6ced2edf6b2ba87fc018eaa1d38227,7 6 6,False,0.5307219074825297,0.0023195510075413096,433814.51247864857,,exact,433814.51247864857,172974,exact,3.4914582897198324e-11,,exact,3.4914582897198324e-11,172974,exact,0.7786061778070693,exact,0.7786061778070693,172974,exact,1575128.0,5.283112458810095,9.933392191305362,11786733,570743,0.04842249332363768,ok,1.0,0.0
table_2_dataset_summary,stanford_armadillo,Stanford Armadillo,E4,172974,A5b_robust_frame_morton,robust_frame_morton,C0_uniform,uniform,172974,172974,D0,clean,0,det_mcd,all,6.249614151078276,798507fbb7dbdd885e803cac023b8d1bb72202848165fa603288e2b981de905b,10 10 10,False,0.5782147316926125,0.0025271211618807673,3110125.5300029456,,exact,3110125.5300029456,172974,exact,3.4914582897198324e-11,,exact,3.4914582897198324e-11,172974,exact,0.7524143801958676,exact,0.7524143801958676,172974,exact,1581984.0,6.961643757004605,14.733585089391724,12466121,587149,0.04709957491989689,ok,1.0,0.0
table_2_dataset_summary,stanford_armadillo,Stanford Armadillo,E4,172974,A5b_robust_frame_morton,robust_frame_morton,C0_uniform,uniform,172974,172974,D0,clean,1,det_mcd,all,6.224475387018174,798507fbb7dbdd885e803cac023b8d1bb72202848165fa603288e2b981de905b,10 10 10,False,0.5782147316926125,0.0025271211618807673,3110125.5300029456,,exact,3110125.5300029456,172974,exact,3.4914582897198324e-11,,exact,3.4914582897198324e-11,172974,exact,0.7524143801958676,exact,0.7524143801958676,172974,exact,1588860.0,6.961643757004605,14.733585089391724,14317205,574666,0.04013814148781134,ok,1.0,0.0
table_2_dataset_summary,stanford_armadillo,Stanford Armadillo,E4,172974,A5b_robust_frame_morton,robust_frame_morton,C0_uniform,uniform,172974,172974,D0,clean,2,det_mcd,all,6.228977789985947,798507fbb7dbdd885e803cac023b8d1bb72202848165fa603288e2b981de905b,10 10 10,False,0.5782147316926125,0.0025271211618807673,3110125.5300029456,,exact,3110125.5300029456,172974,exact,3.4914582897198324e-11,,exact,3.4914582897198324e-11,172974,exact,0.7524143801958676,exact,0.7524143801958676,172974,exact,1595868.0,6.961643757004605,14.733585089391724,12085508,558587,0.04621957140734175,ok,1.0,0.0
table_2_dataset_summary,stanford_armadillo,Stanford Armadillo,E4,172974,A5b_robust_frame_morton,robust_frame_morton,C0_uniform,uniform,172974,172974,D0,clean,3,det_mcd,all,6.262618036009371,798507fbb7dbdd885e803cac023b8d1bb72202848165fa603288e2b981de905b,10 10 10,False,0.5782147316926125,0.0025271211618807673,3110125.5300029456,,exact,3110125.5300029456,172974,exact,3.4914582897198324e-11,,exact,3.4914582897198324e-11,172974,exact,0.7524143801958676,exact,0.7524143801958676,172974,exact,1602372.0,6.961643757004605,14.733585089391724,11802843,553182,0.04686853836825585,ok,1.0,0.0
table_2_dataset_summary,stanford_armadillo,Stanford Armadillo,E4,172974,A5b_robust_frame_morton,robust_frame_morton,C0_uniform,uniform,172974,172974,D0,clean,4,det_mcd,all,6.3105374299921095,798507fbb7dbdd885e803cac023b8d1bb72202848165fa603288e2b981de905b,10 10 10,False,0.5782147316926125,0.0025271211618807673,3110125.5300029456,,exact,3110125.5300029456,172974,exact,3.4914582897198324e-11,,exact,3.4914582897198324e-11,172974,exact,0.7524143801958676,exact,0.7524143801958676,172974,exact,1609168.0,6.961643757004605,14.733585089391724,12820015,574987,0.04485072755375091,ok,1.0,0.0
table_2_dataset_summary,stanford_armadillo,Stanford Armadillo,E4,172974,A5b_robust_frame_morton,robust_frame_morton,C1_monotone_half,monotone_half,172974,172974,D0,clean,0,det_mcd,all,6.301826357957907,a260d0e1666d3c27db52624c9f77e6e4463e2928ee4d097ba5bd2ee78070619f,10 4 1,False,1.35668863847139,0.005929486712190698,2129414.992876713,,exact,2129414.992876713,172974,exact,3.4914582897198324e-11,,exact,3.4914582897198324e-11,172974,exact,0.29640292760761733,exact,0.29640292760761733,172974,exact,1615936.0,26.369283066549084,55.59818199555724,11652831,541285,0.046450943980909015,ok,1.0,0.0
table_2_dataset_summary,stanford_armadillo,Stanford Armadillo,E4,172974,A5b_robust_frame_morton,robust_frame_morton,C1_monotone_half,monotone_half,172974,172974,D0,clean,1,det_mcd,all,6.186959536047652,a260d0e1666d3c27db52624c9f77e6e4463e2928ee4d097ba5bd2ee78070619f,10 4 1,False,1.35668863847139,0.005929486712190698,2129414.992876713,,exact,2129414.992876713,172974,exact,3.4914582897198324e-11,,exact,3.4914582897198324e-11,172974,exact,0.29640292760761733,exact,0.29640292760761733,172974,exact,1622888.0,26.369283066549084,55.59818199555724,12105965,551022,0.04551656972409882,ok,1.0,0.0
table_2_dataset_summary,stanford_armadillo,Stanford Armadillo,E4,172974,A5b_robust_frame_morton,robust_frame_morton,C1_monotone_half,monotone_half,172974,172974,D0,clean,2,det_mcd,all,6.2591775910696015,a260d0e1666d3c27db52624c9f77e6e4463e2928ee4d097ba5bd2ee78070619f,10 4 1,False,1.35668863847139,0.005929486712190698,2129414.992876713,,exact,2129414.992876713,172974,exact,3.4914582897198324e-11,,exact,3.4914582897198324e-11,172974,exact,0.29640292760761733,exact,0.29640292760761733,172974,exact,1629728.0,26.369283066549084,55.59818199555724,16917926,526030,0.03109305478697566,ok,1.0,0.0
table_2_dataset_summary,stanford_armadillo,Stanford Armadillo,E4,172974,A5b_robust_frame_morton,robust_frame_morton,C1_monotone_half,monotone_half,172974,172974,D0,clean,3,det_mcd,all,6.28434808505699,a260d0e1666d3c27db52624c9f77e6e4463e2928ee4d097ba5bd2ee78070619f,10 4 1,False,1.35668863847139,0.005929486712190698,2129414.992876713,,exact,2129414.992876713,172974,exact,3.4914582897198324e-11,,exact,3.4914582897198324e-11,172974,exact,0.29640292760761733,exact,0.29640292760761733,172974,exact,1636592.0,26.369283066549084,55.59818199555724,10905396,549215,0.05036176586343128,ok,1.0,0.0
table_2_dataset_summary,stanford_armadillo,Stanford Armadillo,E4,172974,A5b_robust_frame_morton,robust_frame_morton,C1_monotone_half,monotone_half,172974,172974,D0,clean,4,det_mcd,all,6.2928620940074325,a260d0e1666d3c27db52624c9f77e6e4463e2928ee4d097ba5bd2ee78070619f,10 4 1,False,1.35668863847139,0.005929486712190698,2129414.992876713,,exact,2129414.992876713,172974,exact,3.4914582897198324e-11,,exact,3.4914582897198324e-11,172974,exact,0.29640292760761733,exact,0.29640292760761733,172974,exact,1643436.0,26.369283066549084,55.59818199555724,12277527,576191,0.04693054228266002,ok,1.0,0.0
table_2_dataset_summary,stanford_armadillo,Stanford Armadillo,E4,172974,A5b_robust_frame_morton,robust_frame_morton,C2_occupancy_floor1,occupancy_floor1,172974,172974,D0,clean,0,det_mcd,all,6.312527316040359,8ea3d677a247cb1a4854bc04c85e97169880d3fa69ce94733bf0847d5cc9a133,7 6 6,False,0.5628734406452356,0.002460071155833864,1226074.7798449679,,exact,1226074.7798449679,172974,exact,3.764672313357642e-11,,exact,3.764672313357642e-11,172974,exact,0.7663572270977141,exact,0.7663572270977141,172974,exact,1650200.0,6.257168830067485,13.413597855219049,12234629,536919,0.0438851885087811,ok,1.0,0.0
table_2_dataset_summary,stanford_armadillo,Stanford Armadillo,E4,172974,A5b_robust_frame_morton,robust_frame_morton,C2_occupancy_floor1,occupancy_floor1,172974,172974,D0,clean,1,det_mcd,all,6.185433653998189,8ea3d677a247cb1a4854bc04c85e97169880d3fa69ce94733bf0847d5cc9a133,7 6 6,False,0.5628734406452356,0.002460071155833864,1226074.7798449679,,exact,1226074.7798449679,172974,exact,3.764672313357642e-11,,exact,3.764672313357642e-11,172974,exact,0.7663572270977141,exact,0.7663572270977141,172974,exact,1657052.0,6.257168830067485,13.413597855219049,13573452,546842,0.040287614381367395,ok,1.0,0.0
table_2_dataset_summary,stanford_armadillo,Stanford Armadillo,E4,172974,A5b_robust_frame_morton,robust_frame_morton,C2_occupancy_floor1,occupancy_floor1,172974,172974,D0,clean,2,det_mcd,all,6.303948443965055,8ea3d677a247cb1a4854bc04c85e97169880d3fa69ce94733bf0847d5cc9a133,7 6 6,False,0.5628734406452356,0.002460071155833864,1226074.7798449679,,exact,1226074.7798449679,172974,exact,3.764672313357642e-11,,exact,3.764672313357642e-11,172974,exact,0.7663572270977141,exact,0.7663572270977141,172974,exact,1663856.0,6.257168830067485,13.413597855219049,10558328,561899,0.053218558847575106,ok,1.0,0.0
table_2_dataset_summary,stanford_armadillo,Stanford Armadillo,E4,172974,A5b_robust_frame_morton,robust_frame_morton,C2_occupancy_floor1,occupancy_floor1,172974,172974,D0,clean,3,det_mcd,all,6.151085379999131,8ea3d677a247cb1a4854bc04c85e97169880d3fa69ce94733bf0847d5cc9a133,7 6 6,False,0.5628734406452356,0.002460071155833864,1226074.7798449679,,exact,1226074.7798449679,172974,exact,3.764672313357642e-11,,exact,3.764672313357642e-11,172974,exact,0.7663572270977141,exact,0.7663572270977141,172974,exact,1670756.0,6.257168830067485,13.413597855219049,18748260,550964,0.029387473824237557,ok,1.0,0.0
table_2_dataset_summary,stanford_armadillo,Stanford Armadillo,E4,172974,A5b_robust_frame_morton,robust_frame_morton,C2_occupancy_floor1,occupancy_floor1,172974,172974,D0,clean,4,det_mcd,all,6.302440388943069,8ea3d677a247cb1a4854bc04c85e97169880d3fa69ce94733bf0847d5cc9a133,7 6 6,False,0.5628734406452356,0.002460071155833864,1226074.7798449679,,exact,1226074.7798449679,172974,exact,3.764672313357642e-11,,exact,3.764672313357642e-11,172974,exact,0.7663572270977141,exact,0.7663572270977141,172974,exact,1677460.0,6.257168830067485,13.413597855219049,11759056,553215,0.04704586830779613,ok,1.0,0.0
table_2_dataset_summary,stanford_armadillo,Stanford Armadillo,E4,172974,A5b_robust_frame_morton,robust_frame_morton,C3_frame_core_occupancy,frame_core_occupancy,172974,172974,D0,clean,0,det_mcd,all,6.114544383017346,77834a3d25a2d8c921dc0ed9043a5b1aa66718f73488f1c470b6cd6c7f331262,7 6 6,False,0.5663502180879637,0.0024752666141456023,1092827.2364228445,,exact,1092827.2364228445,172974,exact,3.4914582897198324e-11,,exact,3.4914582897198324e-11,172974,exact,0.7633257021286436,exact,0.7633257021286436,172974,exact,1684516.0,6.48343293478463,13.646292477618767,15642409,550674,0.03520391264542437,ok,1.0,0.0
table_2_dataset_summary,stanford_armadillo,Stanford Armadillo,E4,172974,A5b_robust_frame_morton,robust_frame_morton,C3_frame_core_occupancy,frame_core_occupancy,172974,172974,D0,clean,1,det_mcd,all,6.245991172967479,77834a3d25a2d8c921dc0ed9043a5b1aa66718f73488f1c470b6cd6c7f331262,7 6 6,False,0.5663502180879637,0.0024752666141456023,1092827.2364228445,,exact,1092827.2364228445,172974,exact,3.4914582897198324e-11,,exact,3.4914582897198324e-11,172974,exact,0.7633257021286436,exact,0.7633257021286436,172974,exact,1691356.0,6.48343293478463,13.646292477618767,12074390,553863,0.04587088871570324,ok,1.0,0.0
table_2_dataset_summary,stanford_armadillo,Stanford Armadillo,E4,172974,A5b_robust_frame_morton,robust_frame_morton,C3_frame_core_occupancy,frame_core_occupancy,172974,172974,D0,clean,2,det_mcd,all,6.2436323100700974,77834a3d25a2d8c921dc0ed9043a5b1aa66718f73488f1c470b6cd6c7f331262,7 6 6,False,0.5663502180879637,0.0024752666141456023,1092827.2364228445,,exact,1092827.2364228445,172974,exact,3.4914582897198324e-11,,exact,3.4914582897198324e-11,172974,exact,0.7633257021286436,exact,0.7633257021286436,172974,exact,1698116.0,6.48343293478463,13.646292477618767,11653928,557464,0.04783485877036481,ok,1.0,0.0
table_2_dataset_summary,stanford_armadillo,Stanford Armadillo,E4,172974,A5b_robust_frame_morton,robust_frame_morton,C3_frame_core_occupancy,frame_core_occupancy,172974,172974,D0,clean,3,det_mcd,all,6.288366204942577,77834a3d25a2d8c921dc0ed9043a5b1aa66718f73488f1c470b6cd6c7f331262,7 6 6,False,0.5663502180879637,0.0024752666141456023,1092827.2364228445,,exact,1092827.2364228445,172974,exact,3.4914582897198324e-11,,exact,3.4914582897198324e-11,172974,exact,0.7633257021286436,exact,0.7633257021286436,172974,exact,1705248.0,6.48343293478463,13.646292477618767,12303466,538823,0.043794407202003074,ok,1.0,0.0
table_2_dataset_summary,stanford_armadillo,Stanford Armadillo,E4,172974,A5b_robust_frame_morton,robust_frame_morton,C3_frame_core_occupancy,frame_core_occupancy,172974,172974,D0,clean,4,det_mcd,all,6.297025889041834,77834a3d25a2d8c921dc0ed9043a5b1aa66718f73488f1c470b6cd6c7f331262,7 6 6,False,0.5663502180879637,0.0024752666141456023,1092827.2364228445,,exact,1092827.2364228445,172974,exact,3.4914582897198324e-11,,exact,3.4914582897198324e-11,172974,exact,0.7633257021286436,exact,0.7633257021286436,172974,exact,1711908.0,6.48343293478463,13.646292477618767,12511735,535722,0.04281756287197579,ok,1.0,0.0
table_2_dataset_summary,stanford_armadillo,Stanford Armadillo,E4,172974,A5b_robust_frame_morton,robust_frame_morton,C4_hybrid,hybrid_occupancy,172974,172974,D0,clean,0,det_mcd,all,6.288771749008447,8ea3d677a247cb1a4854bc04c85e97169880d3fa69ce94733bf0847d5cc9a133,7 6 6,False,0.5628734406452356,0.002460071155833864,1226074.7798449679,,exact,1226074.7798449679,172974,exact,3.764672313357642e-11,,exact,3.764672313357642e-11,172974,exact,0.7663572270977141,exact,0.7663572270977141,172974,exact,1718916.0,6.257168830067485,13.413597855219049,11574707,565695,0.048873375369242605,ok,1.0,0.0
table_2_dataset_summary,stanford_armadillo,Stanford Armadillo,E4,172974,A5b_robust_frame_morton,robust_frame_morton,C4_hybrid,hybrid_occupancy,172974,172974,D0,clean,1,det_mcd,all,6.256527691031806,8ea3d677a247cb1a4854bc04c85e97169880d3fa69ce94733bf0847d5cc9a133,7 6 6,False,0.5628734406452356,0.002460071155833864,1226074.7798449679,,exact,1226074.7798449679,172974,exact,3.764672313357642e-11,,exact,3.764672313357642e-11,172974,exact,0.7663572270977141,exact,0.7663572270977141,172974,exact,1725568.0,6.257168830067485,13.413597855219049,12499095,530158,0.042415710897468976,ok,1.0,0.0
table_2_dataset_summary,stanford_armadillo,Stanford Armadillo,E4,172974,A5b_robust_frame_morton,robust_frame_morton,C4_hybrid,hybrid_occupancy,172974,172974,D0,clean,2,det_mcd,all,6.219081804971211,8ea3d677a247cb1a4854bc04c85e97169880d3fa69ce94733bf0847d5cc9a133,7 6 6,False,0.5628734406452356,0.002460071155833864,1226074.7798449679,,exact,1226074.7798449679,172974,exact,3.764672313357642e-11,,exact,3.764672313357642e-11,172974,exact,0.7663572270977141,exact,0.7663572270977141,172974,exact,1732076.0,6.257168830067485,13.413597855219049,11148367,528800,0.047432955875959235,ok,1.0,0.0
table_2_dataset_summary,stanford_armadillo,Stanford Armadillo,E4,172974,A5b_robust_frame_morton,robust_frame_morton,C4_hybrid,hybrid_occupancy,172974,172974,D0,clean,3,det_mcd,all,6.242741876048967,8ea3d677a247cb1a4854bc04c85e97169880d3fa69ce94733bf0847d5cc9a133,7 6 6,False,0.5628734406452356,0.002460071155833864,1226074.7798449679,,exact,1226074.7798449679,172974,exact,3.764672313357642e-11,,exact,3.764672313357642e-11,172974,exact,0.7663572270977141,exact,0.7663572270977141,172974,exact,1739092.0,6.257168830067485,13.413597855219049,12940188,574035,0.04436063834621259,ok,1.0,0.0
table_2_dataset_summary,stanford_armadillo,Stanford Armadillo,E4,172974,A5b_robust_frame_morton,robust_frame_morton,C4_hybrid,hybrid_occupancy,172974,172974,D0,clean,4,det_mcd,all,6.302089474978857,8ea3d677a247cb1a4854bc04c85e97169880d3fa69ce94733bf0847d5cc9a133,7 6 6,False,0.5628734406452356,0.002460071155833864,1226074.7798449679,,exact,1226074.7798449679,172974,exact,3.764672313357642e-11,,exact,3.764672313357642e-11,172974,exact,0.7663572270977141,exact,0.7663572270977141,172974,exact,1746016.0,6.257168830067485,13.413597855219049,12238705,567681,0.04638407413202622,ok,1.0,0.0
table_2_dataset_summary,stanford_armadillo,Stanford Armadillo,E4,172974,A6_rch,rch,C0_uniform,uniform,172974,172974,D0,clean,0,det_mcd,all,6.231252227094956,72a6bbbb7b8de8394376a72419df4f78510fec0b7ac23b2354aa01e59f846ab2,10 10 10,False,0.5348402023565646,0.0023375502551505377,1408979.9131090988,,exact,1408979.9131090988,172974,exact,3.764672313357642e-11,,exact,3.764672313357642e-11,172974,exact,0.7753824274168372,exact,0.7753824274168372,172974,exact,1752932.0,5.561585243633986,10.991752743390489,11553650,561292,0.04858135740653387,ok,1.0,0.0
table_2_dataset_summary,stanford_armadillo,Stanford Armadillo,E4,172974,A6_rch,rch,C0_uniform,uniform,172974,172974,D0,clean,1,det_mcd,all,6.288001455948688,72a6bbbb7b8de8394376a72419df4f78510fec0b7ac23b2354aa01e59f846ab2,10 10 10,False,0.5348402023565646,0.0023375502551505377,1408979.9131090988,,exact,1408979.9131090988,172974,exact,3.764672313357642e-11,,exact,3.764672313357642e-11,172974,exact,0.7753824274168372,exact,0.7753824274168372,172974,exact,1759892.0,5.561585243633986,10.991752743390489,11895179,587764,0.04941195084159725,ok,1.0,0.0
table_2_dataset_summary,stanford_armadillo,Stanford Armadillo,E4,172974,A6_rch,rch,C0_uniform,uniform,172974,172974,D0,clean,2,det_mcd,all,6.242582966922782,72a6bbbb7b8de8394376a72419df4f78510fec0b7ac23b2354aa01e59f846ab2,10 10 10,False,0.5348402023565646,0.0023375502551505377,1408979.9131090988,,exact,1408979.9131090988,172974,exact,3.764672313357642e-11,,exact,3.764672313357642e-11,172974,exact,0.7753824274168372,exact,0.7753824274168372,172974,exact,1766284.0,5.561585243633986,10.991752743390489,12119874,552213,0.04556260238349012,ok,1.0,0.0
table_2_dataset_summary,stanford_armadillo,Stanford Armadillo,E4,172974,A6_rch,rch,C0_uniform,uniform,172974,172974,D0,clean,3,det_mcd,all,6.235159232048318,72a6bbbb7b8de8394376a72419df4f78510fec0b7ac23b2354aa01e59f846ab2,10 10 10,False,0.5348402023565646,0.0023375502551505377,1408979.9131090988,,exact,1408979.9131090988,172974,exact,3.764672313357642e-11,,exact,3.764672313357642e-11,172974,exact,0.7753824274168372,exact,0.7753824274168372,172974,exact,1773440.0,5.561585243633986,10.991752743390489,13319651,604085,0.045352915027578426,ok,1.0,0.0
table_2_dataset_summary,stanford_armadillo,Stanford Armadillo,E4,172974,A6_rch,rch,C0_uniform,uniform,172974,172974,D0,clean,4,det_mcd,all,6.2297575189732015,72a6bbbb7b8de8394376a72419df4f78510fec0b7ac23b2354aa01e59f846ab2,10 10 10,False,0.5348402023565646,0.0023375502551505377,1408979.9131090988,,exact,1408979.9131090988,172974,exact,3.764672313357642e-11,,exact,3.764672313357642e-11,172974,exact,0.7753824274168372,exact,0.7753824274168372,172974,exact,1780188.0,5.561585243633986,10.991752743390489,11075213,566213,0.05112434406453402,ok,1.0,0.0
table_2_dataset_summary,stanford_armadillo,Stanford Armadillo,E4,172974,A6_rch,rch,C1_monotone_half,monotone_half,172974,172974,D0,clean,0,det_mcd,all,6.285048400983214,67626155c8921c6c8815afbb9d74f98dc753f9084e20361a8e23d302273acbc2,10 4 1,False,1.4760111493375607,0.00645099269564418,602624.4809557565,,exact,602624.4809557565,172974,exact,3.4914582897198324e-11,,exact,3.4914582897198324e-11,172974,exact,0.2991381652733937,exact,0.2991381652733937,172974,exact,1786912.0,26.12265815940249,55.15217019387543,11616228,521628,0.04490511033357816,ok,1.0,0.0
table_2_dataset_summary,stanford_armadillo,Stanford Armadillo,E4,172974,A6_rch,rch,C1_monotone_half,monotone_half,172974,172974,D0,clean,1,det_mcd,all,6.194743454921991,67626155c8921c6c8815afbb9d74f98dc753f9084e20361a8e23d302273acbc2,10 4 1,False,1.4760111493375607,0.00645099269564418,602624.4809557565,,exact,602624.4809557565,172974,exact,3.4914582897198324e-11,,exact,3.4914582897198324e-11,172974,exact,0.2991381652733937,exact,0.2991381652733937,172974,exact,1794104.0,26.12265815940249,55.15217019387543,14468928,509608,0.03522085395683772,ok,1.0,0.0
table_2_dataset_summary,stanford_armadillo,Stanford Armadillo,E4,172974,A6_rch,rch,C1_monotone_half,monotone_half,172974,172974,D0,clean,2,det_mcd,all,6.338591197971255,67626155c8921c6c8815afbb9d74f98dc753f9084e20361a8e23d302273acbc2,10 4 1,False,1.4760111493375607,0.00645099269564418,602624.4809557565,,exact,602624.4809557565,172974,exact,3.4914582897198324e-11,,exact,3.4914582897198324e-11,172974,exact,0.2991381652733937,exact,0.2991381652733937,172974,exact,1800896.0,26.12265815940249,55.15217019387543,10867564,600052,0.05521494973482558,ok,1.0,0.0
table_2_dataset_summary,stanford_armadillo,Stanford Armadillo,E4,172974,A6_rch,rch,C1_monotone_half,monotone_half,172974,172974,D0,clean,3,det_mcd,all,6.294037449057214,67626155c8921c6c8815afbb9d74f98dc753f9084e20361a8e23d302273acbc2,10 4 1,False,1.4760111493375607,0.00645099269564418,602624.4809557565,,exact,602624.4809557565,172974,exact,3.4914582897198324e-11,,exact,3.4914582897198324e-11,172974,exact,0.2991381652733937,exact,0.2991381652733937,172974,exact,1808036.0,26.12265815940249,55.15217019387543,11197127,542614,0.04846010945486284,ok,1.0,0.0
table_2_dataset_summary,stanford_armadillo,Stanford Armadillo,E4,172974,A6_rch,rch,C1_monotone_half,monotone_half,172974,172974,D0,clean,4,det_mcd,all,6.328853046987206,67626155c8921c6c8815afbb9d74f98dc753f9084e20361a8e23d302273acbc2,10 4 1,False,1.4760111493375607,0.00645099269564418,602624.4809557565,,exact,602624.4809557565,172974,exact,3.4914582897198324e-11,,exact,3.4914582897198324e-11,172974,exact,0.2991381652733937,exact,0.2991381652733937,172974,exact,1814800.0,26.12265815940249,55.15217019387543,11822330,534029,0.045171214134607986,ok,1.0,0.0
table_2_dataset_summary,stanford_armadillo,Stanford Armadillo,E4,172974,A6_rch,rch,C2_occupancy_floor1,occupancy_floor1,172974,172974,D0,clean,0,det_mcd,all,6.224958350067027,c6baa7405ed76479522a6d6cc6ac1ee46b68dc77fb5df09d2523c095d545700b,7 6 6,False,0.5307853470567456,0.002319828273895338,659554.4458240527,,exact,659554.4458240527,172974,exact,3.4914582897198324e-11,,exact,3.4914582897198324e-11,172974,exact,0.7774427081526704,exact,0.7774427081526704,172974,exact,1821184.0,5.326999426197297,10.154784419284217,13089545,552252,0.042190312955874325,ok,1.0,0.0
table_2_dataset_summary,stanford_armadillo,Stanford Armadillo,E4,172974,A6_rch,rch,C2_occupancy_floor1,occupancy_floor1,172974,172974,D0,clean,1,det_mcd,all,6.292899088934064,c6baa7405ed76479522a6d6cc6ac1ee46b68dc77fb5df09d2523c095d545700b,7 6 6,False,0.5307853470567456,0.002319828273895338,659554.4458240527,,exact,659554.4458240527,172974,exact,3.4914582897198324e-11,,exact,3.4914582897198324e-11,172974,exact,0.7774427081526704,exact,0.7774427081526704,172974,exact,1828280.0,5.326999426197297,10.154784419284217,11065047,580934,0.05250172005595638,ok,1.0,0.0
table_2_dataset_summary,stanford_armadillo,Stanford Armadillo,E4,172974,A6_rch,rch,C2_occupancy_floor1,occupancy_floor1,172974,172974,D0,clean,2,det_mcd,all,6.216206763987429,c6baa7405ed76479522a6d6cc6ac1ee46b68dc77fb5df09d2523c095d545700b,7 6 6,False,0.5307853470567456,0.002319828273895338,659554.4458240527,,exact,659554.4458240527,172974,exact,3.4914582897198324e-11,,exact,3.4914582897198324e-11,172974,exact,0.7774427081526704,exact,0.7774427081526704,172974,exact,1834972.0,5.326999426197297,10.154784419284217,12992498,580600,0.044687326486407775,ok,1.0,0.0
table_2_dataset_summary,stanford_armadillo,Stanford Armadillo,E4,172974,A6_rch,rch,C2_occupancy_floor1,occupancy_floor1,172974,172974,D0,clean,3,det_mcd,all,6.238513340009376,c6baa7405ed76479522a6d6cc6ac1ee46b68dc77fb5df09d2523c095d545700b,7 6 6,False,0.5307853470567456,0.002319828273895338,659554.4458240527,,exact,659554.4458240527,172974,exact,3.4914582897198324e-11,,exact,3.4914582897198324e-11,172974,exact,0.7774427081526704,exact,0.7774427081526704,172974,exact,1842076.0,5.326999426197297,10.154784419284217,12202533,563528,0.04618123138859776,ok,1.0,0.0
table_2_dataset_summary,stanford_armadillo,Stanford Armadillo,E4,172974,A6_rch,rch,C2_occupancy_floor1,occupancy_floor1,172974,172974,D0,clean,4,det_mcd,all,6.175411020056345,c6baa7405ed76479522a6d6cc6ac1ee46b68dc77fb5df09d2523c095d545700b,7 6 6,False,0.5307853470567456,0.002319828273895338,659554.4458240527,,exact,659554.4458240527,172974,exact,3.4914582897198324e-11,,exact,3.4914582897198324e-11,172974,exact,0.7774427081526704,exact,0.7774427081526704,172974,exact,1848716.0,5.326999426197297,10.154784419284217,11701067,572507,0.048927760177768405,ok,1.0,0.0
table_2_dataset_summary,stanford_armadillo,Stanford Armadillo,E4,172974,A6_rch,rch,C3_frame_core_occupancy,frame_core_occupancy,172974,172974,D0,clean,0,det_mcd,all,6.253003088990226,ba6294d1a20c16baf6293fe5ff2432fd1f2713351c192c526497dbdb82b75c43,7 6 6,False,0.5342195728726908,0.002334837757843883,668014.4042704423,,exact,668014.4042704423,172974,exact,3.4914582897198324e-11,,exact,3.4914582897198324e-11,172974,exact,0.7786639899638096,exact,0.7786639899638096,172974,exact,1855684.0,5.457579107735907,10.868224617994962,11529492,570789,0.04950686465630923,ok,1.0,0.0
table_2_dataset_summary,stanford_armadillo,Stanford Armadillo,E4,172974,A6_rch,rch,C3_frame_core_occupancy,frame_core_occupancy,172974,172974,D0,clean,1,det_mcd,all,6.2634056849638,ba6294d1a20c16baf6293fe5ff2432fd1f2713351c192c526497dbdb82b75c43,7 6 6,False,0.5342195728726908,0.002334837757843883,668014.4042704423,,exact,668014.4042704423,172974,exact,3.4914582897198324e-11,,exact,3.4914582897198324e-11,172974,exact,0.7786639899638096,exact,0.7786639899638096,172974,exact,1862436.0,5.457579107735907,10.868224617994962,11536228,584978,0.05070790903231108,ok,1.0,0.0
table_2_dataset_summary,stanford_armadillo,Stanford Armadillo,E4,172974,A6_rch,rch,C3_frame_core_occupancy,frame_core_occupancy,172974,172974,D0,clean,2,det_mcd,all,6.287907310994342,ba6294d1a20c16baf6293fe5ff2432fd1f2713351c192c526497dbdb82b75c43,7 6 6,False,0.5342195728726908,0.002334837757843883,668014.4042704423,,exact,668014.4042704423,172974,exact,3.4914582897198324e-11,,exact,3.4914582897198324e-11,172974,exact,0.7786639899638096,exact,0.7786639899638096,172974,exact,1869492.0,5.457579107735907,10.868224617994962,12016425,576079,0.04794096413866853,ok,1.0,0.0
table_2_dataset_summary,stanford_armadillo,Stanford Armadillo,E4,172974,A6_rch,rch,C3_frame_core_occupancy,frame_core_occupancy,172974,172974,D0,clean,3,det_mcd,all,6.2932106259977445,ba6294d1a20c16baf6293fe5ff2432fd1f2713351c192c526497dbdb82b75c43,7 6 6,False,0.5342195728726908,0.002334837757843883,668014.4042704423,,exact,668014.4042704423,172974,exact,3.4914582897198324e-11,,exact,3.4914582897198324e-11,172974,exact,0.7786639899638096,exact,0.7786639899638096,172974,exact,1876104.0,5.457579107735907,10.868224617994962,10954341,528003,0.04820034358981522,ok,1.0,0.0
table_2_dataset_summary,stanford_armadillo,Stanford Armadillo,E4,172974,A6_rch,rch,C3_frame_core_occupancy,frame_core_occupancy,172974,172974,D0,clean,4,det_mcd,all,6.26191562297754,ba6294d1a20c16baf6293fe5ff2432fd1f2713351c192c526497dbdb82b75c43,7 6 6,False,0.5342195728726908,0.002334837757843883,668014.4042704423,,exact,668014.4042704423,172974,exact,3.4914582897198324e-11,,exact,3.4914582897198324e-11,172974,exact,0.7786639899638096,exact,0.7786639899638096,172974,exact,1883080.0,5.457579107735907,10.868224617994962,18112944,914601,0.05049433156752431,ok,1.0,0.0
table_2_dataset_summary,stanford_armadillo,Stanford Armadillo,E4,172974,A6_rch,rch,C4_hybrid,hybrid_occupancy,172974,172974,D0,clean,0,det_mcd,all,6.271077464916743,c6baa7405ed76479522a6d6cc6ac1ee46b68dc77fb5df09d2523c095d545700b,7 6 6,False,0.5307853470567456,0.002319828273895338,659554.4458240527,,exact,659554.4458240527,172974,exact,3.4914582897198324e-11,,exact,3.4914582897198324e-11,172974,exact,0.7774427081526704,exact,0.7774427081526704,172974,exact,1889908.0,5.326999426197297,10.154784419284217,11783185,567423,0.048155316240897514,ok,1.0,0.0
table_2_dataset_summary,stanford_armadillo,Stanford Armadillo,E4,172974,A6_rch,rch,C4_hybrid,hybrid_occupancy,172974,172974,D0,clean,1,det_mcd,all,6.253768780035898,c6baa7405ed76479522a6d6cc6ac1ee46b68dc77fb5df09d2523c095d545700b,7 6 6,False,0.5307853470567456,0.002319828273895338,659554.4458240527,,exact,659554.4458240527,172974,exact,3.4914582897198324e-11,,exact,3.4914582897198324e-11,172974,exact,0.7774427081526704,exact,0.7774427081526704,172974,exact,1896636.0,5.326999426197297,10.154784419284217,14084837,566626,0.04022950354342049,ok,1.0,0.0
table_2_dataset_summary,stanford_armadillo,Stanford Armadillo,E4,172974,A6_rch,rch,C4_hybrid,hybrid_occupancy,172974,172974,D0,clean,2,det_mcd,all,6.284401100943796,c6baa7405ed76479522a6d6cc6ac1ee46b68dc77fb5df09d2523c095d545700b,7 6 6,False,0.5307853470567456,0.002319828273895338,659554.4458240527,,exact,659554.4458240527,172974,exact,3.4914582897198324e-11,,exact,3.4914582897198324e-11,172974,exact,0.7774427081526704,exact,0.7774427081526704,172974,exact,1903672.0,5.326999426197297,10.154784419284217,12569919,537628,0.042770999558549266,ok,1.0,0.0
table_2_dataset_summary,stanford_armadillo,Stanford Armadillo,E4,172974,A6_rch,rch,C4_hybrid,hybrid_occupancy,172974,172974,D0,clean,3,det_mcd,all,6.293893727939576,c6baa7405ed76479522a6d6cc6ac1ee46b68dc77fb5df09d2523c095d545700b,7 6 6,False,0.5307853470567456,0.002319828273895338,659554.4458240527,,exact,659554.4458240527,172974,exact,3.4914582897198324e-11,,exact,3.4914582897198324e-11,172974,exact,0.7774427081526704,exact,0.7774427081526704,172974,exact,1910720.0,5.326999426197297,10.154784419284217,13920232,592799,0.04258542530038292,ok,1.0,0.0
table_2_dataset_summary,stanford_armadillo,Stanford Armadillo,E4,172974,A6_rch,rch,C4_hybrid,hybrid_occupancy,172974,172974,D0,clean,4,det_mcd,all,6.284781149006449,c6baa7405ed76479522a6d6cc6ac1ee46b68dc77fb5df09d2523c095d545700b,7 6 6,False,0.5307853470567456,0.002319828273895338,659554.4458240527,,exact,659554.4458240527,172974,exact,3.4914582897198324e-11,,exact,3.4914582897198324e-11,172974,exact,0.7774427081526704,exact,0.7774427081526704,172974,exact,1916876.0,5.326999426197297,10.154784419284217,13007209,545059,0.041904377795420986,ok,1.0,0.0
table_2_dataset_summary,stanford_armadillo,Stanford Armadillo,E4,172974,A6_rch_b2_mrcd,rch,C0_uniform,uniform,172974,172974,D0,clean,0,mrcd,all,6.248956218012609,f74897ef19cb8c55d9d4f84ea061c0fa0c07da9f5d8b4b4bc2e6c10eddb7f5c1,10 10 10,False,0.5348341671770359,0.0023375238780469,1408979.9131090988,,exact,1408979.9131090988,172974,exact,3.764672313357642e-11,,exact,3.764672313357642e-11,172974,exact,0.7753766462011632,exact,0.7753766462011632,172974,exact,1923772.0,5.561888670913875,10.985334546620868,12998720,556038,0.042776365672927794,ok,1.0,0.0
table_2_dataset_summary,stanford_armadillo,Stanford Armadillo,E4,172974,A6_rch_b2_mrcd,rch,C0_uniform,uniform,172974,172974,D0,clean,1,mrcd,all,6.296615352039225,f74897ef19cb8c55d9d4f84ea061c0fa0c07da9f5d8b4b4bc2e6c10eddb7f5c1,10 10 10,False,0.5348341671770359,0.0023375238780469,1408979.9131090988,,exact,1408979.9131090988,172974,exact,3.764672313357642e-11,,exact,3.764672313357642e-11,172974,exact,0.7753766462011632,exact,0.7753766462011632,172974,exact,1930924.0,5.561888670913875,10.985334546620868,11935376,566255,0.04744341527238019,ok,1.0,0.0
table_2_dataset_summary,stanford_armadillo,Stanford Armadillo,E4,172974,A6_rch_b2_mrcd,rch,C0_uniform,uniform,172974,172974,D0,clean,2,mrcd,all,6.255709835095331,f74897ef19cb8c55d9d4f84ea061c0fa0c07da9f5d8b4b4bc2e6c10eddb7f5c1,10 10 10,False,0.5348341671770359,0.0023375238780469,1408979.9131090988,,exact,1408979.9131090988,172974,exact,3.764672313357642e-11,,exact,3.764672313357642e-11,172974,exact,0.7753766462011632,exact,0.7753766462011632,172974,exact,1937696.0,5.561888670913875,10.985334546620868,11911909,506853,0.04255010678808913,ok,1.0,0.0
table_2_dataset_summary,stanford_armadillo,Stanford Armadillo,E4,172974,A6_rch_b2_mrcd,rch,C0_uniform,uniform,172974,172974,D0,clean,3,mrcd,all,6.317954999045469,f74897ef19cb8c55d9d4f84ea061c0fa0c07da9f5d8b4b4bc2e6c10eddb7f5c1,10 10 10,False,0.5348341671770359,0.0023375238780469,1408979.9131090988,,exact,1408979.9131090988,172974,exact,3.764672313357642e-11,,exact,3.764672313357642e-11,172974,exact,0.7753766462011632,exact,0.7753766462011632,172974,exact,1944752.0,5.561888670913875,10.985334546620868,11571950,559763,0.048372400502940296,ok,1.0,0.0
table_2_dataset_summary,stanford_armadillo,Stanford Armadillo,E4,172974,A6_rch_b2_mrcd,rch,C0_uniform,uniform,172974,172974,D0,clean,4,mrcd,all,6.360886023961939,f74897ef19cb8c55d9d4f84ea061c0fa0c07da9f5d8b4b4bc2e6c10eddb7f5c1,10 10 10,False,0.5348341671770359,0.0023375238780469,1408979.9131090988,,exact,1408979.9131090988,172974,exact,3.764672313357642e-11,,exact,3.764672313357642e-11,172974,exact,0.7753766462011632,exact,0.7753766462011632,172974,exact,1951488.0,5.561888670913875,10.985334546620868,11750488,551098,0.04690000959960131,ok,1.0,0.0
table_2_dataset_summary,stanford_armadillo,Stanford Armadillo,E4,172974,A6_rch_b2_mrcd,rch,C1_monotone_half,monotone_half,172974,172974,D0,clean,0,mrcd,all,6.365014072041959,b67bb64b97360dc648e96c562fac99dd0cc064b3446d4ae19eff9455e2edd29f,10 4 1,False,1.4764418727850446,0.006452875197558078,602624.4809557565,,exact,602624.4809557565,172974,exact,3.4914582897198324e-11,,exact,3.4914582897198324e-11,172974,exact,0.29901603709227975,exact,0.29901603709227975,172974,exact,1958264.0,26.139863942246624,55.12314813595526,15175522,603927,0.03979612694706647,ok,1.0,0.0
table_2_dataset_summary,stanford_armadillo,Stanford Armadillo,E4,172974,A6_rch_b2_mrcd,rch,C1_monotone_half,monotone_half,172974,172974,D0,clean,1,mrcd,all,6.332800662959926,b67bb64b97360dc648e96c562fac99dd0cc064b3446d4ae19eff9455e2edd29f,10 4 1,False,1.4764418727850446,0.006452875197558078,602624.4809557565,,exact,602624.4809557565,172974,exact,3.4914582897198324e-11,,exact,3.4914582897198324e-11,172974,exact,0.29901603709227975,exact,0.29901603709227975,172974,exact,1965064.0,26.139863942246624,55.12314813595526,12409515,577931,0.046571602516294955,ok,1.0,0.0
table_2_dataset_summary,stanford_armadillo,Stanford Armadillo,E4,172974,A6_rch_b2_mrcd,rch,C1_monotone_half,monotone_half,172974,172974,D0,clean,2,mrcd,all,6.342745011905208,b67bb64b97360dc648e96c562fac99dd0cc064b3446d4ae19eff9455e2edd29f,10 4 1,False,1.4764418727850446,0.006452875197558078,602624.4809557565,,exact,602624.4809557565,172974,exact,3.4914582897198324e-11,,exact,3.4914582897198324e-11,172974,exact,0.29901603709227975,exact,0.29901603709227975,172974,exact,1971956.0,26.139863942246624,55.12314813595526,11297384,580516,0.051384993198425405,ok,1.0,0.0
table_2_dataset_summary,stanford_armadillo,Stanford Armadillo,E4,172974,A6_rch_b2_mrcd,rch,C1_monotone_half,monotone_half,172974,172974,D0,clean,3,mrcd,all,6.272397148073651,b67bb64b97360dc648e96c562fac99dd0cc064b3446d4ae19eff9455e2edd29f,10 4 1,False,1.4764418727850446,0.006452875197558078,602624.4809557565,,exact,602624.4809557565,172974,exact,3.4914582897198324e-11,,exact,3.4914582897198324e-11,172974,exact,0.29901603709227975,exact,0.29901603709227975,172974,exact,1978772.0,26.139863942246624,55.12314813595526,11865017,551514,0.046482360707953474,ok,1.0,0.0
table_2_dataset_summary,stanford_armadillo,Stanford Armadillo,E4,172974,A6_rch_b2_mrcd,rch,C1_monotone_half,monotone_half,172974,172974,D0,clean,4,mrcd,all,6.334295243024826,b67bb64b97360dc648e96c562fac99dd0cc064b3446d4ae19eff9455e2edd29f,10 4 1,False,1.4764418727850446,0.006452875197558078,602624.4809557565,,exact,602624.4809557565,172974,exact,3.4914582897198324e-11,,exact,3.4914582897198324e-11,172974,exact,0.29901603709227975,exact,0.29901603709227975,172974,exact,1985456.0,26.139863942246624,55.12314813595526,11660082,544609,0.046707132934399605,ok,1.0,0.0
table_2_dataset_summary,stanford_armadillo,Stanford Armadillo,E4,172974,A6_rch_b2_mrcd,rch,C2_occupancy_floor1,occupancy_floor1,172974,172974,D0,clean,0,mrcd,all,6.288330871029757,6bf0c2b1073b5158b502cedec85873795fea57abe5709f469d1025f2a7e19d2b,7 6 6,False,0.5308071263764892,0.0023199234616807724,659554.4458240527,,exact,659554.4458240527,172974,exact,3.4914582897198324e-11,,exact,3.4914582897198324e-11,172974,exact,0.777464387711448,exact,0.777464387711448,172974,exact,1992636.0,5.330305107207378,10.27408065670641,12500704,530151,0.0424096914861755,ok,1.0,0.0
table_2_dataset_summary,stanford_armadillo,Stanford Armadillo,E4,172974,A6_rch_b2_mrcd,rch,C2_occupancy_floor1,occupancy_floor1,172974,172974,D0,clean,1,mrcd,all,6.232003896962851,6bf0c2b1073b5158b502cedec85873795fea57abe5709f469d1025f2a7e19d2b,7 6 6,False,0.5308071263764892,0.0023199234616807724,659554.4458240527,,exact,659554.4458240527,172974,exact,3.4914582897198324e-11,,exact,3.4914582897198324e-11,172974,exact,0.777464387711448,exact,0.777464387711448,172974,exact,1999496.0,5.330305107207378,10.27408065670641,12870130,541538,0.04207711965613401,ok,1.0,0.0
table_2_dataset_summary,stanford_armadillo,Stanford Armadillo,E4,172974,A6_rch_b2_mrcd,rch,C2_occupancy_floor1,occupancy_floor1,172974,172974,D0,clean,2,mrcd,all,6.273733102018014,6bf0c2b1073b5158b502cedec85873795fea57abe5709f469d1025f2a7e19d2b,7 6 6,False,0.5308071263764892,0.0023199234616807724,659554.4458240527,,exact,659554.4458240527,172974,exact,3.4914582897198324e-11,,exact,3.4914582897198324e-11,172974,exact,0.777464387711448,exact,0.777464387711448,172974,exact,2006404.0,5.330305107207378,10.27408065670641,11148960,556237,0.049891380003157244,ok,1.0,0.0
table_2_dataset_summary,stanford_armadillo,Stanford Armadillo,E4,172974,A6_rch_b2_mrcd,rch,C2_occupancy_floor1,occupancy_floor1,172974,172974,D0,clean,3,mrcd,all,6.273807485005818,6bf0c2b1073b5158b502cedec85873795fea57abe5709f469d1025f2a7e19d2b,7 6 6,False,0.5308071263764892,0.0023199234616807724,659554.4458240527,,exact,659554.4458240527,172974,exact,3.4914582897198324e-11,,exact,3.4914582897198324e-11,172974,exact,0.777464387711448,exact,0.777464387711448,172974,exact,2013180.0,5.330305107207378,10.27408065670641,11858254,564358,0.04759199794506004,ok,1.0,0.0
table_2_dataset_summary,stanford_armadillo,Stanford Armadillo,E4,172974,A6_rch_b2_mrcd,rch,C2_occupancy_floor1,occupancy_floor1,172974,172974,D0,clean,4,mrcd,all,6.229634638992138,6bf0c2b1073b5158b502cedec85873795fea57abe5709f469d1025f2a7e19d2b,7 6 6,False,0.5308071263764892,0.0023199234616807724,659554.4458240527,,exact,659554.4458240527,172974,exact,3.4914582897198324e-11,,exact,3.4914582897198324e-11,172974,exact,0.777464387711448,exact,0.777464387711448,172974,exact,2020048.0,5.330305107207378,10.27408065670641,10931530,558801,0.05111827896003578,ok,1.0,0.0
table_2_dataset_summary,stanford_armadillo,Stanford Armadillo,E4,172974,A6_rch_b2_mrcd,rch,C3_frame_core_occupancy,frame_core_occupancy,172974,172974,D0,clean,0,mrcd,all,6.29547350096982,c88c9ea1d84344f8bedaa5268d1696edcb746e7122aebb26347e6fab07b68cf0,7 6 6,False,0.534163906288646,0.00233459446379612,668014.4042704423,,exact,668014.4042704423,172974,exact,3.4914582897198324e-11,,exact,3.4914582897198324e-11,172974,exact,0.7786408651011134,exact,0.7786408651011134,172974,exact,2026956.0,5.45395369155382,10.868224617994962,11975682,541615,0.04522623429713648,ok,1.0,0.0
table_2_dataset_summary,stanford_armadillo,Stanford Armadillo,E4,172974,A6_rch_b2_mrcd,rch,C3_frame_core_occupancy,frame_core_occupancy,172974,172974,D0,clean,1,mrcd,all,6.277950086048804,c88c9ea1d84344f8bedaa5268d1696edcb746e7122aebb26347e6fab07b68cf0,7 6 6,False,0.534163906288646,0.00233459446379612,668014.4042704423,,exact,668014.4042704423,172974,exact,3.4914582897198324e-11,,exact,3.4914582897198324e-11,172974,exact,0.7786408651011134,exact,0.7786408651011134,172974,exact,2033840.0,5.45395369155382,10.868224617994962,12419925,571038,0.04597757232833532,ok,1.0,0.0
table_2_dataset_summary,stanford_armadillo,Stanford Armadillo,E4,172974,A6_rch_b2_mrcd,rch,C3_frame_core_occupancy,frame_core_occupancy,172974,172974,D0,clean,2,mrcd,all,6.269749150960706,c88c9ea1d84344f8bedaa5268d1696edcb746e7122aebb26347e6fab07b68cf0,7 6 6,False,0.534163906288646,0.00233459446379612,668014.4042704423,,exact,668014.4042704423,172974,exact,3.4914582897198324e-11,,exact,3.4914582897198324e-11,172974,exact,0.7786408651011134,exact,0.7786408651011134,172974,exact,2040484.0,5.45395369155382,10.868224617994962,10929349,562539,0.05147049472022533,ok,1.0,0.0
table_2_dataset_summary,stanford_armadillo,Stanford Armadillo,E4,172974,A6_rch_b2_mrcd,rch,C3_frame_core_occupancy,frame_core_occupancy,172974,172974,D0,clean,3,mrcd,all,6.268187606008723,c88c9ea1d84344f8bedaa5268d1696edcb746e7122aebb26347e6fab07b68cf0,7 6 6,False,0.534163906288646,0.00233459446379612,668014.4042704423,,exact,668014.4042704423,172974,exact,3.4914582897198324e-11,,exact,3.4914582897198324e-11,172974,exact,0.7786408651011134,exact,0.7786408651011134,172974,exact,2047272.0,5.45395369155382,10.868224617994962,11763089,506173,0.04303061891311032,ok,1.0,0.0
table_2_dataset_summary,stanford_armadillo,Stanford Armadillo,E4,172974,A6_rch_b2_mrcd,rch,C3_frame_core_occupancy,frame_core_occupancy,172974,172974,D0,clean,4,mrcd,all,6.250315945944749,c88c9ea1d84344f8bedaa5268d1696edcb746e7122aebb26347e6fab07b68cf0,7 6 6,False,0.534163906288646,0.00233459446379612,668014.4042704423,,exact,668014.4042704423,172974,exact,3.4914582897198324e-11,,exact,3.4914582897198324e-11,172974,exact,0.7786408651011134,exact,0.7786408651011134,172974,exact,2054356.0,5.45395369155382,10.868224617994962,11365084,533480,0.04694026018637434,ok,1.0,0.0
table_2_dataset_summary,stanford_armadillo,Stanford Armadillo,E4,172974,A6_rch_b2_mrcd,rch,C4_hybrid,hybrid_occupancy,172974,172974,D0,clean,0,mrcd,all,6.250649709952995,6bf0c2b1073b5158b502cedec85873795fea57abe5709f469d1025f2a7e19d2b,7 6 6,False,0.5308071263764892,0.0023199234616807724,659554.4458240527,,exact,659554.4458240527,172974,exact,3.4914582897198324e-11,,exact,3.4914582897198324e-11,172974,exact,0.777464387711448,exact,0.777464387711448,172974,exact,2060984.0,5.330305107207378,10.27408065670641,11036324,564875,0.05118325630889416,ok,1.0,0.0
table_2_dataset_summary,stanford_armadillo,Stanford Armadillo,E4,172974,A6_rch_b2_mrcd,rch,C4_hybrid,hybrid_occupancy,172974,172974,D0,clean,1,mrcd,all,6.183247593115084,6bf0c2b1073b5158b502cedec85873795fea57abe5709f469d1025f2a7e19d2b,7 6 6,False,0.5308071263764892,0.0023199234616807724,659554.4458240527,,exact,659554.4458240527,172974,exact,3.4914582897198324e-11,,exact,3.4914582897198324e-11,172974,exact,0.777464387711448,exact,0.777464387711448,172974,exact,2067448.0,5.330305107207378,10.27408065670641,12120988,552810,0.04560766828578661,ok,1.0,0.0
table_2_dataset_summary,stanford_armadillo,Stanford Armadillo,E4,172974,A6_rch_b2_mrcd,rch,C4_hybrid,hybrid_occupancy,172974,172974,D0,clean,2,mrcd,all,6.160920687951148,6bf0c2b1073b5158b502cedec85873795fea57abe5709f469d1025f2a7e19d2b,7 6 6,False,0.5308071263764892,0.0023199234616807724,659554.4458240527,,exact,659554.4458240527,172974,exact,3.4914582897198324e-11,,exact,3.4914582897198324e-11,172974,exact,0.777464387711448,exact,0.777464387711448,172974,exact,2074432.0,5.330305107207378,10.27408065670641,12266176,566069,0.04614877529883804,ok,1.0,0.0
table_2_dataset_summary,stanford_armadillo,Stanford Armadillo,E4,172974,A6_rch_b2_mrcd,rch,C4_hybrid,hybrid_occupancy,172974,172974,D0,clean,3,mrcd,all,6.252033695927821,6bf0c2b1073b5158b502cedec85873795fea57abe5709f469d1025f2a7e19d2b,7 6 6,False,0.5308071263764892,0.0023199234616807724,659554.4458240527,,exact,659554.4458240527,172974,exact,3.4914582897198324e-11,,exact,3.4914582897198324e-11,172974,exact,0.777464387711448,exact,0.777464387711448,172974,exact,2081136.0,5.330305107207378,10.27408065670641,10847490,543827,0.05013390194413639,ok,1.0,0.0
table_2_dataset_summary,stanford_armadillo,Stanford Armadillo,E4,172974,A6_rch_b2_mrcd,rch,C4_hybrid,hybrid_occupancy,172974,172974,D0,clean,4,mrcd,all,6.253174524055794,6bf0c2b1073b5158b502cedec85873795fea57abe5709f469d1025f2a7e19d2b,7 6 6,False,0.5308071263764892,0.0023199234616807724,659554.4458240527,,exact,659554.4458240527,172974,exact,3.4914582897198324e-11,,exact,3.4914582897198324e-11,172974,exact,0.777464387711448,exact,0.777464387711448,172974,exact,2088112.0,5.330305107207378,10.27408065670641,12125251,543634,0.04483486568649177,ok,1.0,0.0
table_2_dataset_summary,stanford_armadillo,Stanford Armadillo,E4,172974,A6_rch_b3_ogk,rch,C0_uniform,uniform,172974,172974,D0,clean,0,ogk,all,2.5689310849411413,8ad3ffd807851765e353f1f6d3d4b8a03bcb38e6eb58b7a277d1822b3a65345e,10 10 10,False,0.5374314835830477,0.0023488756006751327,1011594.7459030225,,exact,1011594.7459030225,172974,exact,3.4914582897198324e-11,,exact,3.4914582897198324e-11,172974,exact,0.7730056251228509,exact,0.7730056251228509,172974,exact,2094580.0,5.584938603824844,10.794687220470028,11861908,560978,0.04729239174675777,ok,1.0,0.0
table_2_dataset_summary,stanford_armadillo,Stanford Armadillo,E4,172974,A6_rch_b3_ogk,rch,C0_uniform,uniform,172974,172974,D0,clean,1,ogk,all,2.574192769941874,8ad3ffd807851765e353f1f6d3d4b8a03bcb38e6eb58b7a277d1822b3a65345e,10 10 10,False,0.5374314835830477,0.0023488756006751327,1011594.7459030225,,exact,1011594.7459030225,172974,exact,3.4914582897198324e-11,,exact,3.4914582897198324e-11,172974,exact,0.7730056251228509,exact,0.7730056251228509,172974,exact,2101464.0,5.584938603824844,10.794687220470028,12229277,517360,0.042305035694260584,ok,1.0,0.0
table_2_dataset_summary,stanford_armadillo,Stanford Armadillo,E4,172974,A6_rch_b3_ogk,rch,C0_uniform,uniform,172974,172974,D0,clean,2,ogk,all,2.5738933460088447,8ad3ffd807851765e353f1f6d3d4b8a03bcb38e6eb58b7a277d1822b3a65345e,10 10 10,False,0.5374314835830477,0.0023488756006751327,1011594.7459030225,,exact,1011594.7459030225,172974,exact,3.4914582897198324e-11,,exact,3.4914582897198324e-11,172974,exact,0.7730056251228509,exact,0.7730056251228509,172974,exact,2108332.0,5.584938603824844,10.794687220470028,11277472,585238,0.05189443165986136,ok,1.0,0.0
table_2_dataset_summary,stanford_armadillo,Stanford Armadillo,E4,172974,A6_rch_b3_ogk,rch,C0_uniform,uniform,172974,172974,D0,clean,3,ogk,all,2.568175180000253,8ad3ffd807851765e353f1f6d3d4b8a03bcb38e6eb58b7a277d1822b3a65345e,10 10 10,False,0.5374314835830477,0.0023488756006751327,1011594.7459030225,,exact,1011594.7459030225,172974,exact,3.4914582897198324e-11,,exact,3.4914582897198324e-11,172974,exact,0.7730056251228509,exact,0.7730056251228509,172974,exact,2114948.0,5.584938603824844,10.794687220470028,11364473,563816,0.04961215535467417,ok,1.0,0.0
table_2_dataset_summary,stanford_armadillo,Stanford Armadillo,E4,172974,A6_rch_b3_ogk,rch,C0_uniform,uniform,172974,172974,D0,clean,4,ogk,all,2.5010075229220092,8ad3ffd807851765e353f1f6d3d4b8a03bcb38e6eb58b7a277d1822b3a65345e,10 10 10,False,0.5374314835830477,0.0023488756006751327,1011594.7459030225,,exact,1011594.7459030225,172974,exact,3.4914582897198324e-11,,exact,3.4914582897198324e-11,172974,exact,0.7730056251228509,exact,0.7730056251228509,172974,exact,2121852.0,5.584938603824844,10.794687220470028,13021219,546681,0.0419838572717347,ok,1.0,0.0
table_2_dataset_summary,stanford_armadillo,Stanford Armadillo,E4,172974,A6_rch_b3_ogk,rch,C1_monotone_half,monotone_half,172974,172974,D0,clean,0,ogk,all,2.590073706000112,e7beaec5bf4c4b15aa99545b98b451c0f5d4a57246433d712eaec495ada070ba,10 4 1,False,1.5382557770356877,0.006723036466318895,726696.4056688712,,exact,726696.4056688712,172974,exact,3.764672313357642e-11,,exact,3.764672313357642e-11,172974,exact,0.28902609640755256,exact,0.28902609640755256,172974,exact,2128816.0,26.880523815989203,55.501790025285494,10973570,544969,0.04966196051057222,ok,1.0,0.0
table_2_dataset_summary,stanford_armadillo,Stanford Armadillo,E4,172974,A6_rch_b3_ogk,rch,C1_monotone_half,monotone_half,172974,172974,D0,clean,1,ogk,all,2.609139265026897,e7beaec5bf4c4b15aa99545b98b451c0f5d4a57246433d712eaec495ada070ba,10 4 1,False,1.5382557770356877,0.006723036466318895,726696.4056688712,,exact,726696.4056688712,172974,exact,3.764672313357642e-11,,exact,3.764672313357642e-11,172974,exact,0.28902609640755256,exact,0.28902609640755256,172974,exact,2135256.0,26.880523815989203,55.501790025285494,11226217,501469,0.04466945543632374,ok,1.0,0.0
table_2_dataset_summary,stanford_armadillo,Stanford Armadillo,E4,172974,A6_rch_b3_ogk,rch,C1_monotone_half,monotone_half,172974,172974,D0,clean,2,ogk,all,2.5836955698905513,e7beaec5bf4c4b15aa99545b98b451c0f5d4a57246433d712eaec495ada070ba,10 4 1,False,1.5382557770356877,0.006723036466318895,726696.4056688712,,exact,726696.4056688712,172974,exact,3.764672313357642e-11,,exact,3.764672313357642e-11,172974,exact,0.28902609640755256,exact,0.28902609640755256,172974,exact,2142040.0,26.880523815989203,55.501790025285494,12804606,518465,0.04049050786880908,ok,1.0,0.0
table_2_dataset_summary,stanford_armadillo,Stanford Armadillo,E4,172974,A6_rch_b3_ogk,rch,C1_monotone_half,monotone_half,172974,172974,D0,clean,3,ogk,all,2.596604065038264,e7beaec5bf4c4b15aa99545b98b451c0f5d4a57246433d712eaec495ada070ba,10 4 1,False,1.5382557770356877,0.006723036466318895,726696.4056688712,,exact,726696.4056688712,172974,exact,3.764672313357642e-11,,exact,3.764672313357642e-11,172974,exact,0.28902609640755256,exact,0.28902609640755256,172974,exact,2148812.0,26.880523815989203,55.501790025285494,11037568,522027,0.04729547306073222,ok,1.0,0.0
table_2_dataset_summary,stanford_armadillo,Stanford Armadillo,E4,172974,A6_rch_b3_ogk,rch,C1_monotone_half,monotone_half,172974,172974,D0,clean,4,ogk,all,2.5722712179413065,e7beaec5bf4c4b15aa99545b98b451c0f5d4a57246433d712eaec495ada070ba,10 4 1,False,1.5382557770356877,0.006723036466318895,726696.4056688712,,exact,726696.4056688712,172974,exact,3.764672313357642e-11,,exact,3.764672313357642e-11,172974,exact,0.28902609640755256,exact,0.28902609640755256,172974,exact,2155844.0,26.880523815989203,55.501790025285494,10814773,523466,0.04840286522888645,ok,1.0,0.0
table_2_dataset_summary,stanford_armadillo,Stanford Armadillo,E4,172974,A6_rch_b3_ogk,rch,C2_occupancy_floor1,occupancy_floor1,172974,172974,D0,clean,0,ogk,all,2.5975576309720054,1a93b5d8129b48b0024e5e86a29b310b3e3e84fe9d7cd027fe2f97f3e4c6eaa1,7 6 6,False,0.5320434472996047,0.0023253268742824116,542388.9665546358,,exact,542388.9665546358,172974,exact,3.4914582897198324e-11,,exact,3.4914582897198324e-11,172974,exact,0.7770987258200655,exact,0.7770987258200655,172974,exact,2162684.0,5.309750652099917,10.497335237487526,13282437,536475,0.040389801961793606,ok,1.0,0.0
table_2_dataset_summary,stanford_armadillo,Stanford Armadillo,E4,172974,A6_rch_b3_ogk,rch,C2_occupancy_floor1,occupancy_floor1,172974,172974,D0,clean,1,ogk,all,2.61734080594033,1a93b5d8129b48b0024e5e86a29b310b3e3e84fe9d7cd027fe2f97f3e4c6eaa1,7 6 6,False,0.5320434472996047,0.0023253268742824116,542388.9665546358,,exact,542388.9665546358,172974,exact,3.4914582897198324e-11,,exact,3.4914582897198324e-11,172974,exact,0.7770987258200655,exact,0.7770987258200655,172974,exact,2169740.0,5.309750652099917,10.497335237487526,11207426,559229,0.04989807650748709,ok,1.0,0.0
table_2_dataset_summary,stanford_armadillo,Stanford Armadillo,E4,172974,A6_rch_b3_ogk,rch,C2_occupancy_floor1,occupancy_floor1,172974,172974,D0,clean,2,ogk,all,2.5517080060672015,1a93b5d8129b48b0024e5e86a29b310b3e3e84fe9d7cd027fe2f97f3e4c6eaa1,7 6 6,False,0.5320434472996047,0.0023253268742824116,542388.9665546358,,exact,542388.9665546358,172974,exact,3.4914582897198324e-11,,exact,3.4914582897198324e-11,172974,exact,0.7770987258200655,exact,0.7770987258200655,172974,exact,2176156.0,5.309750652099917,10.497335237487526,11705557,587322,0.05017463073307832,ok,1.0,0.0
table_2_dataset_summary,stanford_armadillo,Stanford Armadillo,E4,172974,A6_rch_b3_ogk,rch,C2_occupancy_floor1,occupancy_floor1,172974,172974,D0,clean,3,ogk,all,2.5890413150191307,1a93b5d8129b48b0024e5e86a29b310b3e3e84fe9d7cd027fe2f97f3e4c6eaa1,7 6 6,False,0.5320434472996047,0.0023253268742824116,542388.9665546358,,exact,542388.9665546358,172974,exact,3.4914582897198324e-11,,exact,3.4914582897198324e-11,172974,exact,0.7770987258200655,exact,0.7770987258200655,172974,exact,2183100.0,5.309750652099917,10.497335237487526,10898681,553292,0.05076687720284684,ok,1.0,0.0
table_2_dataset_summary,stanford_armadillo,Stanford Armadillo,E4,172974,A6_rch_b3_ogk,rch,C2_occupancy_floor1,occupancy_floor1,172974,172974,D0,clean,4,ogk,all,2.6142774251056835,1a93b5d8129b48b0024e5e86a29b310b3e3e84fe9d7cd027fe2f97f3e4c6eaa1,7 6 6,False,0.5320434472996047,0.0023253268742824116,542388.9665546358,,exact,542388.9665546358,172974,exact,3.4914582897198324e-11,,exact,3.4914582897198324e-11,172974,exact,0.7770987258200655,exact,0.7770987258200655,172974,exact,2189968.0,5.309750652099917,10.497335237487526,11445878,562701,0.049161890420289296,ok,1.0,0.0
table_2_dataset_summary,stanford_armadillo,Stanford Armadillo,E4,172974,A6_rch_b3_ogk,rch,C3_frame_core_occupancy,frame_core_occupancy,172974,172974,D0,clean,0,ogk,all,2.5706214400706813,b82df5a55c2ea7eb4525b3e44d335bc4a8f5a0fb2818779eda727ec03f5122a6,7 6 5,False,0.5309389466347668,0.002320499589797195,181733.78692212322,,exact,181733.78692212322,172974,exact,3.2736280985718623e-12,,exact,3.2736280985718623e-12,172974,exact,0.7766167169632431,exact,0.7766167169632431,172974,exact,2196708.0,5.295628757845788,10.031305386178838,11318301,561136,0.04957775906472182,ok,1.0,0.0
table_2_dataset_summary,stanford_armadillo,Stanford Armadillo,E4,172974,A6_rch_b3_ogk,rch,C3_frame_core_occupancy,frame_core_occupancy,172974,172974,D0,clean,1,ogk,all,2.5597634139703587,b82df5a55c2ea7eb4525b3e44d335bc4a8f5a0fb2818779eda727ec03f5122a6,7 6 5,False,0.5309389466347668,0.002320499589797195,181733.78692212322,,exact,181733.78692212322,172974,exact,3.2736280985718623e-12,,exact,3.2736280985718623e-12,172974,exact,0.7766167169632431,exact,0.7766167169632431,172974,exact,2203532.0,5.295628757845788,10.031305386178838,11737167,534077,0.045503058787525134,ok,1.0,0.0
table_2_dataset_summary,stanford_armadillo,Stanford Armadillo,E4,172974,A6_rch_b3_ogk,rch,C3_frame_core_occupancy,frame_core_occupancy,172974,172974,D0,clean,2,ogk,all,2.6188544920878485,b82df5a55c2ea7eb4525b3e44d335bc4a8f5a0fb2818779eda727ec03f5122a6,7 6 5,False,0.5309389466347668,0.002320499589797195,181733.78692212322,,exact,181733.78692212322,172974,exact,3.2736280985718623e-12,,exact,3.2736280985718623e-12,172974,exact,0.7766167169632431,exact,0.7766167169632431,172974,exact,2210048.0,5.295628757845788,10.031305386178838,12497418,543518,0.04349042338185376,ok,1.0,0.0
table_2_dataset_summary,stanford_armadillo,Stanford Armadillo,E4,172974,A6_rch_b3_ogk,rch,C3_frame_core_occupancy,frame_core_occupancy,172974,172974,D0,clean,3,ogk,all,2.600274787051603,b82df5a55c2ea7eb4525b3e44d335bc4a8f5a0fb2818779eda727ec03f5122a6,7 6 5,False,0.5309389466347668,0.002320499589797195,181733.78692212322,,exact,181733.78692212322,172974,exact,3.2736280985718623e-12,,exact,3.2736280985718623e-12,172974,exact,0.7766167169632431,exact,0.7766167169632431,172974,exact,2217204.0,5.295628757845788,10.031305386178838,11437912,540165,0.0472258398211142,ok,1.0,0.0
table_2_dataset_summary,stanford_armadillo,Stanford Armadillo,E4,172974,A6_rch_b3_ogk,rch,C3_frame_core_occupancy,frame_core_occupancy,172974,172974,D0,clean,4,ogk,all,2.584231788991019,b82df5a55c2ea7eb4525b3e44d335bc4a8f5a0fb2818779eda727ec03f5122a6,7 6 5,False,0.5309389466347668,0.002320499589797195,181733.78692212322,,exact,181733.78692212322,172974,exact,3.2736280985718623e-12,,exact,3.2736280985718623e-12,172974,exact,0.7766167169632431,exact,0.7766167169632431,172974,exact,2224032.0,5.295628757845788,10.031305386178838,11192110,545015,0.04869635841677753,ok,1.0,0.0
table_2_dataset_summary,stanford_armadillo,Stanford Armadillo,E4,172974,A6_rch_b3_ogk,rch,C4_hybrid,hybrid_occupancy,172974,172974,D0,clean,0,ogk,all,2.599668923066929,1a93b5d8129b48b0024e5e86a29b310b3e3e84fe9d7cd027fe2f97f3e4c6eaa1,7 6 6,False,0.5320434472996047,0.0023253268742824116,542388.9665546358,,exact,542388.9665546358,172974,exact,3.4914582897198324e-11,,exact,3.4914582897198324e-11,172974,exact,0.7770987258200655,exact,0.7770987258200655,172974,exact,2230804.0,5.309750652099917,10.497335237487526,11064928,561221,0.05072070961510097,ok,1.0,0.0
table_2_dataset_summary,stanford_armadillo,Stanford Armadillo,E4,172974,A6_rch_b3_ogk,rch,C4_hybrid,hybrid_occupancy,172974,172974,D0,clean,1,ogk,all,2.594626681995578,1a93b5d8129b48b0024e5e86a29b310b3e3e84fe9d7cd027fe2f97f3e4c6eaa1,7 6 6,False,0.5320434472996047,0.0023253268742824116,542388.9665546358,,exact,542388.9665546358,172974,exact,3.4914582897198324e-11,,exact,3.4914582897198324e-11,172974,exact,0.7770987258200655,exact,0.7770987258200655,172974,exact,2237664.0,5.309750652099917,10.497335237487526,12221069,557457,0.04561442210988253,ok,1.0,0.0
table_2_dataset_summary,stanford_armadillo,Stanford Armadillo,E4,172974,A6_rch_b3_ogk,rch,C4_hybrid,hybrid_occupancy,172974,172974,D0,clean,2,ogk,all,2.591805898002349,1a93b5d8129b48b0024e5e86a29b310b3e3e84fe9d7cd027fe2f97f3e4c6eaa1,7 6 6,False,0.5320434472996047,0.0023253268742824116,542388.9665546358,,exact,542388.9665546358,172974,exact,3.4914582897198324e-11,,exact,3.4914582897198324e-11,172974,exact,0.7770987258200655,exact,0.7770987258200655,172974,exact,2244796.0,5.309750652099917,10.497335237487526,11343915,530857,0.04679663061650233,ok,1.0,0.0
table_2_dataset_summary,stanford_armadillo,Stanford Armadillo,E4,172974,A6_rch_b3_ogk,rch,C4_hybrid,hybrid_occupancy,172974,172974,D0,clean,3,ogk,all,2.582309085992165,1a93b5d8129b48b0024e5e86a29b310b3e3e84fe9d7cd027fe2f97f3e4c6eaa1,7 6 6,False,0.5320434472996047,0.0023253268742824116,542388.9665546358,,exact,542388.9665546358,172974,exact,3.4914582897198324e-11,,exact,3.4914582897198324e-11,172974,exact,0.7770987258200655,exact,0.7770987258200655,172974,exact,2251864.0,5.309750652099917,10.497335237487526,13622797,565633,0.041521062084386925,ok,1.0,0.0
table_2_dataset_summary,stanford_armadillo,Stanford Armadillo,E4,172974,A6_rch_b3_ogk,rch,C4_hybrid,hybrid_occupancy,172974,172974,D0,clean,4,ogk,all,2.5568823360372335,1a93b5d8129b48b0024e5e86a29b310b3e3e84fe9d7cd027fe2f97f3e4c6eaa1,7 6 6,False,0.5320434472996047,0.0023253268742824116,542388.9665546358,,exact,542388.9665546358,172974,exact,3.4914582897198324e-11,,exact,3.4914582897198324e-11,172974,exact,0.7770987258200655,exact,0.7770987258200655,172974,exact,2258596.0,5.309750652099917,10.497335237487526,11105386,564245,0.050808229448305535,ok,1.0,0.0
table_2_dataset_summary,stanford_armadillo,Stanford Armadillo,E4,172974,A7_cgal_spatial_sort,external_cgal_spatial_sort,C2_occupancy_floor1,occupancy_floor1,172974,172974,D0,clean,0,none,external,0.16596820391714573,78c45d901e9a48306fbcc9f76bb686729e03e2a430a5f4dd8a5210d028c39d57,0 0 0,False,1.555297030343049,0.006797516256434131,2969073.999260412,,exact,2969073.999260412,172974,exact,4.0480347455458514e-13,,exact,4.0480347455458514e-13,172974,exact,0.5846919190167308,exact,0.5846919190167308,172974,exact,2265772.0,10.461165842735502,31.5817489500247,12289568,565869,0.046044661618699696,ok,1.0,
table_2_dataset_summary,stanford_armadillo,Stanford Armadillo,E4,172974,A7_cgal_spatial_sort,external_cgal_spatial_sort,C2_occupancy_floor1,occupancy_floor1,172974,172974,D0,clean,1,none,external,0.17342638305854052,78c45d901e9a48306fbcc9f76bb686729e03e2a430a5f4dd8a5210d028c39d57,0 0 0,False,1.555297030343049,0.006797516256434131,2969073.999260412,,exact,2969073.999260412,172974,exact,4.0480347455458514e-13,,exact,4.0480347455458514e-13,172974,exact,0.5846919190167308,exact,0.5846919190167308,172974,exact,2272572.0,10.461165842735502,31.5817489500247,11116676,563083,0.050652101401534054,ok,1.0,
table_2_dataset_summary,stanford_armadillo,Stanford Armadillo,E4,172974,A7_cgal_spatial_sort,external_cgal_spatial_sort,C2_occupancy_floor1,occupancy_floor1,172974,172974,D0,clean,2,none,external,0.16456127003766596,78c45d901e9a48306fbcc9f76bb686729e03e2a430a5f4dd8a5210d028c39d57,0 0 0,False,1.555297030343049,0.006797516256434131,2969073.999260412,,exact,2969073.999260412,172974,exact,4.0480347455458514e-13,,exact,4.0480347455458514e-13,172974,exact,0.5846919190167308,exact,0.5846919190167308,172974,exact,2279416.0,10.461165842735502,31.5817489500247,11412031,529349,0.04638517017698252,ok,1.0,
table_2_dataset_summary,stanford_armadillo,Stanford Armadillo,E4,172974,A7_cgal_spatial_sort,external_cgal_spatial_sort,C2_occupancy_floor1,occupancy_floor1,172974,172974,D0,clean,3,none,external,0.15792152099311352,78c45d901e9a48306fbcc9f76bb686729e03e2a430a5f4dd8a5210d028c39d57,0 0 0,False,1.555297030343049,0.006797516256434131,2969073.999260412,,exact,2969073.999260412,172974,exact,4.0480347455458514e-13,,exact,4.0480347455458514e-13,172974,exact,0.5846919190167308,exact,0.5846919190167308,172974,exact,2286292.0,10.461165842735502,31.5817489500247,11052848,579083,0.052392197920391195,ok,1.0,
table_2_dataset_summary,stanford_armadillo,Stanford Armadillo,E4,172974,A7_cgal_spatial_sort,external_cgal_spatial_sort,C2_occupancy_floor1,occupancy_floor1,172974,172974,D0,clean,4,none,external,0.16677350003737956,78c45d901e9a48306fbcc9f76bb686729e03e2a430a5f4dd8a5210d028c39d57,0 0 0,False,1.555297030343049,0.006797516256434131,2969073.999260412,,exact,2969073.999260412,172974,exact,4.0480347455458514e-13,,exact,4.0480347455458514e-13,172974,exact,0.5846919190167308,exact,0.5846919190167308,172974,exact,2293152.0,10.461165842735502,31.5817489500247,11632102,572651,0.04923022511322545,ok,1.0,
table_2_dataset_summary,stanford_armadillo,Stanford Armadillo,E4,172974,A7_cgal_spatial_sort,external_cgal_spatial_sort,C3_frame_core_occupancy,frame_core_occupancy,172974,172974,D0,clean,0,none,external,0.1640198800014332,78c45d901e9a48306fbcc9f76bb686729e03e2a430a5f4dd8a5210d028c39d57,0 0 0,False,1.555297030343049,0.006797516256434131,2969073.999260412,,exact,2969073.999260412,172974,exact,4.0480347455458514e-13,,exact,4.0480347455458514e-13,172974,exact,0.5846919190167308,exact,0.5846919190167308,172974,exact,2299940.0,10.461165842735502,31.5817489500247,11614441,535520,0.04610811661103621,ok,1.0,
table_2_dataset_summary,stanford_armadillo,Stanford Armadillo,E4,172974,A7_cgal_spatial_sort,external_cgal_spatial_sort,C3_frame_core_occupancy,frame_core_occupancy,172974,172974,D0,clean,1,none,external,0.16383708408102393,78c45d901e9a48306fbcc9f76bb686729e03e2a430a5f4dd8a5210d028c39d57,0 0 0,False,1.555297030343049,0.006797516256434131,2969073.999260412,,exact,2969073.999260412,172974,exact,4.0480347455458514e-13,,exact,4.0480347455458514e-13,172974,exact,0.5846919190167308,exact,0.5846919190167308,172974,exact,2306584.0,10.461165842735502,31.5817489500247,11820898,585178,0.049503684068672275,ok,1.0,
table_2_dataset_summary,stanford_armadillo,Stanford Armadillo,E4,172974,A7_cgal_spatial_sort,external_cgal_spatial_sort,C3_frame_core_occupancy,frame_core_occupancy,172974,172974,D0,clean,2,none,external,0.16321284498553723,78c45d901e9a48306fbcc9f76bb686729e03e2a430a5f4dd8a5210d028c39d57,0 0 0,False,1.555297030343049,0.006797516256434131,2969073.999260412,,exact,2969073.999260412,172974,exact,4.0480347455458514e-13,,exact,4.0480347455458514e-13,172974,exact,0.5846919190167308,exact,0.5846919190167308,172974,exact,2313288.0,10.461165842735502,31.5817489500247,11550276,554976,0.04804872195261828,ok,1.0,
table_2_dataset_summary,stanford_armadillo,Stanford Armadillo,E4,172974,A7_cgal_spatial_sort,external_cgal_spatial_sort,C3_frame_core_occupancy,frame_core_occupancy,172974,172974,D0,clean,3,none,external,0.1641077840467915,78c45d901e9a48306fbcc9f76bb686729e03e2a430a5f4dd8a5210d028c39d57,0 0 0,False,1.555297030343049,0.006797516256434131,2969073.999260412,,exact,2969073.999260412,172974,exact,4.0480347455458514e-13,,exact,4.0480347455458514e-13,172974,exact,0.5846919190167308,exact,0.5846919190167308,172974,exact,2320104.0,10.461165842735502,31.5817489500247,11773449,524052,0.04451134072946679,ok,1.0,
table_2_dataset_summary,stanford_armadillo,Stanford Armadillo,E4,172974,A7_cgal_spatial_sort,external_cgal_spatial_sort,C3_frame_core_occupancy,frame_core_occupancy,172974,172974,D0,clean,4,none,external,0.16580318403430283,78c45d901e9a48306fbcc9f76bb686729e03e2a430a5f4dd8a5210d028c39d57,0 0 0,False,1.555297030343049,0.006797516256434131,2969073.999260412,,exact,2969073.999260412,172974,exact,4.0480347455458514e-13,,exact,4.0480347455458514e-13,172974,exact,0.5846919190167308,exact,0.5846919190167308,172974,exact,2327084.0,10.461165842735502,31.5817489500247,11136539,568248,0.05102554752423531,ok,1.0,
table_2_dataset_summary,stanford_armadillo,Stanford Armadillo,E4,172974,A7_cgal_spatial_sort,external_cgal_spatial_sort,C4_hybrid,hybrid_occupancy,172974,172974,D0,clean,0,none,external,0.16662105696741492,78c45d901e9a48306fbcc9f76bb686729e03e2a430a5f4dd8a5210d028c39d57,0 0 0,False,1.555297030343049,0.006797516256434131,2969073.999260412,,exact,2969073.999260412,172974,exact,4.0480347455458514e-13,,exact,4.0480347455458514e-13,172974,exact,0.5846919190167308,exact,0.5846919190167308,172974,exact,2333688.0,10.461165842735502,31.5817489500247,14390851,558593,0.03881584209300756,ok,1.0,
table_2_dataset_summary,stanford_armadillo,Stanford Armadillo,E4,172974,A7_cgal_spatial_sort,external_cgal_spatial_sort,C4_hybrid,hybrid_occupancy,172974,172974,D0,clean,1,none,external,0.16487564495764673,78c45d901e9a48306fbcc9f76bb686729e03e2a430a5f4dd8a5210d028c39d57,0 0 0,False,1.555297030343049,0.006797516256434131,2969073.999260412,,exact,2969073.999260412,172974,exact,4.0480347455458514e-13,,exact,4.0480347455458514e-13,172974,exact,0.5846919190167308,exact,0.5846919190167308,172974,exact,2340612.0,10.461165842735502,31.5817489500247,11399742,519901,0.04560638302165084,ok,1.0,
table_2_dataset_summary,stanford_armadillo,Stanford Armadillo,E4,172974,A7_cgal_spatial_sort,external_cgal_spatial_sort,C4_hybrid,hybrid_occupancy,172974,172974,D0,clean,2,none,external,0.1632950339699164,78c45d901e9a48306fbcc9f76bb686729e03e2a430a5f4dd8a5210d028c39d57,0 0 0,False,1.555297030343049,0.006797516256434131,2969073.999260412,,exact,2969073.999260412,172974,exact,4.0480347455458514e-13,,exact,4.0480347455458514e-13,172974,exact,0.5846919190167308,exact,0.5846919190167308,172974,exact,2347496.0,10.461165842735502,31.5817489500247,12685370,521642,0.04112154395181221,ok,1.0,
table_2_dataset_summary,stanford_armadillo,Stanford Armadillo,E4,172974,A7_cgal_spatial_sort,external_cgal_spatial_sort,C4_hybrid,hybrid_occupancy,172974,172974,D0,clean,3,none,external,0.16853046405594796,78c45d901e9a48306fbcc9f76bb686729e03e2a430a5f4dd8a5210d028c39d57,0 0 0,False,1.555297030343049,0.006797516256434131,2969073.999260412,,exact,2969073.999260412,172974,exact,4.0480347455458514e-13,,exact,4.0480347455458514e-13,172974,exact,0.5846919190167308,exact,0.5846919190167308,172974,exact,2354072.0,10.461165842735502,31.5817489500247,12778806,558476,0.04370330060570604,ok,1.0,
table_2_dataset_summary,stanford_armadillo,Stanford Armadillo,E4,172974,A7_cgal_spatial_sort,external_cgal_spatial_sort,C4_hybrid,hybrid_occupancy,172974,172974,D0,clean,4,none,external,0.16496109205763787,78c45d901e9a48306fbcc9f76bb686729e03e2a430a5f4dd8a5210d028c39d57,0 0 0,False,1.555297030343049,0.006797516256434131,2969073.999260412,,exact,2969073.999260412,172974,exact,4.0480347455458514e-13,,exact,4.0480347455458514e-13,172974,exact,0.5846919190167308,exact,0.5846919190167308,172974,exact,2361340.0,10.461165842735502,31.5817489500247,10860115,550297,0.05067137871007812,ok,1.0,
