dataset_id,dataset_label,geometry_id,algorithm_id,method,bit_rule,bit_allocator,contamination_id,contamination_mode,seed,frame_estimator,miad_off,miad_all,miad_all_minus_off,miad_all_minus_off_percent,normalized_miad_off,normalized_miad_all,normalized_miad_all_minus_off,normalized_miad_all_minus_off_percent
stanford_armadillo,Stanford Armadillo,E4,A0_input,input,C0_uniform,uniform,D0,clean,0.0,none,56.6208647398,56.6208647398,0,0,0.24746478712,0.24746478712,0,0
stanford_armadillo,Stanford Armadillo,E4,A0_input,input,C0_uniform,uniform,D0,clean,1.0,none,56.6208647398,56.6208647398,0,0,0.24746478712,0.24746478712,0,0
stanford_armadillo,Stanford Armadillo,E4,A0_input,input,C0_uniform,uniform,D0,clean,2.0,none,56.6208647398,56.6208647398,0,0,0.24746478712,0.24746478712,0,0
stanford_armadillo,Stanford Armadillo,E4,A0_input,input,C0_uniform,uniform,D0,clean,3.0,none,56.6208647398,56.6208647398,0,0,0.24746478712,0.24746478712,0,0
stanford_armadillo,Stanford Armadillo,E4,A0_input,input,C0_uniform,uniform,D0,clean,4.0,none,56.6208647398,56.6208647398,0,0,0.24746478712,0.24746478712,0,0
stanford_armadillo,Stanford Armadillo,E4,A1_lexicographic,lexicographic,C0_uniform,uniform,D0,clean,0.0,none,25.7274596353,3.77631064694,-21.9511489883,-85.3218673725,0.112443360783,0.0165045856265,-0.0959387751564,-85.3218673725
stanford_armadillo,Stanford Armadillo,E4,A1_lexicographic,lexicographic,C0_uniform,uniform,D0,clean,1.0,none,25.7274596353,3.77631064694,-21.9511489883,-85.3218673725,0.112443360783,0.0165045856265,-0.0959387751564,-85.3218673725
stanford_armadillo,Stanford Armadillo,E4,A1_lexicographic,lexicographic,C0_uniform,uniform,D0,clean,2.0,none,25.7274596353,3.77631064694,-21.9511489883,-85.3218673725,0.112443360783,0.0165045856265,-0.0959387751564,-85.3218673725
stanford_armadillo,Stanford Armadillo,E4,A1_lexicographic,lexicographic,C0_uniform,uniform,D0,clean,3.0,none,25.7274596353,3.77631064694,-21.9511489883,-85.3218673725,0.112443360783,0.0165045856265,-0.0959387751564,-85.3218673725
stanford_armadillo,Stanford Armadillo,E4,A1_lexicographic,lexicographic,C0_uniform,uniform,D0,clean,4.0,none,25.7274596353,3.77631064694,-21.9511489883,-85.3218673725,0.112443360783,0.0165045856265,-0.0959387751564,-85.3218673725
stanford_armadillo,Stanford Armadillo,E4,A2_morton,morton,C0_uniform,uniform,D0,clean,0.0,none,0.832551974151,0.555664342645,-0.276887631506,-33.2576992312,0.00363871689344,0.00242856337314,-0.00121015352029,-33.2576992312
stanford_armadillo,Stanford Armadillo,E4,A2_morton,morton,C0_uniform,uniform,D0,clean,1.0,none,0.832551974151,0.555664342645,-0.276887631506,-33.2576992312,0.00363871689344,0.00242856337314,-0.00121015352029,-33.2576992312
stanford_armadillo,Stanford Armadillo,E4,A2_morton,morton,C0_uniform,uniform,D0,clean,2.0,none,0.832551974151,0.555664342645,-0.276887631506,-33.2576992312,0.00363871689344,0.00242856337314,-0.00121015352029,-33.2576992312
stanford_armadillo,Stanford Armadillo,E4,A2_morton,morton,C0_uniform,uniform,D0,clean,3.0,none,0.832551974151,0.555664342645,-0.276887631506,-33.2576992312,0.00363871689344,0.00242856337314,-0.00121015352029,-33.2576992312
stanford_armadillo,Stanford Armadillo,E4,A2_morton,morton,C0_uniform,uniform,D0,clean,4.0,none,0.832551974151,0.555664342645,-0.276887631506,-33.2576992312,0.00363871689344,0.00242856337314,-0.00121015352029,-33.2576992312
stanford_armadillo,Stanford Armadillo,E4,A2_morton,morton,C1_monotone_half,monotone_half,D0,clean,0.0,none,6.25875693005,1.60105658656,-4.6577003435,-74.4189364685,0.0273542616922,0.00699751106205,-0.0203567506302,-74.4189364685
stanford_armadillo,Stanford Armadillo,E4,A2_morton,morton,C1_monotone_half,monotone_half,D0,clean,1.0,none,6.25875693005,1.60105658656,-4.6577003435,-74.4189364685,0.0273542616922,0.00699751106205,-0.0203567506302,-74.4189364685
stanford_armadillo,Stanford Armadillo,E4,A2_morton,morton,C1_monotone_half,monotone_half,D0,clean,2.0,none,6.25875693005,1.60105658656,-4.6577003435,-74.4189364685,0.0273542616922,0.00699751106205,-0.0203567506302,-74.4189364685
stanford_armadillo,Stanford Armadillo,E4,A2_morton,morton,C1_monotone_half,monotone_half,D0,clean,3.0,none,6.25875693005,1.60105658656,-4.6577003435,-74.4189364685,0.0273542616922,0.00699751106205,-0.0203567506302,-74.4189364685
stanford_armadillo,Stanford Armadillo,E4,A2_morton,morton,C1_monotone_half,monotone_half,D0,clean,4.0,none,6.25875693005,1.60105658656,-4.6577003435,-74.4189364685,0.0273542616922,0.00699751106205,-0.0203567506302,-74.4189364685
stanford_armadillo,Stanford Armadillo,E4,A2_morton,morton,C2_occupancy_floor1,occupancy_floor1,D0,clean,0.0,none,0.857450047152,0.556843131325,-0.300606915827,-35.0582423811,0.00374753537163,0.00243371533773,-0.0013138200339,-35.0582423811
stanford_armadillo,Stanford Armadillo,E4,A2_morton,morton,C2_occupancy_floor1,occupancy_floor1,D0,clean,1.0,none,0.857450047152,0.556843131325,-0.300606915827,-35.0582423811,0.00374753537163,0.00243371533773,-0.0013138200339,-35.0582423811
stanford_armadillo,Stanford Armadillo,E4,A2_morton,morton,C2_occupancy_floor1,occupancy_floor1,D0,clean,2.0,none,0.857450047152,0.556843131325,-0.300606915827,-35.0582423811,0.00374753537163,0.00243371533773,-0.0013138200339,-35.0582423811
stanford_armadillo,Stanford Armadillo,E4,A2_morton,morton,C2_occupancy_floor1,occupancy_floor1,D0,clean,3.0,none,0.857450047152,0.556843131325,-0.300606915827,-35.0582423811,0.00374753537163,0.00243371533773,-0.0013138200339,-35.0582423811
stanford_armadillo,Stanford Armadillo,E4,A2_morton,morton,C2_occupancy_floor1,occupancy_floor1,D0,clean,4.0,none,0.857450047152,0.556843131325,-0.300606915827,-35.0582423811,0.00374753537163,0.00243371533773,-0.0013138200339,-35.0582423811
stanford_armadillo,Stanford Armadillo,E4,A2_morton,morton,C3_frame_core_occupancy,frame_core_occupancy,D0,clean,0.0,none,0.857450047152,0.556843131325,-0.300606915827,-35.0582423811,0.00374753537163,0.00243371533773,-0.0013138200339,-35.0582423811
stanford_armadillo,Stanford Armadillo,E4,A2_morton,morton,C3_frame_core_occupancy,frame_core_occupancy,D0,clean,1.0,none,0.857450047152,0.556843131325,-0.300606915827,-35.0582423811,0.00374753537163,0.00243371533773,-0.0013138200339,-35.0582423811
stanford_armadillo,Stanford Armadillo,E4,A2_morton,morton,C3_frame_core_occupancy,frame_core_occupancy,D0,clean,2.0,none,0.857450047152,0.556843131325,-0.300606915827,-35.0582423811,0.00374753537163,0.00243371533773,-0.0013138200339,-35.0582423811
stanford_armadillo,Stanford Armadillo,E4,A2_morton,morton,C3_frame_core_occupancy,frame_core_occupancy,D0,clean,3.0,none,0.857450047152,0.556843131325,-0.300606915827,-35.0582423811,0.00374753537163,0.00243371533773,-0.0013138200339,-35.0582423811
stanford_armadillo,Stanford Armadillo,E4,A2_morton,morton,C3_frame_core_occupancy,frame_core_occupancy,D0,clean,4.0,none,0.857450047152,0.556843131325,-0.300606915827,-35.0582423811,0.00374753537163,0.00243371533773,-0.0013138200339,-35.0582423811
stanford_armadillo,Stanford Armadillo,E4,A2_morton,morton,C4_hybrid,hybrid_occupancy,D0,clean,0.0,none,0.857450047152,0.556843131325,-0.300606915827,-35.0582423811,0.00374753537163,0.00243371533773,-0.0013138200339,-35.0582423811
stanford_armadillo,Stanford Armadillo,E4,A2_morton,morton,C4_hybrid,hybrid_occupancy,D0,clean,1.0,none,0.857450047152,0.556843131325,-0.300606915827,-35.0582423811,0.00374753537163,0.00243371533773,-0.0013138200339,-35.0582423811
stanford_armadillo,Stanford Armadillo,E4,A2_morton,morton,C4_hybrid,hybrid_occupancy,D0,clean,2.0,none,0.857450047152,0.556843131325,-0.300606915827,-35.0582423811,0.00374753537163,0.00243371533773,-0.0013138200339,-35.0582423811
stanford_armadillo,Stanford Armadillo,E4,A2_morton,morton,C4_hybrid,hybrid_occupancy,D0,clean,3.0,none,0.857450047152,0.556843131325,-0.300606915827,-35.0582423811,0.00374753537163,0.00243371533773,-0.0013138200339,-35.0582423811
stanford_armadillo,Stanford Armadillo,E4,A2_morton,morton,C4_hybrid,hybrid_occupancy,D0,clean,4.0,none,0.857450047152,0.556843131325,-0.300606915827,-35.0582423811,0.00374753537163,0.00243371533773,-0.0013138200339,-35.0582423811
stanford_armadillo,Stanford Armadillo,E4,A3_isotropic_hilbert,isotropic_hilbert,C0_uniform,uniform,D0,clean,0.0,none,0.699083685173,0.522853727662,-0.176229957511,-25.2087069472,0.00305538596285,0.00228516266937,-0.000770223293481,-25.2087069472
stanford_armadillo,Stanford Armadillo,E4,A3_isotropic_hilbert,isotropic_hilbert,C0_uniform,uniform,D0,clean,1.0,none,0.699083685173,0.522853727662,-0.176229957511,-25.2087069472,0.00305538596285,0.00228516266937,-0.000770223293481,-25.2087069472
stanford_armadillo,Stanford Armadillo,E4,A3_isotropic_hilbert,isotropic_hilbert,C0_uniform,uniform,D0,clean,2.0,none,0.699083685173,0.522853727662,-0.176229957511,-25.2087069472,0.00305538596285,0.00228516266937,-0.000770223293481,-25.2087069472
stanford_armadillo,Stanford Armadillo,E4,A3_isotropic_hilbert,isotropic_hilbert,C0_uniform,uniform,D0,clean,3.0,none,0.699083685173,0.522853727662,-0.176229957511,-25.2087069472,0.00305538596285,0.00228516266937,-0.000770223293481,-25.2087069472
stanford_armadillo,Stanford Armadillo,E4,A3_isotropic_hilbert,isotropic_hilbert,C0_uniform,uniform,D0,clean,4.0,none,0.699083685173,0.522853727662,-0.176229957511,-25.2087069472,0.00305538596285,0.00228516266937,-0.000770223293481,-25.2087069472
stanford_armadillo,Stanford Armadillo,E4,A3_isotropic_hilbert,isotropic_hilbert,C1_monotone_half,monotone_half,D0,clean,0.0,none,0.699083685173,0.522853727662,-0.176229957511,-25.2087069472,0.00305538596285,0.00228516266937,-0.000770223293481,-25.2087069472
stanford_armadillo,Stanford Armadillo,E4,A3_isotropic_hilbert,isotropic_hilbert,C1_monotone_half,monotone_half,D0,clean,1.0,none,0.699083685173,0.522853727662,-0.176229957511,-25.2087069472,0.00305538596285,0.00228516266937,-0.000770223293481,-25.2087069472
stanford_armadillo,Stanford Armadillo,E4,A3_isotropic_hilbert,isotropic_hilbert,C1_monotone_half,monotone_half,D0,clean,2.0,none,0.699083685173,0.522853727662,-0.176229957511,-25.2087069472,0.00305538596285,0.00228516266937,-0.000770223293481,-25.2087069472
stanford_armadillo,Stanford Armadillo,E4,A3_isotropic_hilbert,isotropic_hilbert,C1_monotone_half,monotone_half,D0,clean,3.0,none,0.699083685173,0.522853727662,-0.176229957511,-25.2087069472,0.00305538596285,0.00228516266937,-0.000770223293481,-25.2087069472
stanford_armadillo,Stanford Armadillo,E4,A3_isotropic_hilbert,isotropic_hilbert,C1_monotone_half,monotone_half,D0,clean,4.0,none,0.699083685173,0.522853727662,-0.176229957511,-25.2087069472,0.00305538596285,0.00228516266937,-0.000770223293481,-25.2087069472
stanford_armadillo,Stanford Armadillo,E4,A3_isotropic_hilbert,isotropic_hilbert,C2_occupancy_floor1,occupancy_floor1,D0,clean,0.0,none,0.699083685173,0.522853727662,-0.176229957511,-25.2087069472,0.00305538596285,0.00228516266937,-0.000770223293481,-25.2087069472
stanford_armadillo,Stanford Armadillo,E4,A3_isotropic_hilbert,isotropic_hilbert,C2_occupancy_floor1,occupancy_floor1,D0,clean,1.0,none,0.699083685173,0.522853727662,-0.176229957511,-25.2087069472,0.00305538596285,0.00228516266937,-0.000770223293481,-25.2087069472
stanford_armadillo,Stanford Armadillo,E4,A3_isotropic_hilbert,isotropic_hilbert,C2_occupancy_floor1,occupancy_floor1,D0,clean,2.0,none,0.699083685173,0.522853727662,-0.176229957511,-25.2087069472,0.00305538596285,0.00228516266937,-0.000770223293481,-25.2087069472
stanford_armadillo,Stanford Armadillo,E4,A3_isotropic_hilbert,isotropic_hilbert,C2_occupancy_floor1,occupancy_floor1,D0,clean,3.0,none,0.699083685173,0.522853727662,-0.176229957511,-25.2087069472,0.00305538596285,0.00228516266937,-0.000770223293481,-25.2087069472
stanford_armadillo,Stanford Armadillo,E4,A3_isotropic_hilbert,isotropic_hilbert,C2_occupancy_floor1,occupancy_floor1,D0,clean,4.0,none,0.699083685173,0.522853727662,-0.176229957511,-25.2087069472,0.00305538596285,0.00228516266937,-0.000770223293481,-25.2087069472
stanford_armadillo,Stanford Armadillo,E4,A3_isotropic_hilbert,isotropic_hilbert,C3_frame_core_occupancy,frame_core_occupancy,D0,clean,0.0,none,0.699083685173,0.522853727662,-0.176229957511,-25.2087069472,0.00305538596285,0.00228516266937,-0.000770223293481,-25.2087069472
stanford_armadillo,Stanford Armadillo,E4,A3_isotropic_hilbert,isotropic_hilbert,C3_frame_core_occupancy,frame_core_occupancy,D0,clean,1.0,none,0.699083685173,0.522853727662,-0.176229957511,-25.2087069472,0.00305538596285,0.00228516266937,-0.000770223293481,-25.2087069472
stanford_armadillo,Stanford Armadillo,E4,A3_isotropic_hilbert,isotropic_hilbert,C3_frame_core_occupancy,frame_core_occupancy,D0,clean,2.0,none,0.699083685173,0.522853727662,-0.176229957511,-25.2087069472,0.00305538596285,0.00228516266937,-0.000770223293481,-25.2087069472
stanford_armadillo,Stanford Armadillo,E4,A3_isotropic_hilbert,isotropic_hilbert,C3_frame_core_occupancy,frame_core_occupancy,D0,clean,3.0,none,0.699083685173,0.522853727662,-0.176229957511,-25.2087069472,0.00305538596285,0.00228516266937,-0.000770223293481,-25.2087069472
stanford_armadillo,Stanford Armadillo,E4,A3_isotropic_hilbert,isotropic_hilbert,C3_frame_core_occupancy,frame_core_occupancy,D0,clean,4.0,none,0.699083685173,0.522853727662,-0.176229957511,-25.2087069472,0.00305538596285,0.00228516266937,-0.000770223293481,-25.2087069472
stanford_armadillo,Stanford Armadillo,E4,A3_isotropic_hilbert,isotropic_hilbert,C4_hybrid,hybrid_occupancy,D0,clean,0.0,none,0.699083685173,0.522853727662,-0.176229957511,-25.2087069472,0.00305538596285,0.00228516266937,-0.000770223293481,-25.2087069472
stanford_armadillo,Stanford Armadillo,E4,A3_isotropic_hilbert,isotropic_hilbert,C4_hybrid,hybrid_occupancy,D0,clean,1.0,none,0.699083685173,0.522853727662,-0.176229957511,-25.2087069472,0.00305538596285,0.00228516266937,-0.000770223293481,-25.2087069472
stanford_armadillo,Stanford Armadillo,E4,A3_isotropic_hilbert,isotropic_hilbert,C4_hybrid,hybrid_occupancy,D0,clean,2.0,none,0.699083685173,0.522853727662,-0.176229957511,-25.2087069472,0.00305538596285,0.00228516266937,-0.000770223293481,-25.2087069472
stanford_armadillo,Stanford Armadillo,E4,A3_isotropic_hilbert,isotropic_hilbert,C4_hybrid,hybrid_occupancy,D0,clean,3.0,none,0.699083685173,0.522853727662,-0.176229957511,-25.2087069472,0.00305538596285,0.00228516266937,-0.000770223293481,-25.2087069472
stanford_armadillo,Stanford Armadillo,E4,A3_isotropic_hilbert,isotropic_hilbert,C4_hybrid,hybrid_occupancy,D0,clean,4.0,none,0.699083685173,0.522853727662,-0.176229957511,-25.2087069472,0.00305538596285,0.00228516266937,-0.000770223293481,-25.2087069472
stanford_armadillo,Stanford Armadillo,E4,A4_compact_hilbert_aabb,compact_hilbert_aabb,C0_uniform,uniform,D0,clean,0.0,none,0.699083685173,0.522853727662,-0.176229957511,-25.2087069472,0.00305538596285,0.00228516266937,-0.000770223293481,-25.2087069472
stanford_armadillo,Stanford Armadillo,E4,A4_compact_hilbert_aabb,compact_hilbert_aabb,C0_uniform,uniform,D0,clean,1.0,none,0.699083685173,0.522853727662,-0.176229957511,-25.2087069472,0.00305538596285,0.00228516266937,-0.000770223293481,-25.2087069472
stanford_armadillo,Stanford Armadillo,E4,A4_compact_hilbert_aabb,compact_hilbert_aabb,C0_uniform,uniform,D0,clean,2.0,none,0.699083685173,0.522853727662,-0.176229957511,-25.2087069472,0.00305538596285,0.00228516266937,-0.000770223293481,-25.2087069472
stanford_armadillo,Stanford Armadillo,E4,A4_compact_hilbert_aabb,compact_hilbert_aabb,C0_uniform,uniform,D0,clean,3.0,none,0.699083685173,0.522853727662,-0.176229957511,-25.2087069472,0.00305538596285,0.00228516266937,-0.000770223293481,-25.2087069472
stanford_armadillo,Stanford Armadillo,E4,A4_compact_hilbert_aabb,compact_hilbert_aabb,C0_uniform,uniform,D0,clean,4.0,none,0.699083685173,0.522853727662,-0.176229957511,-25.2087069472,0.00305538596285,0.00228516266937,-0.000770223293481,-25.2087069472
stanford_armadillo,Stanford Armadillo,E4,A4_compact_hilbert_aabb,compact_hilbert_aabb,C1_monotone_half,monotone_half,D0,clean,0.0,none,6.29123237307,1.60278139735,-4.68845097572,-74.5235702275,0.0274961975074,0.00700504944808,-0.0204911480593,-74.5235702275
stanford_armadillo,Stanford Armadillo,E4,A4_compact_hilbert_aabb,compact_hilbert_aabb,C1_monotone_half,monotone_half,D0,clean,1.0,none,6.29123237307,1.60278139735,-4.68845097572,-74.5235702275,0.0274961975074,0.00700504944808,-0.0204911480593,-74.5235702275
stanford_armadillo,Stanford Armadillo,E4,A4_compact_hilbert_aabb,compact_hilbert_aabb,C1_monotone_half,monotone_half,D0,clean,2.0,none,6.29123237307,1.60278139735,-4.68845097572,-74.5235702275,0.0274961975074,0.00700504944808,-0.0204911480593,-74.5235702275
stanford_armadillo,Stanford Armadillo,E4,A4_compact_hilbert_aabb,compact_hilbert_aabb,C1_monotone_half,monotone_half,D0,clean,3.0,none,6.29123237307,1.60278139735,-4.68845097572,-74.5235702275,0.0274961975074,0.00700504944808,-0.0204911480593,-74.5235702275
stanford_armadillo,Stanford Armadillo,E4,A4_compact_hilbert_aabb,compact_hilbert_aabb,C1_monotone_half,monotone_half,D0,clean,4.0,none,6.29123237307,1.60278139735,-4.68845097572,-74.5235702275,0.0274961975074,0.00700504944808,-0.0204911480593,-74.5235702275
stanford_armadillo,Stanford Armadillo,E4,A4_compact_hilbert_aabb,compact_hilbert_aabb,C2_occupancy_floor1,occupancy_floor1,D0,clean,0.0,none,0.829917140644,0.524451549518,-0.305465591126,-36.806757707,0.00362720120013,0.00229214604285,-0.00133505515728,-36.806757707
stanford_armadillo,Stanford Armadillo,E4,A4_compact_hilbert_aabb,compact_hilbert_aabb,C2_occupancy_floor1,occupancy_floor1,D0,clean,1.0,none,0.829917140644,0.524451549518,-0.305465591126,-36.806757707,0.00362720120013,0.00229214604285,-0.00133505515728,-36.806757707
stanford_armadillo,Stanford Armadillo,E4,A4_compact_hilbert_aabb,compact_hilbert_aabb,C2_occupancy_floor1,occupancy_floor1,D0,clean,2.0,none,0.829917140644,0.524451549518,-0.305465591126,-36.806757707,0.00362720120013,0.00229214604285,-0.00133505515728,-36.806757707
stanford_armadillo,Stanford Armadillo,E4,A4_compact_hilbert_aabb,compact_hilbert_aabb,C2_occupancy_floor1,occupancy_floor1,D0,clean,3.0,none,0.829917140644,0.524451549518,-0.305465591126,-36.806757707,0.00362720120013,0.00229214604285,-0.00133505515728,-36.806757707
stanford_armadillo,Stanford Armadillo,E4,A4_compact_hilbert_aabb,compact_hilbert_aabb,C2_occupancy_floor1,occupancy_floor1,D0,clean,4.0,none,0.829917140644,0.524451549518,-0.305465591126,-36.806757707,0.00362720120013,0.00229214604285,-0.00133505515728,-36.806757707
stanford_armadillo,Stanford Armadillo,E4,A5_pca_compact_hilbert,pca_compact_hilbert,C0_uniform,uniform,D0,clean,0.0,sample_covariance,0.733285067616,0.531333996998,-0.201951070618,-27.5405949932,0.00320486509681,0.00232222618042,-0.000882638916392,-27.5405949932
stanford_armadillo,Stanford Armadillo,E4,A5_pca_compact_hilbert,pca_compact_hilbert,C0_uniform,uniform,D0,clean,1.0,sample_covariance,0.733285067616,0.531333996998,-0.201951070618,-27.5405949932,0.00320486509681,0.00232222618042,-0.000882638916392,-27.5405949932
stanford_armadillo,Stanford Armadillo,E4,A5_pca_compact_hilbert,pca_compact_hilbert,C0_uniform,uniform,D0,clean,2.0,sample_covariance,0.733285067616,0.531333996998,-0.201951070618,-27.5405949932,0.00320486509681,0.00232222618042,-0.000882638916392,-27.5405949932
stanford_armadillo,Stanford Armadillo,E4,A5_pca_compact_hilbert,pca_compact_hilbert,C0_uniform,uniform,D0,clean,3.0,sample_covariance,0.733285067616,0.531333996998,-0.201951070618,-27.5405949932,0.00320486509681,0.00232222618042,-0.000882638916392,-27.5405949932
stanford_armadillo,Stanford Armadillo,E4,A5_pca_compact_hilbert,pca_compact_hilbert,C0_uniform,uniform,D0,clean,4.0,sample_covariance,0.733285067616,0.531333996998,-0.201951070618,-27.5405949932,0.00320486509681,0.00232222618042,-0.000882638916392,-27.5405949932
stanford_armadillo,Stanford Armadillo,E4,A5_pca_compact_hilbert,pca_compact_hilbert,C1_monotone_half,monotone_half,D0,clean,0.0,sample_covariance,3.92338341806,1.54521129104,-2.37817212702,-60.6153381816,0.0171473757386,0.0067534359454,-0.0103939397932,-60.6153381816
stanford_armadillo,Stanford Armadillo,E4,A5_pca_compact_hilbert,pca_compact_hilbert,C1_monotone_half,monotone_half,D0,clean,1.0,sample_covariance,3.92338341806,1.54521129104,-2.37817212702,-60.6153381816,0.0171473757386,0.0067534359454,-0.0103939397932,-60.6153381816
stanford_armadillo,Stanford Armadillo,E4,A5_pca_compact_hilbert,pca_compact_hilbert,C1_monotone_half,monotone_half,D0,clean,2.0,sample_covariance,3.92338341806,1.54521129104,-2.37817212702,-60.6153381816,0.0171473757386,0.0067534359454,-0.0103939397932,-60.6153381816
stanford_armadillo,Stanford Armadillo,E4,A5_pca_compact_hilbert,pca_compact_hilbert,C1_monotone_half,monotone_half,D0,clean,3.0,sample_covariance,3.92338341806,1.54521129104,-2.37817212702,-60.6153381816,0.0171473757386,0.0067534359454,-0.0103939397932,-60.6153381816
stanford_armadillo,Stanford Armadillo,E4,A5_pca_compact_hilbert,pca_compact_hilbert,C1_monotone_half,monotone_half,D0,clean,4.0,sample_covariance,3.92338341806,1.54521129104,-2.37817212702,-60.6153381816,0.0171473757386,0.0067534359454,-0.0103939397932,-60.6153381816
stanford_armadillo,Stanford Armadillo,E4,A5_pca_compact_hilbert,pca_compact_hilbert,C2_occupancy_floor1,occupancy_floor1,D0,clean,0.0,sample_covariance,0.825537482142,0.530721907483,-0.294815574659,-35.711955064,0.00360805964756,0.00231955100754,-0.00128850864002,-35.711955064
stanford_armadillo,Stanford Armadillo,E4,A5_pca_compact_hilbert,pca_compact_hilbert,C2_occupancy_floor1,occupancy_floor1,D0,clean,1.0,sample_covariance,0.825537482142,0.530721907483,-0.294815574659,-35.711955064,0.00360805964756,0.00231955100754,-0.00128850864002,-35.711955064
stanford_armadillo,Stanford Armadillo,E4,A5_pca_compact_hilbert,pca_compact_hilbert,C2_occupancy_floor1,occupancy_floor1,D0,clean,2.0,sample_covariance,0.825537482142,0.530721907483,-0.294815574659,-35.711955064,0.00360805964756,0.00231955100754,-0.00128850864002,-35.711955064
stanford_armadillo,Stanford Armadillo,E4,A5_pca_compact_hilbert,pca_compact_hilbert,C2_occupancy_floor1,occupancy_floor1,D0,clean,3.0,sample_covariance,0.825537482142,0.530721907483,-0.294815574659,-35.711955064,0.00360805964756,0.00231955100754,-0.00128850864002,-35.711955064
stanford_armadillo,Stanford Armadillo,E4,A5_pca_compact_hilbert,pca_compact_hilbert,C2_occupancy_floor1,occupancy_floor1,D0,clean,4.0,sample_covariance,0.825537482142,0.530721907483,-0.294815574659,-35.711955064,0.00360805964756,0.00231955100754,-0.00128850864002,-35.711955064
stanford_armadillo,Stanford Armadillo,E4,A5_pca_compact_hilbert,pca_compact_hilbert,C3_frame_core_occupancy,frame_core_occupancy,D0,clean,0.0,sample_covariance,0.818887630096,0.531139039711,-0.287748590385,-35.1389592185,0.00357899608189,0.00232137410824,-0.00125762197365,-35.1389592185
stanford_armadillo,Stanford Armadillo,E4,A5_pca_compact_hilbert,pca_compact_hilbert,C3_frame_core_occupancy,frame_core_occupancy,D0,clean,1.0,sample_covariance,0.818887630096,0.531139039711,-0.287748590385,-35.1389592185,0.00357899608189,0.00232137410824,-0.00125762197365,-35.1389592185
stanford_armadillo,Stanford Armadillo,E4,A5_pca_compact_hilbert,pca_compact_hilbert,C3_frame_core_occupancy,frame_core_occupancy,D0,clean,2.0,sample_covariance,0.818887630096,0.531139039711,-0.287748590385,-35.1389592185,0.00357899608189,0.00232137410824,-0.00125762197365,-35.1389592185
stanford_armadillo,Stanford Armadillo,E4,A5_pca_compact_hilbert,pca_compact_hilbert,C3_frame_core_occupancy,frame_core_occupancy,D0,clean,3.0,sample_covariance,0.818887630096,0.531139039711,-0.287748590385,-35.1389592185,0.00357899608189,0.00232137410824,-0.00125762197365,-35.1389592185
stanford_armadillo,Stanford Armadillo,E4,A5_pca_compact_hilbert,pca_compact_hilbert,C3_frame_core_occupancy,frame_core_occupancy,D0,clean,4.0,sample_covariance,0.818887630096,0.531139039711,-0.287748590385,-35.1389592185,0.00357899608189,0.00232137410824,-0.00125762197365,-35.1389592185
stanford_armadillo,Stanford Armadillo,E4,A5_pca_compact_hilbert,pca_compact_hilbert,C4_hybrid,hybrid_occupancy,D0,clean,0.0,sample_covariance,0.825537482142,0.530721907483,-0.294815574659,-35.711955064,0.00360805964756,0.00231955100754,-0.00128850864002,-35.711955064
stanford_armadillo,Stanford Armadillo,E4,A5_pca_compact_hilbert,pca_compact_hilbert,C4_hybrid,hybrid_occupancy,D0,clean,1.0,sample_covariance,0.825537482142,0.530721907483,-0.294815574659,-35.711955064,0.00360805964756,0.00231955100754,-0.00128850864002,-35.711955064
stanford_armadillo,Stanford Armadillo,E4,A5_pca_compact_hilbert,pca_compact_hilbert,C4_hybrid,hybrid_occupancy,D0,clean,2.0,sample_covariance,0.825537482142,0.530721907483,-0.294815574659,-35.711955064,0.00360805964756,0.00231955100754,-0.00128850864002,-35.711955064
stanford_armadillo,Stanford Armadillo,E4,A5_pca_compact_hilbert,pca_compact_hilbert,C4_hybrid,hybrid_occupancy,D0,clean,3.0,sample_covariance,0.825537482142,0.530721907483,-0.294815574659,-35.711955064,0.00360805964756,0.00231955100754,-0.00128850864002,-35.711955064
stanford_armadillo,Stanford Armadillo,E4,A5_pca_compact_hilbert,pca_compact_hilbert,C4_hybrid,hybrid_occupancy,D0,clean,4.0,sample_covariance,0.825537482142,0.530721907483,-0.294815574659,-35.711955064,0.00360805964756,0.00231955100754,-0.00128850864002,-35.711955064
stanford_armadillo,Stanford Armadillo,E4,A5b_robust_frame_morton,robust_frame_morton,C0_uniform,uniform,D0,clean,0.0,det_mcd,0.896696860064,0.578214731693,-0.318482128372,-35.517257008,0.00391906585332,0.00252712116188,-0.00139194469144,-35.517257008
stanford_armadillo,Stanford Armadillo,E4,A5b_robust_frame_morton,robust_frame_morton,C0_uniform,uniform,D0,clean,1.0,det_mcd,0.896696860064,0.578214731693,-0.318482128372,-35.517257008,0.00391906585332,0.00252712116188,-0.00139194469144,-35.517257008
stanford_armadillo,Stanford Armadillo,E4,A5b_robust_frame_morton,robust_frame_morton,C0_uniform,uniform,D0,clean,2.0,det_mcd,0.896696860064,0.578214731693,-0.318482128372,-35.517257008,0.00391906585332,0.00252712116188,-0.00139194469144,-35.517257008
stanford_armadillo,Stanford Armadillo,E4,A5b_robust_frame_morton,robust_frame_morton,C0_uniform,uniform,D0,clean,3.0,det_mcd,0.896696860064,0.578214731693,-0.318482128372,-35.517257008,0.00391906585332,0.00252712116188,-0.00139194469144,-35.517257008
stanford_armadillo,Stanford Armadillo,E4,A5b_robust_frame_morton,robust_frame_morton,C0_uniform,uniform,D0,clean,4.0,det_mcd,0.896696860064,0.578214731693,-0.318482128372,-35.517257008,0.00391906585332,0.00252712116188,-0.00139194469144,-35.517257008
stanford_armadillo,Stanford Armadillo,E4,A5b_robust_frame_morton,robust_frame_morton,C1_monotone_half,monotone_half,D0,clean,0.0,det_mcd,3.68326683478,1.35668863847,-2.32657819631,-63.1661593002,0.0160979322263,0.00592948671219,-0.0101684455141,-63.1661593002
stanford_armadillo,Stanford Armadillo,E4,A5b_robust_frame_morton,robust_frame_morton,C1_monotone_half,monotone_half,D0,clean,1.0,det_mcd,3.68326683478,1.35668863847,-2.32657819631,-63.1661593002,0.0160979322263,0.00592948671219,-0.0101684455141,-63.1661593002
stanford_armadillo,Stanford Armadillo,E4,A5b_robust_frame_morton,robust_frame_morton,C1_monotone_half,monotone_half,D0,clean,2.0,det_mcd,3.68326683478,1.35668863847,-2.32657819631,-63.1661593002,0.0160979322263,0.00592948671219,-0.0101684455141,-63.1661593002
stanford_armadillo,Stanford Armadillo,E4,A5b_robust_frame_morton,robust_frame_morton,C1_monotone_half,monotone_half,D0,clean,3.0,det_mcd,3.68326683478,1.35668863847,-2.32657819631,-63.1661593002,0.0160979322263,0.00592948671219,-0.0101684455141,-63.1661593002
stanford_armadillo,Stanford Armadillo,E4,A5b_robust_frame_morton,robust_frame_morton,C1_monotone_half,monotone_half,D0,clean,4.0,det_mcd,3.68326683478,1.35668863847,-2.32657819631,-63.1661593002,0.0160979322263,0.00592948671219,-0.0101684455141,-63.1661593002
stanford_armadillo,Stanford Armadillo,E4,A5b_robust_frame_morton,robust_frame_morton,C2_occupancy_floor1,occupancy_floor1,D0,clean,0.0,det_mcd,0.880636569214,0.562873440645,-0.317763128569,-36.0833446711,0.00384887341675,0.00246007115583,-0.00138880226092,-36.0833446711
stanford_armadillo,Stanford Armadillo,E4,A5b_robust_frame_morton,robust_frame_morton,C2_occupancy_floor1,occupancy_floor1,D0,clean,1.0,det_mcd,0.880636569214,0.562873440645,-0.317763128569,-36.0833446711,0.00384887341675,0.00246007115583,-0.00138880226092,-36.0833446711
stanford_armadillo,Stanford Armadillo,E4,A5b_robust_frame_morton,robust_frame_morton,C2_occupancy_floor1,occupancy_floor1,D0,clean,2.0,det_mcd,0.880636569214,0.562873440645,-0.317763128569,-36.0833446711,0.00384887341675,0.00246007115583,-0.00138880226092,-36.0833446711
stanford_armadillo,Stanford Armadillo,E4,A5b_robust_frame_morton,robust_frame_morton,C2_occupancy_floor1,occupancy_floor1,D0,clean,3.0,det_mcd,0.880636569214,0.562873440645,-0.317763128569,-36.0833446711,0.00384887341675,0.00246007115583,-0.00138880226092,-36.0833446711
stanford_armadillo,Stanford Armadillo,E4,A5b_robust_frame_morton,robust_frame_morton,C2_occupancy_floor1,occupancy_floor1,D0,clean,4.0,det_mcd,0.880636569214,0.562873440645,-0.317763128569,-36.0833446711,0.00384887341675,0.00246007115583,-0.00138880226092,-36.0833446711
stanford_armadillo,Stanford Armadillo,E4,A5b_robust_frame_morton,robust_frame_morton,C3_frame_core_occupancy,frame_core_occupancy,D0,clean,0.0,det_mcd,0.885825601115,0.566350218088,-0.319475383027,-36.0652686742,0.0038715523829,0.00247526661415,-0.00139628576876,-36.0652686742
stanford_armadillo,Stanford Armadillo,E4,A5b_robust_frame_morton,robust_frame_morton,C3_frame_core_occupancy,frame_core_occupancy,D0,clean,1.0,det_mcd,0.885825601115,0.566350218088,-0.319475383027,-36.0652686742,0.0038715523829,0.00247526661415,-0.00139628576876,-36.0652686742
stanford_armadillo,Stanford Armadillo,E4,A5b_robust_frame_morton,robust_frame_morton,C3_frame_core_occupancy,frame_core_occupancy,D0,clean,2.0,det_mcd,0.885825601115,0.566350218088,-0.319475383027,-36.0652686742,0.0038715523829,0.00247526661415,-0.00139628576876,-36.0652686742
stanford_armadillo,Stanford Armadillo,E4,A5b_robust_frame_morton,robust_frame_morton,C3_frame_core_occupancy,frame_core_occupancy,D0,clean,3.0,det_mcd,0.885825601115,0.566350218088,-0.319475383027,-36.0652686742,0.0038715523829,0.00247526661415,-0.00139628576876,-36.0652686742
stanford_armadillo,Stanford Armadillo,E4,A5b_robust_frame_morton,robust_frame_morton,C3_frame_core_occupancy,frame_core_occupancy,D0,clean,4.0,det_mcd,0.885825601115,0.566350218088,-0.319475383027,-36.0652686742,0.0038715523829,0.00247526661415,-0.00139628576876,-36.0652686742
stanford_armadillo,Stanford Armadillo,E4,A5b_robust_frame_morton,robust_frame_morton,C4_hybrid,hybrid_occupancy,D0,clean,0.0,det_mcd,0.880636569214,0.562873440645,-0.317763128569,-36.0833446711,0.00384887341675,0.00246007115583,-0.00138880226092,-36.0833446711
stanford_armadillo,Stanford Armadillo,E4,A5b_robust_frame_morton,robust_frame_morton,C4_hybrid,hybrid_occupancy,D0,clean,1.0,det_mcd,0.880636569214,0.562873440645,-0.317763128569,-36.0833446711,0.00384887341675,0.00246007115583,-0.00138880226092,-36.0833446711
stanford_armadillo,Stanford Armadillo,E4,A5b_robust_frame_morton,robust_frame_morton,C4_hybrid,hybrid_occupancy,D0,clean,2.0,det_mcd,0.880636569214,0.562873440645,-0.317763128569,-36.0833446711,0.00384887341675,0.00246007115583,-0.00138880226092,-36.0833446711
stanford_armadillo,Stanford Armadillo,E4,A5b_robust_frame_morton,robust_frame_morton,C4_hybrid,hybrid_occupancy,D0,clean,3.0,det_mcd,0.880636569214,0.562873440645,-0.317763128569,-36.0833446711,0.00384887341675,0.00246007115583,-0.00138880226092,-36.0833446711
stanford_armadillo,Stanford Armadillo,E4,A5b_robust_frame_morton,robust_frame_morton,C4_hybrid,hybrid_occupancy,D0,clean,4.0,det_mcd,0.880636569214,0.562873440645,-0.317763128569,-36.0833446711,0.00384887341675,0.00246007115583,-0.00138880226092,-36.0833446711
stanford_armadillo,Stanford Armadillo,E4,A6_rch,rch,C0_uniform,uniform,D0,clean,0.0,det_mcd,0.729142630648,0.534840202357,-0.194302428292,-26.6480685842,0.00318676033478,0.00233755025515,-0.000849210079625,-26.6480685842
stanford_armadillo,Stanford Armadillo,E4,A6_rch,rch,C0_uniform,uniform,D0,clean,1.0,det_mcd,0.729142630648,0.534840202357,-0.194302428292,-26.6480685842,0.00318676033478,0.00233755025515,-0.000849210079625,-26.6480685842
stanford_armadillo,Stanford Armadillo,E4,A6_rch,rch,C0_uniform,uniform,D0,clean,2.0,det_mcd,0.729142630648,0.534840202357,-0.194302428292,-26.6480685842,0.00318676033478,0.00233755025515,-0.000849210079625,-26.6480685842
stanford_armadillo,Stanford Armadillo,E4,A6_rch,rch,C0_uniform,uniform,D0,clean,3.0,det_mcd,0.729142630648,0.534840202357,-0.194302428292,-26.6480685842,0.00318676033478,0.00233755025515,-0.000849210079625,-26.6480685842
stanford_armadillo,Stanford Armadillo,E4,A6_rch,rch,C0_uniform,uniform,D0,clean,4.0,det_mcd,0.729142630648,0.534840202357,-0.194302428292,-26.6480685842,0.00318676033478,0.00233755025515,-0.000849210079625,-26.6480685842
stanford_armadillo,Stanford Armadillo,E4,A6_rch,rch,C1_monotone_half,monotone_half,D0,clean,0.0,det_mcd,3.7978574642,1.47601114934,-2.32184631486,-61.1356886547,0.0165987572463,0.00645099269564,-0.0101477645506,-61.1356886547
stanford_armadillo,Stanford Armadillo,E4,A6_rch,rch,C1_monotone_half,monotone_half,D0,clean,1.0,det_mcd,3.7978574642,1.47601114934,-2.32184631486,-61.1356886547,0.0165987572463,0.00645099269564,-0.0101477645506,-61.1356886547
stanford_armadillo,Stanford Armadillo,E4,A6_rch,rch,C1_monotone_half,monotone_half,D0,clean,2.0,det_mcd,3.7978574642,1.47601114934,-2.32184631486,-61.1356886547,0.0165987572463,0.00645099269564,-0.0101477645506,-61.1356886547
stanford_armadillo,Stanford Armadillo,E4,A6_rch,rch,C1_monotone_half,monotone_half,D0,clean,3.0,det_mcd,3.7978574642,1.47601114934,-2.32184631486,-61.1356886547,0.0165987572463,0.00645099269564,-0.0101477645506,-61.1356886547
stanford_armadillo,Stanford Armadillo,E4,A6_rch,rch,C1_monotone_half,monotone_half,D0,clean,4.0,det_mcd,3.7978574642,1.47601114934,-2.32184631486,-61.1356886547,0.0165987572463,0.00645099269564,-0.0101477645506,-61.1356886547
stanford_armadillo,Stanford Armadillo,E4,A6_rch,rch,C2_occupancy_floor1,occupancy_floor1,D0,clean,0.0,det_mcd,0.848860343552,0.530785347057,-0.318074996495,-37.4708276705,0.00370999357175,0.0023198282739,-0.00139016529786,-37.4708276705
stanford_armadillo,Stanford Armadillo,E4,A6_rch,rch,C2_occupancy_floor1,occupancy_floor1,D0,clean,1.0,det_mcd,0.848860343552,0.530785347057,-0.318074996495,-37.4708276705,0.00370999357175,0.0023198282739,-0.00139016529786,-37.4708276705
stanford_armadillo,Stanford Armadillo,E4,A6_rch,rch,C2_occupancy_floor1,occupancy_floor1,D0,clean,2.0,det_mcd,0.848860343552,0.530785347057,-0.318074996495,-37.4708276705,0.00370999357175,0.0023198282739,-0.00139016529786,-37.4708276705
stanford_armadillo,Stanford Armadillo,E4,A6_rch,rch,C2_occupancy_floor1,occupancy_floor1,D0,clean,3.0,det_mcd,0.848860343552,0.530785347057,-0.318074996495,-37.4708276705,0.00370999357175,0.0023198282739,-0.00139016529786,-37.4708276705
stanford_armadillo,Stanford Armadillo,E4,A6_rch,rch,C2_occupancy_floor1,occupancy_floor1,D0,clean,4.0,det_mcd,0.848860343552,0.530785347057,-0.318074996495,-37.4708276705,0.00370999357175,0.0023198282739,-0.00139016529786,-37.4708276705
stanford_armadillo,Stanford Armadillo,E4,A6_rch,rch,C3_frame_core_occupancy,frame_core_occupancy,D0,clean,0.0,det_mcd,0.845990115323,0.534219572873,-0.311770542451,-36.8527405703,0.00369744907211,0.00233483775784,-0.00136261131426,-36.8527405703
stanford_armadillo,Stanford Armadillo,E4,A6_rch,rch,C3_frame_core_occupancy,frame_core_occupancy,D0,clean,1.0,det_mcd,0.845990115323,0.534219572873,-0.311770542451,-36.8527405703,0.00369744907211,0.00233483775784,-0.00136261131426,-36.8527405703
stanford_armadillo,Stanford Armadillo,E4,A6_rch,rch,C3_frame_core_occupancy,frame_core_occupancy,D0,clean,2.0,det_mcd,0.845990115323,0.534219572873,-0.311770542451,-36.8527405703,0.00369744907211,0.00233483775784,-0.00136261131426,-36.8527405703
stanford_armadillo,Stanford Armadillo,E4,A6_rch,rch,C3_frame_core_occupancy,frame_core_occupancy,D0,clean,3.0,det_mcd,0.845990115323,0.534219572873,-0.311770542451,-36.8527405703,0.00369744907211,0.00233483775784,-0.00136261131426,-36.8527405703
stanford_armadillo,Stanford Armadillo,E4,A6_rch,rch,C3_frame_core_occupancy,frame_core_occupancy,D0,clean,4.0,det_mcd,0.845990115323,0.534219572873,-0.311770542451,-36.8527405703,0.00369744907211,0.00233483775784,-0.00136261131426,-36.8527405703
stanford_armadillo,Stanford Armadillo,E4,A6_rch,rch,C4_hybrid,hybrid_occupancy,D0,clean,0.0,det_mcd,0.848860343552,0.530785347057,-0.318074996495,-37.4708276705,0.00370999357175,0.0023198282739,-0.00139016529786,-37.4708276705
stanford_armadillo,Stanford Armadillo,E4,A6_rch,rch,C4_hybrid,hybrid_occupancy,D0,clean,1.0,det_mcd,0.848860343552,0.530785347057,-0.318074996495,-37.4708276705,0.00370999357175,0.0023198282739,-0.00139016529786,-37.4708276705
stanford_armadillo,Stanford Armadillo,E4,A6_rch,rch,C4_hybrid,hybrid_occupancy,D0,clean,2.0,det_mcd,0.848860343552,0.530785347057,-0.318074996495,-37.4708276705,0.00370999357175,0.0023198282739,-0.00139016529786,-37.4708276705
stanford_armadillo,Stanford Armadillo,E4,A6_rch,rch,C4_hybrid,hybrid_occupancy,D0,clean,3.0,det_mcd,0.848860343552,0.530785347057,-0.318074996495,-37.4708276705,0.00370999357175,0.0023198282739,-0.00139016529786,-37.4708276705
stanford_armadillo,Stanford Armadillo,E4,A6_rch,rch,C4_hybrid,hybrid_occupancy,D0,clean,4.0,det_mcd,0.848860343552,0.530785347057,-0.318074996495,-37.4708276705,0.00370999357175,0.0023198282739,-0.00139016529786,-37.4708276705
stanford_armadillo,Stanford Armadillo,E4,A6_rch_b2_mrcd,rch,C0_uniform,uniform,D0,clean,0.0,mrcd,0.729108568362,0.534834167177,-0.194274401185,-26.6454694973,0.00318661146357,0.00233752387805,-0.000849087585522,-26.6454694973
stanford_armadillo,Stanford Armadillo,E4,A6_rch_b2_mrcd,rch,C0_uniform,uniform,D0,clean,1.0,mrcd,0.729108568362,0.534834167177,-0.194274401185,-26.6454694973,0.00318661146357,0.00233752387805,-0.000849087585522,-26.6454694973
stanford_armadillo,Stanford Armadillo,E4,A6_rch_b2_mrcd,rch,C0_uniform,uniform,D0,clean,2.0,mrcd,0.729108568362,0.534834167177,-0.194274401185,-26.6454694973,0.00318661146357,0.00233752387805,-0.000849087585522,-26.6454694973
stanford_armadillo,Stanford Armadillo,E4,A6_rch_b2_mrcd,rch,C0_uniform,uniform,D0,clean,3.0,mrcd,0.729108568362,0.534834167177,-0.194274401185,-26.6454694973,0.00318661146357,0.00233752387805,-0.000849087585522,-26.6454694973
stanford_armadillo,Stanford Armadillo,E4,A6_rch_b2_mrcd,rch,C0_uniform,uniform,D0,clean,4.0,mrcd,0.729108568362,0.534834167177,-0.194274401185,-26.6454694973,0.00318661146357,0.00233752387805,-0.000849087585522,-26.6454694973
stanford_armadillo,Stanford Armadillo,E4,A6_rch_b2_mrcd,rch,C1_monotone_half,monotone_half,D0,clean,0.0,mrcd,3.79724294076,1.47644187279,-2.32080106797,-61.1180560259,0.0165960714358,0.00645287519756,-0.0101431962382,-61.1180560259
stanford_armadillo,Stanford Armadillo,E4,A6_rch_b2_mrcd,rch,C1_monotone_half,monotone_half,D0,clean,1.0,mrcd,3.79724294076,1.47644187279,-2.32080106797,-61.1180560259,0.0165960714358,0.00645287519756,-0.0101431962382,-61.1180560259
stanford_armadillo,Stanford Armadillo,E4,A6_rch_b2_mrcd,rch,C1_monotone_half,monotone_half,D0,clean,2.0,mrcd,3.79724294076,1.47644187279,-2.32080106797,-61.1180560259,0.0165960714358,0.00645287519756,-0.0101431962382,-61.1180560259
stanford_armadillo,Stanford Armadillo,E4,A6_rch_b2_mrcd,rch,C1_monotone_half,monotone_half,D0,clean,3.0,mrcd,3.79724294076,1.47644187279,-2.32080106797,-61.1180560259,0.0165960714358,0.00645287519756,-0.0101431962382,-61.1180560259
stanford_armadillo,Stanford Armadillo,E4,A6_rch_b2_mrcd,rch,C1_monotone_half,monotone_half,D0,clean,4.0,mrcd,3.79724294076,1.47644187279,-2.32080106797,-61.1180560259,0.0165960714358,0.00645287519756,-0.0101431962382,-61.1180560259
stanford_armadillo,Stanford Armadillo,E4,A6_rch_b2_mrcd,rch,C2_occupancy_floor1,occupancy_floor1,D0,clean,0.0,mrcd,0.848856295841,0.530807126376,-0.318049169465,-37.4679637794,0.003709975881,0.00231992346168,-0.00139005241932,-37.4679637794
stanford_armadillo,Stanford Armadillo,E4,A6_rch_b2_mrcd,rch,C2_occupancy_floor1,occupancy_floor1,D0,clean,1.0,mrcd,0.848856295841,0.530807126376,-0.318049169465,-37.4679637794,0.003709975881,0.00231992346168,-0.00139005241932,-37.4679637794
stanford_armadillo,Stanford Armadillo,E4,A6_rch_b2_mrcd,rch,C2_occupancy_floor1,occupancy_floor1,D0,clean,2.0,mrcd,0.848856295841,0.530807126376,-0.318049169465,-37.4679637794,0.003709975881,0.00231992346168,-0.00139005241932,-37.4679637794
stanford_armadillo,Stanford Armadillo,E4,A6_rch_b2_mrcd,rch,C2_occupancy_floor1,occupancy_floor1,D0,clean,3.0,mrcd,0.848856295841,0.530807126376,-0.318049169465,-37.4679637794,0.003709975881,0.00231992346168,-0.00139005241932,-37.4679637794
stanford_armadillo,Stanford Armadillo,E4,A6_rch_b2_mrcd,rch,C2_occupancy_floor1,occupancy_floor1,D0,clean,4.0,mrcd,0.848856295841,0.530807126376,-0.318049169465,-37.4679637794,0.003709975881,0.00231992346168,-0.00139005241932,-37.4679637794
stanford_armadillo,Stanford Armadillo,E4,A6_rch_b2_mrcd,rch,C3_frame_core_occupancy,frame_core_occupancy,D0,clean,0.0,mrcd,0.846015732612,0.534163906289,-0.311851826323,-36.8612325164,0.00369756103396,0.0023345944638,-0.00136296657016,-36.8612325164
stanford_armadillo,Stanford Armadillo,E4,A6_rch_b2_mrcd,rch,C3_frame_core_occupancy,frame_core_occupancy,D0,clean,1.0,mrcd,0.846015732612,0.534163906289,-0.311851826323,-36.8612325164,0.00369756103396,0.0023345944638,-0.00136296657016,-36.8612325164
stanford_armadillo,Stanford Armadillo,E4,A6_rch_b2_mrcd,rch,C3_frame_core_occupancy,frame_core_occupancy,D0,clean,2.0,mrcd,0.846015732612,0.534163906289,-0.311851826323,-36.8612325164,0.00369756103396,0.0023345944638,-0.00136296657016,-36.8612325164
stanford_armadillo,Stanford Armadillo,E4,A6_rch_b2_mrcd,rch,C3_frame_core_occupancy,frame_core_occupancy,D0,clean,3.0,mrcd,0.846015732612,0.534163906289,-0.311851826323,-36.8612325164,0.00369756103396,0.0023345944638,-0.00136296657016,-36.8612325164
stanford_armadillo,Stanford Armadillo,E4,A6_rch_b2_mrcd,rch,C3_frame_core_occupancy,frame_core_occupancy,D0,clean,4.0,mrcd,0.846015732612,0.534163906289,-0.311851826323,-36.8612325164,0.00369756103396,0.0023345944638,-0.00136296657016,-36.8612325164
stanford_armadillo,Stanford Armadillo,E4,A6_rch_b2_mrcd,rch,C4_hybrid,hybrid_occupancy,D0,clean,0.0,mrcd,0.848856295841,0.530807126376,-0.318049169465,-37.4679637794,0.003709975881,0.00231992346168,-0.00139005241932,-37.4679637794
stanford_armadillo,Stanford Armadillo,E4,A6_rch_b2_mrcd,rch,C4_hybrid,hybrid_occupancy,D0,clean,1.0,mrcd,0.848856295841,0.530807126376,-0.318049169465,-37.4679637794,0.003709975881,0.00231992346168,-0.00139005241932,-37.4679637794
stanford_armadillo,Stanford Armadillo,E4,A6_rch_b2_mrcd,rch,C4_hybrid,hybrid_occupancy,D0,clean,2.0,mrcd,0.848856295841,0.530807126376,-0.318049169465,-37.4679637794,0.003709975881,0.00231992346168,-0.00139005241932,-37.4679637794
stanford_armadillo,Stanford Armadillo,E4,A6_rch_b2_mrcd,rch,C4_hybrid,hybrid_occupancy,D0,clean,3.0,mrcd,0.848856295841,0.530807126376,-0.318049169465,-37.4679637794,0.003709975881,0.00231992346168,-0.00139005241932,-37.4679637794
stanford_armadillo,Stanford Armadillo,E4,A6_rch_b2_mrcd,rch,C4_hybrid,hybrid_occupancy,D0,clean,4.0,mrcd,0.848856295841,0.530807126376,-0.318049169465,-37.4679637794,0.003709975881,0.00231992346168,-0.00139005241932,-37.4679637794
stanford_armadillo,Stanford Armadillo,E4,A6_rch_b3_ogk,rch,C0_uniform,uniform,D0,clean,0.0,ogk,0.739037417293,0.537431483583,-0.20160593371,-27.2795299659,0.00323000607611,0.00234887560068,-0.000881130475434,-27.2795299659
stanford_armadillo,Stanford Armadillo,E4,A6_rch_b3_ogk,rch,C0_uniform,uniform,D0,clean,1.0,ogk,0.739037417293,0.537431483583,-0.20160593371,-27.2795299659,0.00323000607611,0.00234887560068,-0.000881130475434,-27.2795299659
stanford_armadillo,Stanford Armadillo,E4,A6_rch_b3_ogk,rch,C0_uniform,uniform,D0,clean,2.0,ogk,0.739037417293,0.537431483583,-0.20160593371,-27.2795299659,0.00323000607611,0.00234887560068,-0.000881130475434,-27.2795299659
stanford_armadillo,Stanford Armadillo,E4,A6_rch_b3_ogk,rch,C0_uniform,uniform,D0,clean,3.0,ogk,0.739037417293,0.537431483583,-0.20160593371,-27.2795299659,0.00323000607611,0.00234887560068,-0.000881130475434,-27.2795299659
stanford_armadillo,Stanford Armadillo,E4,A6_rch_b3_ogk,rch,C0_uniform,uniform,D0,clean,4.0,ogk,0.739037417293,0.537431483583,-0.20160593371,-27.2795299659,0.00323000607611,0.00234887560068,-0.000881130475434,-27.2795299659
stanford_armadillo,Stanford Armadillo,E4,A6_rch_b3_ogk,rch,C1_monotone_half,monotone_half,D0,clean,0.0,ogk,4.68600281703,1.53825577704,-3.14774704,-67.1733919697,0.0204804482392,0.00672303646632,-0.0137574117729,-67.1733919697
stanford_armadillo,Stanford Armadillo,E4,A6_rch_b3_ogk,rch,C1_monotone_half,monotone_half,D0,clean,1.0,ogk,4.68600281703,1.53825577704,-3.14774704,-67.1733919697,0.0204804482392,0.00672303646632,-0.0137574117729,-67.1733919697
stanford_armadillo,Stanford Armadillo,E4,A6_rch_b3_ogk,rch,C1_monotone_half,monotone_half,D0,clean,2.0,ogk,4.68600281703,1.53825577704,-3.14774704,-67.1733919697,0.0204804482392,0.00672303646632,-0.0137574117729,-67.1733919697
stanford_armadillo,Stanford Armadillo,E4,A6_rch_b3_ogk,rch,C1_monotone_half,monotone_half,D0,clean,3.0,ogk,4.68600281703,1.53825577704,-3.14774704,-67.1733919697,0.0204804482392,0.00672303646632,-0.0137574117729,-67.1733919697
stanford_armadillo,Stanford Armadillo,E4,A6_rch_b3_ogk,rch,C1_monotone_half,monotone_half,D0,clean,4.0,ogk,4.68600281703,1.53825577704,-3.14774704,-67.1733919697,0.0204804482392,0.00672303646632,-0.0137574117729,-67.1733919697
stanford_armadillo,Stanford Armadillo,E4,A6_rch_b3_ogk,rch,C2_occupancy_floor1,occupancy_floor1,D0,clean,0.0,ogk,0.850690777182,0.5320434473,-0.318647329882,-37.4574802536,0.00371799358854,0.00232532687428,-0.00139266671426,-37.4574802536
stanford_armadillo,Stanford Armadillo,E4,A6_rch_b3_ogk,rch,C2_occupancy_floor1,occupancy_floor1,D0,clean,1.0,ogk,0.850690777182,0.5320434473,-0.318647329882,-37.4574802536,0.00371799358854,0.00232532687428,-0.00139266671426,-37.4574802536
stanford_armadillo,Stanford Armadillo,E4,A6_rch_b3_ogk,rch,C2_occupancy_floor1,occupancy_floor1,D0,clean,2.0,ogk,0.850690777182,0.5320434473,-0.318647329882,-37.4574802536,0.00371799358854,0.00232532687428,-0.00139266671426,-37.4574802536
stanford_armadillo,Stanford Armadillo,E4,A6_rch_b3_ogk,rch,C2_occupancy_floor1,occupancy_floor1,D0,clean,3.0,ogk,0.850690777182,0.5320434473,-0.318647329882,-37.4574802536,0.00371799358854,0.00232532687428,-0.00139266671426,-37.4574802536
stanford_armadillo,Stanford Armadillo,E4,A6_rch_b3_ogk,rch,C2_occupancy_floor1,occupancy_floor1,D0,clean,4.0,ogk,0.850690777182,0.5320434473,-0.318647329882,-37.4574802536,0.00371799358854,0.00232532687428,-0.00139266671426,-37.4574802536
stanford_armadillo,Stanford Armadillo,E4,A6_rch_b3_ogk,rch,C3_frame_core_occupancy,frame_core_occupancy,D0,clean,0.0,ogk,0.893740472305,0.530938946635,-0.362801525671,-40.5936104398,0.00390614478843,0.0023204995898,-0.00158564519863,-40.5936104398
stanford_armadillo,Stanford Armadillo,E4,A6_rch_b3_ogk,rch,C3_frame_core_occupancy,frame_core_occupancy,D0,clean,1.0,ogk,0.893740472305,0.530938946635,-0.362801525671,-40.5936104398,0.00390614478843,0.0023204995898,-0.00158564519863,-40.5936104398
stanford_armadillo,Stanford Armadillo,E4,A6_rch_b3_ogk,rch,C3_frame_core_occupancy,frame_core_occupancy,D0,clean,2.0,ogk,0.893740472305,0.530938946635,-0.362801525671,-40.5936104398,0.00390614478843,0.0023204995898,-0.00158564519863,-40.5936104398
stanford_armadillo,Stanford Armadillo,E4,A6_rch_b3_ogk,rch,C3_frame_core_occupancy,frame_core_occupancy,D0,clean,3.0,ogk,0.893740472305,0.530938946635,-0.362801525671,-40.5936104398,0.00390614478843,0.0023204995898,-0.00158564519863,-40.5936104398
stanford_armadillo,Stanford Armadillo,E4,A6_rch_b3_ogk,rch,C3_frame_core_occupancy,frame_core_occupancy,D0,clean,4.0,ogk,0.893740472305,0.530938946635,-0.362801525671,-40.5936104398,0.00390614478843,0.0023204995898,-0.00158564519863,-40.5936104398
stanford_armadillo,Stanford Armadillo,E4,A6_rch_b3_ogk,rch,C4_hybrid,hybrid_occupancy,D0,clean,0.0,ogk,0.850690777182,0.5320434473,-0.318647329882,-37.4574802536,0.00371799358854,0.00232532687428,-0.00139266671426,-37.4574802536
stanford_armadillo,Stanford Armadillo,E4,A6_rch_b3_ogk,rch,C4_hybrid,hybrid_occupancy,D0,clean,1.0,ogk,0.850690777182,0.5320434473,-0.318647329882,-37.4574802536,0.00371799358854,0.00232532687428,-0.00139266671426,-37.4574802536
stanford_armadillo,Stanford Armadillo,E4,A6_rch_b3_ogk,rch,C4_hybrid,hybrid_occupancy,D0,clean,2.0,ogk,0.850690777182,0.5320434473,-0.318647329882,-37.4574802536,0.00371799358854,0.00232532687428,-0.00139266671426,-37.4574802536
stanford_armadillo,Stanford Armadillo,E4,A6_rch_b3_ogk,rch,C4_hybrid,hybrid_occupancy,D0,clean,3.0,ogk,0.850690777182,0.5320434473,-0.318647329882,-37.4574802536,0.00371799358854,0.00232532687428,-0.00139266671426,-37.4574802536
stanford_armadillo,Stanford Armadillo,E4,A6_rch_b3_ogk,rch,C4_hybrid,hybrid_occupancy,D0,clean,4.0,ogk,0.850690777182,0.5320434473,-0.318647329882,-37.4574802536,0.00371799358854,0.00232532687428,-0.00139266671426,-37.4574802536
stanford_armadillo,Stanford Armadillo,E4,A7_cgal_spatial_sort,external_cgal_spatial_sort,C2_occupancy_floor1,occupancy_floor1,D0,clean,0.0,none,1.55529703034,1.55529703034,0,0,0.00679751625643,0.00679751625643,0,0
stanford_armadillo,Stanford Armadillo,E4,A7_cgal_spatial_sort,external_cgal_spatial_sort,C2_occupancy_floor1,occupancy_floor1,D0,clean,1.0,none,1.55529703034,1.55529703034,0,0,0.00679751625643,0.00679751625643,0,0
stanford_armadillo,Stanford Armadillo,E4,A7_cgal_spatial_sort,external_cgal_spatial_sort,C2_occupancy_floor1,occupancy_floor1,D0,clean,2.0,none,1.55529703034,1.55529703034,0,0,0.00679751625643,0.00679751625643,0,0
stanford_armadillo,Stanford Armadillo,E4,A7_cgal_spatial_sort,external_cgal_spatial_sort,C2_occupancy_floor1,occupancy_floor1,D0,clean,3.0,none,1.55529703034,1.55529703034,0,0,0.00679751625643,0.00679751625643,0,0
stanford_armadillo,Stanford Armadillo,E4,A7_cgal_spatial_sort,external_cgal_spatial_sort,C2_occupancy_floor1,occupancy_floor1,D0,clean,4.0,none,1.55529703034,1.55529703034,0,0,0.00679751625643,0.00679751625643,0,0
stanford_armadillo,Stanford Armadillo,E4,A7_cgal_spatial_sort,external_cgal_spatial_sort,C3_frame_core_occupancy,frame_core_occupancy,D0,clean,0.0,none,1.55529703034,1.55529703034,0,0,0.00679751625643,0.00679751625643,0,0
stanford_armadillo,Stanford Armadillo,E4,A7_cgal_spatial_sort,external_cgal_spatial_sort,C3_frame_core_occupancy,frame_core_occupancy,D0,clean,1.0,none,1.55529703034,1.55529703034,0,0,0.00679751625643,0.00679751625643,0,0
stanford_armadillo,Stanford Armadillo,E4,A7_cgal_spatial_sort,external_cgal_spatial_sort,C3_frame_core_occupancy,frame_core_occupancy,D0,clean,2.0,none,1.55529703034,1.55529703034,0,0,0.00679751625643,0.00679751625643,0,0
stanford_armadillo,Stanford Armadillo,E4,A7_cgal_spatial_sort,external_cgal_spatial_sort,C3_frame_core_occupancy,frame_core_occupancy,D0,clean,3.0,none,1.55529703034,1.55529703034,0,0,0.00679751625643,0.00679751625643,0,0
stanford_armadillo,Stanford Armadillo,E4,A7_cgal_spatial_sort,external_cgal_spatial_sort,C3_frame_core_occupancy,frame_core_occupancy,D0,clean,4.0,none,1.55529703034,1.55529703034,0,0,0.00679751625643,0.00679751625643,0,0
stanford_armadillo,Stanford Armadillo,E4,A7_cgal_spatial_sort,external_cgal_spatial_sort,C4_hybrid,hybrid_occupancy,D0,clean,0.0,none,1.55529703034,1.55529703034,0,0,0.00679751625643,0.00679751625643,0,0
stanford_armadillo,Stanford Armadillo,E4,A7_cgal_spatial_sort,external_cgal_spatial_sort,C4_hybrid,hybrid_occupancy,D0,clean,1.0,none,1.55529703034,1.55529703034,0,0,0.00679751625643,0.00679751625643,0,0
stanford_armadillo,Stanford Armadillo,E4,A7_cgal_spatial_sort,external_cgal_spatial_sort,C4_hybrid,hybrid_occupancy,D0,clean,2.0,none,1.55529703034,1.55529703034,0,0,0.00679751625643,0.00679751625643,0,0
stanford_armadillo,Stanford Armadillo,E4,A7_cgal_spatial_sort,external_cgal_spatial_sort,C4_hybrid,hybrid_occupancy,D0,clean,3.0,none,1.55529703034,1.55529703034,0,0,0.00679751625643,0.00679751625643,0,0
stanford_armadillo,Stanford Armadillo,E4,A7_cgal_spatial_sort,external_cgal_spatial_sort,C4_hybrid,hybrid_occupancy,D0,clean,4.0,none,1.55529703034,1.55529703034,0,0,0.00679751625643,0.00679751625643,0,0
stanford_bunny,Stanford Bunny,E3,A0_input,input,C0_uniform,uniform,D0,clean,0.0,none,0.0266287527137,0.0266287527137,0,0,0.106410283145,0.106410283145,0,0
stanford_bunny,Stanford Bunny,E3,A0_input,input,C0_uniform,uniform,D0,clean,1.0,none,0.0266287527137,0.0266287527137,0,0,0.106410283145,0.106410283145,0,0
stanford_bunny,Stanford Bunny,E3,A0_input,input,C0_uniform,uniform,D0,clean,2.0,none,0.0266287527137,0.0266287527137,0,0,0.106410283145,0.106410283145,0,0
stanford_bunny,Stanford Bunny,E3,A0_input,input,C0_uniform,uniform,D0,clean,3.0,none,0.0266287527137,0.0266287527137,0,0,0.106410283145,0.106410283145,0,0
stanford_bunny,Stanford Bunny,E3,A0_input,input,C0_uniform,uniform,D0,clean,4.0,none,0.0266287527137,0.0266287527137,0,0,0.106410283145,0.106410283145,0,0
stanford_bunny,Stanford Bunny,E3,A1_lexicographic,lexicographic,C0_uniform,uniform,D0,clean,0.0,none,0.0500646626104,0.00826921455901,-0.0417954480513,-83.4829316171,0.200061752092,0.033044336401,-0.167017415691,-83.4829316171
stanford_bunny,Stanford Bunny,E3,A1_lexicographic,lexicographic,C0_uniform,uniform,D0,clean,1.0,none,0.0500646626104,0.00826921455901,-0.0417954480513,-83.4829316171,0.200061752092,0.033044336401,-0.167017415691,-83.4829316171
stanford_bunny,Stanford Bunny,E3,A1_lexicographic,lexicographic,C0_uniform,uniform,D0,clean,2.0,none,0.0500646626104,0.00826921455901,-0.0417954480513,-83.4829316171,0.200061752092,0.033044336401,-0.167017415691,-83.4829316171
stanford_bunny,Stanford Bunny,E3,A1_lexicographic,lexicographic,C0_uniform,uniform,D0,clean,3.0,none,0.0500646626104,0.00826921455901,-0.0417954480513,-83.4829316171,0.200061752092,0.033044336401,-0.167017415691,-83.4829316171
stanford_bunny,Stanford Bunny,E3,A1_lexicographic,lexicographic,C0_uniform,uniform,D0,clean,4.0,none,0.0500646626104,0.00826921455901,-0.0417954480513,-83.4829316171,0.200061752092,0.033044336401,-0.167017415691,-83.4829316171
stanford_bunny,Stanford Bunny,E3,A2_morton,morton,C0_uniform,uniform,D0,clean,0.0,none,0.00222153717966,0.00146063966891,-0.000760897510745,-34.2509464938,0.00887741167774,0.00583681415396,-0.00304059752378,-34.2509464938
stanford_bunny,Stanford Bunny,E3,A2_morton,morton,C0_uniform,uniform,D0,clean,1.0,none,0.00222153717966,0.00146063966891,-0.000760897510745,-34.2509464938,0.00887741167774,0.00583681415396,-0.00304059752378,-34.2509464938
stanford_bunny,Stanford Bunny,E3,A2_morton,morton,C0_uniform,uniform,D0,clean,2.0,none,0.00222153717966,0.00146063966891,-0.000760897510745,-34.2509464938,0.00887741167774,0.00583681415396,-0.00304059752378,-34.2509464938
stanford_bunny,Stanford Bunny,E3,A2_morton,morton,C0_uniform,uniform,D0,clean,3.0,none,0.00222153717966,0.00146063966891,-0.000760897510745,-34.2509464938,0.00887741167774,0.00583681415396,-0.00304059752378,-34.2509464938
stanford_bunny,Stanford Bunny,E3,A2_morton,morton,C0_uniform,uniform,D0,clean,4.0,none,0.00222153717966,0.00146063966891,-0.000760897510745,-34.2509464938,0.00887741167774,0.00583681415396,-0.00304059752378,-34.2509464938
stanford_bunny,Stanford Bunny,E3,A2_morton,morton,C1_monotone_half,monotone_half,D0,clean,0.0,none,0.0129368900994,0.00443083402508,-0.00850605607435,-65.7503929381,0.0516966811512,0.0177059101583,-0.0339907709929,-65.7503929381
stanford_bunny,Stanford Bunny,E3,A2_morton,morton,C1_monotone_half,monotone_half,D0,clean,1.0,none,0.0129368900994,0.00443083402508,-0.00850605607435,-65.7503929381,0.0516966811512,0.0177059101583,-0.0339907709929,-65.7503929381
stanford_bunny,Stanford Bunny,E3,A2_morton,morton,C1_monotone_half,monotone_half,D0,clean,2.0,none,0.0129368900994,0.00443083402508,-0.00850605607435,-65.7503929381,0.0516966811512,0.0177059101583,-0.0339907709929,-65.7503929381
stanford_bunny,Stanford Bunny,E3,A2_morton,morton,C1_monotone_half,monotone_half,D0,clean,3.0,none,0.0129368900994,0.00443083402508,-0.00850605607435,-65.7503929381,0.0516966811512,0.0177059101583,-0.0339907709929,-65.7503929381
stanford_bunny,Stanford Bunny,E3,A2_morton,morton,C1_monotone_half,monotone_half,D0,clean,4.0,none,0.0129368900994,0.00443083402508,-0.00850605607435,-65.7503929381,0.0516966811512,0.0177059101583,-0.0339907709929,-65.7503929381
stanford_bunny,Stanford Bunny,E3,A2_morton,morton,C2_occupancy_floor1,occupancy_floor1,D0,clean,0.0,none,0.00225421563828,0.00143500782202,-0.00081920781626,-36.3411468871,0.00900799699175,0.00573438757339,-0.00327360941836,-36.3411468871
stanford_bunny,Stanford Bunny,E3,A2_morton,morton,C2_occupancy_floor1,occupancy_floor1,D0,clean,1.0,none,0.00225421563828,0.00143500782202,-0.00081920781626,-36.3411468871,0.00900799699175,0.00573438757339,-0.00327360941836,-36.3411468871
stanford_bunny,Stanford Bunny,E3,A2_morton,morton,C2_occupancy_floor1,occupancy_floor1,D0,clean,2.0,none,0.00225421563828,0.00143500782202,-0.00081920781626,-36.3411468871,0.00900799699175,0.00573438757339,-0.00327360941836,-36.3411468871
stanford_bunny,Stanford Bunny,E3,A2_morton,morton,C2_occupancy_floor1,occupancy_floor1,D0,clean,3.0,none,0.00225421563828,0.00143500782202,-0.00081920781626,-36.3411468871,0.00900799699175,0.00573438757339,-0.00327360941836,-36.3411468871
stanford_bunny,Stanford Bunny,E3,A2_morton,morton,C2_occupancy_floor1,occupancy_floor1,D0,clean,4.0,none,0.00225421563828,0.00143500782202,-0.00081920781626,-36.3411468871,0.00900799699175,0.00573438757339,-0.00327360941836,-36.3411468871
stanford_bunny,Stanford Bunny,E3,A2_morton,morton,C3_frame_core_occupancy,frame_core_occupancy,D0,clean,0.0,none,0.00225421563828,0.00143500782202,-0.00081920781626,-36.3411468871,0.00900799699175,0.00573438757339,-0.00327360941836,-36.3411468871
stanford_bunny,Stanford Bunny,E3,A2_morton,morton,C3_frame_core_occupancy,frame_core_occupancy,D0,clean,1.0,none,0.00225421563828,0.00143500782202,-0.00081920781626,-36.3411468871,0.00900799699175,0.00573438757339,-0.00327360941836,-36.3411468871
stanford_bunny,Stanford Bunny,E3,A2_morton,morton,C3_frame_core_occupancy,frame_core_occupancy,D0,clean,2.0,none,0.00225421563828,0.00143500782202,-0.00081920781626,-36.3411468871,0.00900799699175,0.00573438757339,-0.00327360941836,-36.3411468871
stanford_bunny,Stanford Bunny,E3,A2_morton,morton,C3_frame_core_occupancy,frame_core_occupancy,D0,clean,3.0,none,0.00225421563828,0.00143500782202,-0.00081920781626,-36.3411468871,0.00900799699175,0.00573438757339,-0.00327360941836,-36.3411468871
stanford_bunny,Stanford Bunny,E3,A2_morton,morton,C3_frame_core_occupancy,frame_core_occupancy,D0,clean,4.0,none,0.00225421563828,0.00143500782202,-0.00081920781626,-36.3411468871,0.00900799699175,0.00573438757339,-0.00327360941836,-36.3411468871
stanford_bunny,Stanford Bunny,E3,A2_morton,morton,C4_hybrid,hybrid_occupancy,D0,clean,0.0,none,0.00225421563828,0.00143500782202,-0.00081920781626,-36.3411468871,0.00900799699175,0.00573438757339,-0.00327360941836,-36.3411468871
stanford_bunny,Stanford Bunny,E3,A2_morton,morton,C4_hybrid,hybrid_occupancy,D0,clean,1.0,none,0.00225421563828,0.00143500782202,-0.00081920781626,-36.3411468871,0.00900799699175,0.00573438757339,-0.00327360941836,-36.3411468871
stanford_bunny,Stanford Bunny,E3,A2_morton,morton,C4_hybrid,hybrid_occupancy,D0,clean,2.0,none,0.00225421563828,0.00143500782202,-0.00081920781626,-36.3411468871,0.00900799699175,0.00573438757339,-0.00327360941836,-36.3411468871
stanford_bunny,Stanford Bunny,E3,A2_morton,morton,C4_hybrid,hybrid_occupancy,D0,clean,3.0,none,0.00225421563828,0.00143500782202,-0.00081920781626,-36.3411468871,0.00900799699175,0.00573438757339,-0.00327360941836,-36.3411468871
stanford_bunny,Stanford Bunny,E3,A2_morton,morton,C4_hybrid,hybrid_occupancy,D0,clean,4.0,none,0.00225421563828,0.00143500782202,-0.00081920781626,-36.3411468871,0.00900799699175,0.00573438757339,-0.00327360941836,-36.3411468871
stanford_bunny,Stanford Bunny,E3,A3_isotropic_hilbert,isotropic_hilbert,C0_uniform,uniform,D0,clean,0.0,none,0.00185191993951,0.00136628266973,-0.000485637269773,-26.2234484015,0.00740039637768,0.00545975725208,-0.0019406391256,-26.2234484015
stanford_bunny,Stanford Bunny,E3,A3_isotropic_hilbert,isotropic_hilbert,C0_uniform,uniform,D0,clean,1.0,none,0.00185191993951,0.00136628266973,-0.000485637269773,-26.2234484015,0.00740039637768,0.00545975725208,-0.0019406391256,-26.2234484015
stanford_bunny,Stanford Bunny,E3,A3_isotropic_hilbert,isotropic_hilbert,C0_uniform,uniform,D0,clean,2.0,none,0.00185191993951,0.00136628266973,-0.000485637269773,-26.2234484015,0.00740039637768,0.00545975725208,-0.0019406391256,-26.2234484015
stanford_bunny,Stanford Bunny,E3,A3_isotropic_hilbert,isotropic_hilbert,C0_uniform,uniform,D0,clean,3.0,none,0.00185191993951,0.00136628266973,-0.000485637269773,-26.2234484015,0.00740039637768,0.00545975725208,-0.0019406391256,-26.2234484015
stanford_bunny,Stanford Bunny,E3,A3_isotropic_hilbert,isotropic_hilbert,C0_uniform,uniform,D0,clean,4.0,none,0.00185191993951,0.00136628266973,-0.000485637269773,-26.2234484015,0.00740039637768,0.00545975725208,-0.0019406391256,-26.2234484015
stanford_bunny,Stanford Bunny,E3,A3_isotropic_hilbert,isotropic_hilbert,C1_monotone_half,monotone_half,D0,clean,0.0,none,0.00185191993951,0.00136628266973,-0.000485637269773,-26.2234484015,0.00740039637768,0.00545975725208,-0.0019406391256,-26.2234484015
stanford_bunny,Stanford Bunny,E3,A3_isotropic_hilbert,isotropic_hilbert,C1_monotone_half,monotone_half,D0,clean,1.0,none,0.00185191993951,0.00136628266973,-0.000485637269773,-26.2234484015,0.00740039637768,0.00545975725208,-0.0019406391256,-26.2234484015
stanford_bunny,Stanford Bunny,E3,A3_isotropic_hilbert,isotropic_hilbert,C1_monotone_half,monotone_half,D0,clean,2.0,none,0.00185191993951,0.00136628266973,-0.000485637269773,-26.2234484015,0.00740039637768,0.00545975725208,-0.0019406391256,-26.2234484015
stanford_bunny,Stanford Bunny,E3,A3_isotropic_hilbert,isotropic_hilbert,C1_monotone_half,monotone_half,D0,clean,3.0,none,0.00185191993951,0.00136628266973,-0.000485637269773,-26.2234484015,0.00740039637768,0.00545975725208,-0.0019406391256,-26.2234484015
stanford_bunny,Stanford Bunny,E3,A3_isotropic_hilbert,isotropic_hilbert,C1_monotone_half,monotone_half,D0,clean,4.0,none,0.00185191993951,0.00136628266973,-0.000485637269773,-26.2234484015,0.00740039637768,0.00545975725208,-0.0019406391256,-26.2234484015
stanford_bunny,Stanford Bunny,E3,A3_isotropic_hilbert,isotropic_hilbert,C2_occupancy_floor1,occupancy_floor1,D0,clean,0.0,none,0.00185191993951,0.00136628266973,-0.000485637269773,-26.2234484015,0.00740039637768,0.00545975725208,-0.0019406391256,-26.2234484015
stanford_bunny,Stanford Bunny,E3,A3_isotropic_hilbert,isotropic_hilbert,C2_occupancy_floor1,occupancy_floor1,D0,clean,1.0,none,0.00185191993951,0.00136628266973,-0.000485637269773,-26.2234484015,0.00740039637768,0.00545975725208,-0.0019406391256,-26.2234484015
stanford_bunny,Stanford Bunny,E3,A3_isotropic_hilbert,isotropic_hilbert,C2_occupancy_floor1,occupancy_floor1,D0,clean,2.0,none,0.00185191993951,0.00136628266973,-0.000485637269773,-26.2234484015,0.00740039637768,0.00545975725208,-0.0019406391256,-26.2234484015
stanford_bunny,Stanford Bunny,E3,A3_isotropic_hilbert,isotropic_hilbert,C2_occupancy_floor1,occupancy_floor1,D0,clean,3.0,none,0.00185191993951,0.00136628266973,-0.000485637269773,-26.2234484015,0.00740039637768,0.00545975725208,-0.0019406391256,-26.2234484015
stanford_bunny,Stanford Bunny,E3,A3_isotropic_hilbert,isotropic_hilbert,C2_occupancy_floor1,occupancy_floor1,D0,clean,4.0,none,0.00185191993951,0.00136628266973,-0.000485637269773,-26.2234484015,0.00740039637768,0.00545975725208,-0.0019406391256,-26.2234484015
stanford_bunny,Stanford Bunny,E3,A3_isotropic_hilbert,isotropic_hilbert,C3_frame_core_occupancy,frame_core_occupancy,D0,clean,0.0,none,0.00185191993951,0.00136628266973,-0.000485637269773,-26.2234484015,0.00740039637768,0.00545975725208,-0.0019406391256,-26.2234484015
stanford_bunny,Stanford Bunny,E3,A3_isotropic_hilbert,isotropic_hilbert,C3_frame_core_occupancy,frame_core_occupancy,D0,clean,1.0,none,0.00185191993951,0.00136628266973,-0.000485637269773,-26.2234484015,0.00740039637768,0.00545975725208,-0.0019406391256,-26.2234484015
stanford_bunny,Stanford Bunny,E3,A3_isotropic_hilbert,isotropic_hilbert,C3_frame_core_occupancy,frame_core_occupancy,D0,clean,2.0,none,0.00185191993951,0.00136628266973,-0.000485637269773,-26.2234484015,0.00740039637768,0.00545975725208,-0.0019406391256,-26.2234484015
stanford_bunny,Stanford Bunny,E3,A3_isotropic_hilbert,isotropic_hilbert,C3_frame_core_occupancy,frame_core_occupancy,D0,clean,3.0,none,0.00185191993951,0.00136628266973,-0.000485637269773,-26.2234484015,0.00740039637768,0.00545975725208,-0.0019406391256,-26.2234484015
stanford_bunny,Stanford Bunny,E3,A3_isotropic_hilbert,isotropic_hilbert,C3_frame_core_occupancy,frame_core_occupancy,D0,clean,4.0,none,0.00185191993951,0.00136628266973,-0.000485637269773,-26.2234484015,0.00740039637768,0.00545975725208,-0.0019406391256,-26.2234484015
stanford_bunny,Stanford Bunny,E3,A3_isotropic_hilbert,isotropic_hilbert,C4_hybrid,hybrid_occupancy,D0,clean,0.0,none,0.00185191993951,0.00136628266973,-0.000485637269773,-26.2234484015,0.00740039637768,0.00545975725208,-0.0019406391256,-26.2234484015
stanford_bunny,Stanford Bunny,E3,A3_isotropic_hilbert,isotropic_hilbert,C4_hybrid,hybrid_occupancy,D0,clean,1.0,none,0.00185191993951,0.00136628266973,-0.000485637269773,-26.2234484015,0.00740039637768,0.00545975725208,-0.0019406391256,-26.2234484015
stanford_bunny,Stanford Bunny,E3,A3_isotropic_hilbert,isotropic_hilbert,C4_hybrid,hybrid_occupancy,D0,clean,2.0,none,0.00185191993951,0.00136628266973,-0.000485637269773,-26.2234484015,0.00740039637768,0.00545975725208,-0.0019406391256,-26.2234484015
stanford_bunny,Stanford Bunny,E3,A3_isotropic_hilbert,isotropic_hilbert,C4_hybrid,hybrid_occupancy,D0,clean,3.0,none,0.00185191993951,0.00136628266973,-0.000485637269773,-26.2234484015,0.00740039637768,0.00545975725208,-0.0019406391256,-26.2234484015
stanford_bunny,Stanford Bunny,E3,A3_isotropic_hilbert,isotropic_hilbert,C4_hybrid,hybrid_occupancy,D0,clean,4.0,none,0.00185191993951,0.00136628266973,-0.000485637269773,-26.2234484015,0.00740039637768,0.00545975725208,-0.0019406391256,-26.2234484015
stanford_bunny,Stanford Bunny,E3,A4_compact_hilbert_aabb,compact_hilbert_aabb,C0_uniform,uniform,D0,clean,0.0,none,0.00185191993951,0.00136628266973,-0.000485637269773,-26.2234484015,0.00740039637768,0.00545975725208,-0.0019406391256,-26.2234484015
stanford_bunny,Stanford Bunny,E3,A4_compact_hilbert_aabb,compact_hilbert_aabb,C0_uniform,uniform,D0,clean,1.0,none,0.00185191993951,0.00136628266973,-0.000485637269773,-26.2234484015,0.00740039637768,0.00545975725208,-0.0019406391256,-26.2234484015
stanford_bunny,Stanford Bunny,E3,A4_compact_hilbert_aabb,compact_hilbert_aabb,C0_uniform,uniform,D0,clean,2.0,none,0.00185191993951,0.00136628266973,-0.000485637269773,-26.2234484015,0.00740039637768,0.00545975725208,-0.0019406391256,-26.2234484015
stanford_bunny,Stanford Bunny,E3,A4_compact_hilbert_aabb,compact_hilbert_aabb,C0_uniform,uniform,D0,clean,3.0,none,0.00185191993951,0.00136628266973,-0.000485637269773,-26.2234484015,0.00740039637768,0.00545975725208,-0.0019406391256,-26.2234484015
stanford_bunny,Stanford Bunny,E3,A4_compact_hilbert_aabb,compact_hilbert_aabb,C0_uniform,uniform,D0,clean,4.0,none,0.00185191993951,0.00136628266973,-0.000485637269773,-26.2234484015,0.00740039637768,0.00545975725208,-0.0019406391256,-26.2234484015
stanford_bunny,Stanford Bunny,E3,A4_compact_hilbert_aabb,compact_hilbert_aabb,C1_monotone_half,monotone_half,D0,clean,0.0,none,0.0129334799872,0.00408085470922,-0.00885262527801,-68.4473574533,0.051683054114,0.0163073693218,-0.0353756847922,-68.4473574533
stanford_bunny,Stanford Bunny,E3,A4_compact_hilbert_aabb,compact_hilbert_aabb,C1_monotone_half,monotone_half,D0,clean,1.0,none,0.0129334799872,0.00408085470922,-0.00885262527801,-68.4473574533,0.051683054114,0.0163073693218,-0.0353756847922,-68.4473574533
stanford_bunny,Stanford Bunny,E3,A4_compact_hilbert_aabb,compact_hilbert_aabb,C1_monotone_half,monotone_half,D0,clean,2.0,none,0.0129334799872,0.00408085470922,-0.00885262527801,-68.4473574533,0.051683054114,0.0163073693218,-0.0353756847922,-68.4473574533
stanford_bunny,Stanford Bunny,E3,A4_compact_hilbert_aabb,compact_hilbert_aabb,C1_monotone_half,monotone_half,D0,clean,3.0,none,0.0129334799872,0.00408085470922,-0.00885262527801,-68.4473574533,0.051683054114,0.0163073693218,-0.0353756847922,-68.4473574533
stanford_bunny,Stanford Bunny,E3,A4_compact_hilbert_aabb,compact_hilbert_aabb,C1_monotone_half,monotone_half,D0,clean,4.0,none,0.0129334799872,0.00408085470922,-0.00885262527801,-68.4473574533,0.051683054114,0.0163073693218,-0.0353756847922,-68.4473574533
stanford_bunny,Stanford Bunny,E3,A4_compact_hilbert_aabb,compact_hilbert_aabb,C2_occupancy_floor1,occupancy_floor1,D0,clean,0.0,none,0.00214465935067,0.00135497658885,-0.000789682761814,-36.8208947295,0.00857020271311,0.00541457739402,-0.0031556253191,-36.8208947295
stanford_bunny,Stanford Bunny,E3,A4_compact_hilbert_aabb,compact_hilbert_aabb,C2_occupancy_floor1,occupancy_floor1,D0,clean,1.0,none,0.00214465935067,0.00135497658885,-0.000789682761814,-36.8208947295,0.00857020271311,0.00541457739402,-0.0031556253191,-36.8208947295
stanford_bunny,Stanford Bunny,E3,A4_compact_hilbert_aabb,compact_hilbert_aabb,C2_occupancy_floor1,occupancy_floor1,D0,clean,2.0,none,0.00214465935067,0.00135497658885,-0.000789682761814,-36.8208947295,0.00857020271311,0.00541457739402,-0.0031556253191,-36.8208947295
stanford_bunny,Stanford Bunny,E3,A4_compact_hilbert_aabb,compact_hilbert_aabb,C2_occupancy_floor1,occupancy_floor1,D0,clean,3.0,none,0.00214465935067,0.00135497658885,-0.000789682761814,-36.8208947295,0.00857020271311,0.00541457739402,-0.0031556253191,-36.8208947295
stanford_bunny,Stanford Bunny,E3,A4_compact_hilbert_aabb,compact_hilbert_aabb,C2_occupancy_floor1,occupancy_floor1,D0,clean,4.0,none,0.00214465935067,0.00135497658885,-0.000789682761814,-36.8208947295,0.00857020271311,0.00541457739402,-0.0031556253191,-36.8208947295
stanford_bunny,Stanford Bunny,E3,A5_pca_compact_hilbert,pca_compact_hilbert,C0_uniform,uniform,D0,clean,0.0,sample_covariance,0.00195328234705,0.00141816719145,-0.000535115155604,-27.3956889239,0.00780544736159,0.00566709128329,-0.0021383560783,-27.3956889239
stanford_bunny,Stanford Bunny,E3,A5_pca_compact_hilbert,pca_compact_hilbert,C0_uniform,uniform,D0,clean,1.0,sample_covariance,0.00195328234705,0.00141816719145,-0.000535115155604,-27.3956889239,0.00780544736159,0.00566709128329,-0.0021383560783,-27.3956889239
stanford_bunny,Stanford Bunny,E3,A5_pca_compact_hilbert,pca_compact_hilbert,C0_uniform,uniform,D0,clean,2.0,sample_covariance,0.00195328234705,0.00141816719145,-0.000535115155604,-27.3956889239,0.00780544736159,0.00566709128329,-0.0021383560783,-27.3956889239
stanford_bunny,Stanford Bunny,E3,A5_pca_compact_hilbert,pca_compact_hilbert,C0_uniform,uniform,D0,clean,3.0,sample_covariance,0.00195328234705,0.00141816719145,-0.000535115155604,-27.3956889239,0.00780544736159,0.00566709128329,-0.0021383560783,-27.3956889239
stanford_bunny,Stanford Bunny,E3,A5_pca_compact_hilbert,pca_compact_hilbert,C0_uniform,uniform,D0,clean,4.0,sample_covariance,0.00195328234705,0.00141816719145,-0.000535115155604,-27.3956889239,0.00780544736159,0.00566709128329,-0.0021383560783,-27.3956889239
stanford_bunny,Stanford Bunny,E3,A5_pca_compact_hilbert,pca_compact_hilbert,C1_monotone_half,monotone_half,D0,clean,0.0,sample_covariance,0.0127433951615,0.0040154261469,-0.00872796901462,-68.4901386483,0.0509234623921,0.0160459123953,-0.0348775499969,-68.4901386483
stanford_bunny,Stanford Bunny,E3,A5_pca_compact_hilbert,pca_compact_hilbert,C1_monotone_half,monotone_half,D0,clean,1.0,sample_covariance,0.0127433951615,0.0040154261469,-0.00872796901462,-68.4901386483,0.0509234623921,0.0160459123953,-0.0348775499969,-68.4901386483
stanford_bunny,Stanford Bunny,E3,A5_pca_compact_hilbert,pca_compact_hilbert,C1_monotone_half,monotone_half,D0,clean,2.0,sample_covariance,0.0127433951615,0.0040154261469,-0.00872796901462,-68.4901386483,0.0509234623921,0.0160459123953,-0.0348775499969,-68.4901386483
stanford_bunny,Stanford Bunny,E3,A5_pca_compact_hilbert,pca_compact_hilbert,C1_monotone_half,monotone_half,D0,clean,3.0,sample_covariance,0.0127433951615,0.0040154261469,-0.00872796901462,-68.4901386483,0.0509234623921,0.0160459123953,-0.0348775499969,-68.4901386483
stanford_bunny,Stanford Bunny,E3,A5_pca_compact_hilbert,pca_compact_hilbert,C1_monotone_half,monotone_half,D0,clean,4.0,sample_covariance,0.0127433951615,0.0040154261469,-0.00872796901462,-68.4901386483,0.0509234623921,0.0160459123953,-0.0348775499969,-68.4901386483
stanford_bunny,Stanford Bunny,E3,A5_pca_compact_hilbert,pca_compact_hilbert,C2_occupancy_floor1,occupancy_floor1,D0,clean,0.0,sample_covariance,0.00220450406824,0.00141122252215,-0.000793281546095,-35.9845807283,0.00880934622129,0.00563933991865,-0.00317000630263,-35.9845807283
stanford_bunny,Stanford Bunny,E3,A5_pca_compact_hilbert,pca_compact_hilbert,C2_occupancy_floor1,occupancy_floor1,D0,clean,1.0,sample_covariance,0.00220450406824,0.00141122252215,-0.000793281546095,-35.9845807283,0.00880934622129,0.00563933991865,-0.00317000630263,-35.9845807283
stanford_bunny,Stanford Bunny,E3,A5_pca_compact_hilbert,pca_compact_hilbert,C2_occupancy_floor1,occupancy_floor1,D0,clean,2.0,sample_covariance,0.00220450406824,0.00141122252215,-0.000793281546095,-35.9845807283,0.00880934622129,0.00563933991865,-0.00317000630263,-35.9845807283
stanford_bunny,Stanford Bunny,E3,A5_pca_compact_hilbert,pca_compact_hilbert,C2_occupancy_floor1,occupancy_floor1,D0,clean,3.0,sample_covariance,0.00220450406824,0.00141122252215,-0.000793281546095,-35.9845807283,0.00880934622129,0.00563933991865,-0.00317000630263,-35.9845807283
stanford_bunny,Stanford Bunny,E3,A5_pca_compact_hilbert,pca_compact_hilbert,C2_occupancy_floor1,occupancy_floor1,D0,clean,4.0,sample_covariance,0.00220450406824,0.00141122252215,-0.000793281546095,-35.9845807283,0.00880934622129,0.00563933991865,-0.00317000630263,-35.9845807283
stanford_bunny,Stanford Bunny,E3,A5_pca_compact_hilbert,pca_compact_hilbert,C3_frame_core_occupancy,frame_core_occupancy,D0,clean,0.0,sample_covariance,0.00225125369321,0.00139626735429,-0.000854986338912,-37.9782314846,0.00899616086043,0.00557957806412,-0.0034165827963,-37.9782314846
stanford_bunny,Stanford Bunny,E3,A5_pca_compact_hilbert,pca_compact_hilbert,C3_frame_core_occupancy,frame_core_occupancy,D0,clean,1.0,sample_covariance,0.00225125369321,0.00139626735429,-0.000854986338912,-37.9782314846,0.00899616086043,0.00557957806412,-0.0034165827963,-37.9782314846
stanford_bunny,Stanford Bunny,E3,A5_pca_compact_hilbert,pca_compact_hilbert,C3_frame_core_occupancy,frame_core_occupancy,D0,clean,2.0,sample_covariance,0.00225125369321,0.00139626735429,-0.000854986338912,-37.9782314846,0.00899616086043,0.00557957806412,-0.0034165827963,-37.9782314846
stanford_bunny,Stanford Bunny,E3,A5_pca_compact_hilbert,pca_compact_hilbert,C3_frame_core_occupancy,frame_core_occupancy,D0,clean,3.0,sample_covariance,0.00225125369321,0.00139626735429,-0.000854986338912,-37.9782314846,0.00899616086043,0.00557957806412,-0.0034165827963,-37.9782314846
stanford_bunny,Stanford Bunny,E3,A5_pca_compact_hilbert,pca_compact_hilbert,C3_frame_core_occupancy,frame_core_occupancy,D0,clean,4.0,sample_covariance,0.00225125369321,0.00139626735429,-0.000854986338912,-37.9782314846,0.00899616086043,0.00557957806412,-0.0034165827963,-37.9782314846
stanford_bunny,Stanford Bunny,E3,A5_pca_compact_hilbert,pca_compact_hilbert,C4_hybrid,hybrid_occupancy,D0,clean,0.0,sample_covariance,0.00220450406824,0.00141122252215,-0.000793281546095,-35.9845807283,0.00880934622129,0.00563933991865,-0.00317000630263,-35.9845807283
stanford_bunny,Stanford Bunny,E3,A5_pca_compact_hilbert,pca_compact_hilbert,C4_hybrid,hybrid_occupancy,D0,clean,1.0,sample_covariance,0.00220450406824,0.00141122252215,-0.000793281546095,-35.9845807283,0.00880934622129,0.00563933991865,-0.00317000630263,-35.9845807283
stanford_bunny,Stanford Bunny,E3,A5_pca_compact_hilbert,pca_compact_hilbert,C4_hybrid,hybrid_occupancy,D0,clean,2.0,sample_covariance,0.00220450406824,0.00141122252215,-0.000793281546095,-35.9845807283,0.00880934622129,0.00563933991865,-0.00317000630263,-35.9845807283
stanford_bunny,Stanford Bunny,E3,A5_pca_compact_hilbert,pca_compact_hilbert,C4_hybrid,hybrid_occupancy,D0,clean,3.0,sample_covariance,0.00220450406824,0.00141122252215,-0.000793281546095,-35.9845807283,0.00880934622129,0.00563933991865,-0.00317000630263,-35.9845807283
stanford_bunny,Stanford Bunny,E3,A5_pca_compact_hilbert,pca_compact_hilbert,C4_hybrid,hybrid_occupancy,D0,clean,4.0,sample_covariance,0.00220450406824,0.00141122252215,-0.000793281546095,-35.9845807283,0.00880934622129,0.00563933991865,-0.00317000630263,-35.9845807283
stanford_bunny,Stanford Bunny,E3,A5b_robust_frame_morton,robust_frame_morton,C0_uniform,uniform,D0,clean,0.0,det_mcd,0.0023209942303,0.00152183226556,-0.000799161964733,-34.4318807131,0.00927484872757,0.00608134387737,-0.0031935048502,-34.4318807131
stanford_bunny,Stanford Bunny,E3,A5b_robust_frame_morton,robust_frame_morton,C0_uniform,uniform,D0,clean,1.0,det_mcd,0.0023209942303,0.00152183226556,-0.000799161964733,-34.4318807131,0.00927484872757,0.00608134387737,-0.0031935048502,-34.4318807131
stanford_bunny,Stanford Bunny,E3,A5b_robust_frame_morton,robust_frame_morton,C0_uniform,uniform,D0,clean,2.0,det_mcd,0.0023209942303,0.00152183226556,-0.000799161964733,-34.4318807131,0.00927484872757,0.00608134387737,-0.0031935048502,-34.4318807131
stanford_bunny,Stanford Bunny,E3,A5b_robust_frame_morton,robust_frame_morton,C0_uniform,uniform,D0,clean,3.0,det_mcd,0.0023209942303,0.00152183226556,-0.000799161964733,-34.4318807131,0.00927484872757,0.00608134387737,-0.0031935048502,-34.4318807131
stanford_bunny,Stanford Bunny,E3,A5b_robust_frame_morton,robust_frame_morton,C0_uniform,uniform,D0,clean,4.0,det_mcd,0.0023209942303,0.00152183226556,-0.000799161964733,-34.4318807131,0.00927484872757,0.00608134387737,-0.0031935048502,-34.4318807131
stanford_bunny,Stanford Bunny,E3,A5b_robust_frame_morton,robust_frame_morton,C1_monotone_half,monotone_half,D0,clean,0.0,det_mcd,0.0110587989748,0.00447106880585,-0.00658773016891,-59.5700327309,0.044191702961,0.0178666910428,-0.0263250119182,-59.5700327309
stanford_bunny,Stanford Bunny,E3,A5b_robust_frame_morton,robust_frame_morton,C1_monotone_half,monotone_half,D0,clean,1.0,det_mcd,0.0110587989748,0.00447106880585,-0.00658773016891,-59.5700327309,0.044191702961,0.0178666910428,-0.0263250119182,-59.5700327309
stanford_bunny,Stanford Bunny,E3,A5b_robust_frame_morton,robust_frame_morton,C1_monotone_half,monotone_half,D0,clean,2.0,det_mcd,0.0110587989748,0.00447106880585,-0.00658773016891,-59.5700327309,0.044191702961,0.0178666910428,-0.0263250119182,-59.5700327309
stanford_bunny,Stanford Bunny,E3,A5b_robust_frame_morton,robust_frame_morton,C1_monotone_half,monotone_half,D0,clean,3.0,det_mcd,0.0110587989748,0.00447106880585,-0.00658773016891,-59.5700327309,0.044191702961,0.0178666910428,-0.0263250119182,-59.5700327309
stanford_bunny,Stanford Bunny,E3,A5b_robust_frame_morton,robust_frame_morton,C1_monotone_half,monotone_half,D0,clean,4.0,det_mcd,0.0110587989748,0.00447106880585,-0.00658773016891,-59.5700327309,0.044191702961,0.0178666910428,-0.0263250119182,-59.5700327309
stanford_bunny,Stanford Bunny,E3,A5b_robust_frame_morton,robust_frame_morton,C2_occupancy_floor1,occupancy_floor1,D0,clean,0.0,det_mcd,0.00235763051634,0.00149286232965,-0.000864768186693,-36.6795467186,0.0094212497856,0.00596557806901,-0.00345567171658,-36.6795467186
stanford_bunny,Stanford Bunny,E3,A5b_robust_frame_morton,robust_frame_morton,C2_occupancy_floor1,occupancy_floor1,D0,clean,1.0,det_mcd,0.00235763051634,0.00149286232965,-0.000864768186693,-36.6795467186,0.0094212497856,0.00596557806901,-0.00345567171658,-36.6795467186
stanford_bunny,Stanford Bunny,E3,A5b_robust_frame_morton,robust_frame_morton,C2_occupancy_floor1,occupancy_floor1,D0,clean,2.0,det_mcd,0.00235763051634,0.00149286232965,-0.000864768186693,-36.6795467186,0.0094212497856,0.00596557806901,-0.00345567171658,-36.6795467186
stanford_bunny,Stanford Bunny,E3,A5b_robust_frame_morton,robust_frame_morton,C2_occupancy_floor1,occupancy_floor1,D0,clean,3.0,det_mcd,0.00235763051634,0.00149286232965,-0.000864768186693,-36.6795467186,0.0094212497856,0.00596557806901,-0.00345567171658,-36.6795467186
stanford_bunny,Stanford Bunny,E3,A5b_robust_frame_morton,robust_frame_morton,C2_occupancy_floor1,occupancy_floor1,D0,clean,4.0,det_mcd,0.00235763051634,0.00149286232965,-0.000864768186693,-36.6795467186,0.0094212497856,0.00596557806901,-0.00345567171658,-36.6795467186
stanford_bunny,Stanford Bunny,E3,A5b_robust_frame_morton,robust_frame_morton,C3_frame_core_occupancy,frame_core_occupancy,D0,clean,0.0,det_mcd,0.00243681662455,0.0015067607475,-0.00093005587705,-38.1668389685,0.00973768278892,0.00602111707961,-0.00371656570931,-38.1668389685
stanford_bunny,Stanford Bunny,E3,A5b_robust_frame_morton,robust_frame_morton,C3_frame_core_occupancy,frame_core_occupancy,D0,clean,1.0,det_mcd,0.00243681662455,0.0015067607475,-0.00093005587705,-38.1668389685,0.00973768278892,0.00602111707961,-0.00371656570931,-38.1668389685
stanford_bunny,Stanford Bunny,E3,A5b_robust_frame_morton,robust_frame_morton,C3_frame_core_occupancy,frame_core_occupancy,D0,clean,2.0,det_mcd,0.00243681662455,0.0015067607475,-0.00093005587705,-38.1668389685,0.00973768278892,0.00602111707961,-0.00371656570931,-38.1668389685
stanford_bunny,Stanford Bunny,E3,A5b_robust_frame_morton,robust_frame_morton,C3_frame_core_occupancy,frame_core_occupancy,D0,clean,3.0,det_mcd,0.00243681662455,0.0015067607475,-0.00093005587705,-38.1668389685,0.00973768278892,0.00602111707961,-0.00371656570931,-38.1668389685
stanford_bunny,Stanford Bunny,E3,A5b_robust_frame_morton,robust_frame_morton,C3_frame_core_occupancy,frame_core_occupancy,D0,clean,4.0,det_mcd,0.00243681662455,0.0015067607475,-0.00093005587705,-38.1668389685,0.00973768278892,0.00602111707961,-0.00371656570931,-38.1668389685
stanford_bunny,Stanford Bunny,E3,A5b_robust_frame_morton,robust_frame_morton,C4_hybrid,hybrid_occupancy,D0,clean,0.0,det_mcd,0.00235763051634,0.00149286232965,-0.000864768186693,-36.6795467186,0.0094212497856,0.00596557806901,-0.00345567171658,-36.6795467186
stanford_bunny,Stanford Bunny,E3,A5b_robust_frame_morton,robust_frame_morton,C4_hybrid,hybrid_occupancy,D0,clean,1.0,det_mcd,0.00235763051634,0.00149286232965,-0.000864768186693,-36.6795467186,0.0094212497856,0.00596557806901,-0.00345567171658,-36.6795467186
stanford_bunny,Stanford Bunny,E3,A5b_robust_frame_morton,robust_frame_morton,C4_hybrid,hybrid_occupancy,D0,clean,2.0,det_mcd,0.00235763051634,0.00149286232965,-0.000864768186693,-36.6795467186,0.0094212497856,0.00596557806901,-0.00345567171658,-36.6795467186
stanford_bunny,Stanford Bunny,E3,A5b_robust_frame_morton,robust_frame_morton,C4_hybrid,hybrid_occupancy,D0,clean,3.0,det_mcd,0.00235763051634,0.00149286232965,-0.000864768186693,-36.6795467186,0.0094212497856,0.00596557806901,-0.00345567171658,-36.6795467186
stanford_bunny,Stanford Bunny,E3,A5b_robust_frame_morton,robust_frame_morton,C4_hybrid,hybrid_occupancy,D0,clean,4.0,det_mcd,0.00235763051634,0.00149286232965,-0.000864768186693,-36.6795467186,0.0094212497856,0.00596557806901,-0.00345567171658,-36.6795467186
stanford_bunny,Stanford Bunny,E3,A6_rch,rch,C0_uniform,uniform,D0,clean,0.0,det_mcd,0.00192387649135,0.00141970915293,-0.000504167338421,-26.2058058658,0.00768793958852,0.00567325306487,-0.00201468652365,-26.2058058658
stanford_bunny,Stanford Bunny,E3,A6_rch,rch,C0_uniform,uniform,D0,clean,1.0,det_mcd,0.00192387649135,0.00141970915293,-0.000504167338421,-26.2058058658,0.00768793958852,0.00567325306487,-0.00201468652365,-26.2058058658
stanford_bunny,Stanford Bunny,E3,A6_rch,rch,C0_uniform,uniform,D0,clean,2.0,det_mcd,0.00192387649135,0.00141970915293,-0.000504167338421,-26.2058058658,0.00768793958852,0.00567325306487,-0.00201468652365,-26.2058058658
stanford_bunny,Stanford Bunny,E3,A6_rch,rch,C0_uniform,uniform,D0,clean,3.0,det_mcd,0.00192387649135,0.00141970915293,-0.000504167338421,-26.2058058658,0.00768793958852,0.00567325306487,-0.00201468652365,-26.2058058658
stanford_bunny,Stanford Bunny,E3,A6_rch,rch,C0_uniform,uniform,D0,clean,4.0,det_mcd,0.00192387649135,0.00141970915293,-0.000504167338421,-26.2058058658,0.00768793958852,0.00567325306487,-0.00201468652365,-26.2058058658
stanford_bunny,Stanford Bunny,E3,A6_rch,rch,C1_monotone_half,monotone_half,D0,clean,0.0,det_mcd,0.0120100098152,0.00428018914107,-0.00772982067416,-64.3614850702,0.0479928053241,0.0171039230907,-0.0308888822334,-64.3614850702
stanford_bunny,Stanford Bunny,E3,A6_rch,rch,C1_monotone_half,monotone_half,D0,clean,1.0,det_mcd,0.0120100098152,0.00428018914107,-0.00772982067416,-64.3614850702,0.0479928053241,0.0171039230907,-0.0308888822334,-64.3614850702
stanford_bunny,Stanford Bunny,E3,A6_rch,rch,C1_monotone_half,monotone_half,D0,clean,2.0,det_mcd,0.0120100098152,0.00428018914107,-0.00772982067416,-64.3614850702,0.0479928053241,0.0171039230907,-0.0308888822334,-64.3614850702
stanford_bunny,Stanford Bunny,E3,A6_rch,rch,C1_monotone_half,monotone_half,D0,clean,3.0,det_mcd,0.0120100098152,0.00428018914107,-0.00772982067416,-64.3614850702,0.0479928053241,0.0171039230907,-0.0308888822334,-64.3614850702
stanford_bunny,Stanford Bunny,E3,A6_rch,rch,C1_monotone_half,monotone_half,D0,clean,4.0,det_mcd,0.0120100098152,0.00428018914107,-0.00772982067416,-64.3614850702,0.0479928053241,0.0171039230907,-0.0308888822334,-64.3614850702
stanford_bunny,Stanford Bunny,E3,A6_rch,rch,C2_occupancy_floor1,occupancy_floor1,D0,clean,0.0,det_mcd,0.00228265953371,0.00140904595643,-0.000873613577281,-38.2717424294,0.00912166070701,0.00563064221594,-0.00349101849107,-38.2717424294
stanford_bunny,Stanford Bunny,E3,A6_rch,rch,C2_occupancy_floor1,occupancy_floor1,D0,clean,1.0,det_mcd,0.00228265953371,0.00140904595643,-0.000873613577281,-38.2717424294,0.00912166070701,0.00563064221594,-0.00349101849107,-38.2717424294
stanford_bunny,Stanford Bunny,E3,A6_rch,rch,C2_occupancy_floor1,occupancy_floor1,D0,clean,2.0,det_mcd,0.00228265953371,0.00140904595643,-0.000873613577281,-38.2717424294,0.00912166070701,0.00563064221594,-0.00349101849107,-38.2717424294
stanford_bunny,Stanford Bunny,E3,A6_rch,rch,C2_occupancy_floor1,occupancy_floor1,D0,clean,3.0,det_mcd,0.00228265953371,0.00140904595643,-0.000873613577281,-38.2717424294,0.00912166070701,0.00563064221594,-0.00349101849107,-38.2717424294
stanford_bunny,Stanford Bunny,E3,A6_rch,rch,C2_occupancy_floor1,occupancy_floor1,D0,clean,4.0,det_mcd,0.00228265953371,0.00140904595643,-0.000873613577281,-38.2717424294,0.00912166070701,0.00563064221594,-0.00349101849107,-38.2717424294
stanford_bunny,Stanford Bunny,E3,A6_rch,rch,C3_frame_core_occupancy,frame_core_occupancy,D0,clean,0.0,det_mcd,0.00235850330625,0.00140295484102,-0.000955548465225,-40.5150360694,0.00942473751266,0.00560630170996,-0.0038184358027,-40.5150360694
stanford_bunny,Stanford Bunny,E3,A6_rch,rch,C3_frame_core_occupancy,frame_core_occupancy,D0,clean,1.0,det_mcd,0.00235850330625,0.00140295484102,-0.000955548465225,-40.5150360694,0.00942473751266,0.00560630170996,-0.0038184358027,-40.5150360694
stanford_bunny,Stanford Bunny,E3,A6_rch,rch,C3_frame_core_occupancy,frame_core_occupancy,D0,clean,2.0,det_mcd,0.00235850330625,0.00140295484102,-0.000955548465225,-40.5150360694,0.00942473751266,0.00560630170996,-0.0038184358027,-40.5150360694
stanford_bunny,Stanford Bunny,E3,A6_rch,rch,C3_frame_core_occupancy,frame_core_occupancy,D0,clean,3.0,det_mcd,0.00235850330625,0.00140295484102,-0.000955548465225,-40.5150360694,0.00942473751266,0.00560630170996,-0.0038184358027,-40.5150360694
stanford_bunny,Stanford Bunny,E3,A6_rch,rch,C3_frame_core_occupancy,frame_core_occupancy,D0,clean,4.0,det_mcd,0.00235850330625,0.00140295484102,-0.000955548465225,-40.5150360694,0.00942473751266,0.00560630170996,-0.0038184358027,-40.5150360694
stanford_bunny,Stanford Bunny,E3,A6_rch,rch,C4_hybrid,hybrid_occupancy,D0,clean,0.0,det_mcd,0.00228265953371,0.00140904595643,-0.000873613577281,-38.2717424294,0.00912166070701,0.00563064221594,-0.00349101849107,-38.2717424294
stanford_bunny,Stanford Bunny,E3,A6_rch,rch,C4_hybrid,hybrid_occupancy,D0,clean,1.0,det_mcd,0.00228265953371,0.00140904595643,-0.000873613577281,-38.2717424294,0.00912166070701,0.00563064221594,-0.00349101849107,-38.2717424294
stanford_bunny,Stanford Bunny,E3,A6_rch,rch,C4_hybrid,hybrid_occupancy,D0,clean,2.0,det_mcd,0.00228265953371,0.00140904595643,-0.000873613577281,-38.2717424294,0.00912166070701,0.00563064221594,-0.00349101849107,-38.2717424294
stanford_bunny,Stanford Bunny,E3,A6_rch,rch,C4_hybrid,hybrid_occupancy,D0,clean,3.0,det_mcd,0.00228265953371,0.00140904595643,-0.000873613577281,-38.2717424294,0.00912166070701,0.00563064221594,-0.00349101849107,-38.2717424294
stanford_bunny,Stanford Bunny,E3,A6_rch,rch,C4_hybrid,hybrid_occupancy,D0,clean,4.0,det_mcd,0.00228265953371,0.00140904595643,-0.000873613577281,-38.2717424294,0.00912166070701,0.00563064221594,-0.00349101849107,-38.2717424294
stanford_bunny,Stanford Bunny,E3,A6_rch_b2_mrcd,rch,C0_uniform,uniform,D0,clean,0.0,mrcd,0.00192393506799,0.00141977380161,-0.000504161266373,-26.2046923913,0.00768817366468,0.00567351140535,-0.00201466225934,-26.2046923913
stanford_bunny,Stanford Bunny,E3,A6_rch_b2_mrcd,rch,C0_uniform,uniform,D0,clean,1.0,mrcd,0.00192393506799,0.00141977380161,-0.000504161266373,-26.2046923913,0.00768817366468,0.00567351140535,-0.00201466225934,-26.2046923913
stanford_bunny,Stanford Bunny,E3,A6_rch_b2_mrcd,rch,C0_uniform,uniform,D0,clean,2.0,mrcd,0.00192393506799,0.00141977380161,-0.000504161266373,-26.2046923913,0.00768817366468,0.00567351140535,-0.00201466225934,-26.2046923913
stanford_bunny,Stanford Bunny,E3,A6_rch_b2_mrcd,rch,C0_uniform,uniform,D0,clean,3.0,mrcd,0.00192393506799,0.00141977380161,-0.000504161266373,-26.2046923913,0.00768817366468,0.00567351140535,-0.00201466225934,-26.2046923913
stanford_bunny,Stanford Bunny,E3,A6_rch_b2_mrcd,rch,C0_uniform,uniform,D0,clean,4.0,mrcd,0.00192393506799,0.00141977380161,-0.000504161266373,-26.2046923913,0.00768817366468,0.00567351140535,-0.00201466225934,-26.2046923913
stanford_bunny,Stanford Bunny,E3,A6_rch_b2_mrcd,rch,C1_monotone_half,monotone_half,D0,clean,0.0,mrcd,0.0120179889403,0.00428631161778,-0.00773167732256,-64.334202344,0.0480246904436,0.0171283889185,-0.0308963015251,-64.334202344
stanford_bunny,Stanford Bunny,E3,A6_rch_b2_mrcd,rch,C1_monotone_half,monotone_half,D0,clean,1.0,mrcd,0.0120179889403,0.00428631161778,-0.00773167732256,-64.334202344,0.0480246904436,0.0171283889185,-0.0308963015251,-64.334202344
stanford_bunny,Stanford Bunny,E3,A6_rch_b2_mrcd,rch,C1_monotone_half,monotone_half,D0,clean,2.0,mrcd,0.0120179889403,0.00428631161778,-0.00773167732256,-64.334202344,0.0480246904436,0.0171283889185,-0.0308963015251,-64.334202344
stanford_bunny,Stanford Bunny,E3,A6_rch_b2_mrcd,rch,C1_monotone_half,monotone_half,D0,clean,3.0,mrcd,0.0120179889403,0.00428631161778,-0.00773167732256,-64.334202344,0.0480246904436,0.0171283889185,-0.0308963015251,-64.334202344
stanford_bunny,Stanford Bunny,E3,A6_rch_b2_mrcd,rch,C1_monotone_half,monotone_half,D0,clean,4.0,mrcd,0.0120179889403,0.00428631161778,-0.00773167732256,-64.334202344,0.0480246904436,0.0171283889185,-0.0308963015251,-64.334202344
stanford_bunny,Stanford Bunny,E3,A6_rch_b2_mrcd,rch,C2_occupancy_floor1,occupancy_floor1,D0,clean,0.0,mrcd,0.00228269562142,0.00140896445014,-0.000873731171284,-38.2762889228,0.00912180491593,0.00563031651133,-0.0034914884046,-38.2762889228
stanford_bunny,Stanford Bunny,E3,A6_rch_b2_mrcd,rch,C2_occupancy_floor1,occupancy_floor1,D0,clean,1.0,mrcd,0.00228269562142,0.00140896445014,-0.000873731171284,-38.2762889228,0.00912180491593,0.00563031651133,-0.0034914884046,-38.2762889228
stanford_bunny,Stanford Bunny,E3,A6_rch_b2_mrcd,rch,C2_occupancy_floor1,occupancy_floor1,D0,clean,2.0,mrcd,0.00228269562142,0.00140896445014,-0.000873731171284,-38.2762889228,0.00912180491593,0.00563031651133,-0.0034914884046,-38.2762889228
stanford_bunny,Stanford Bunny,E3,A6_rch_b2_mrcd,rch,C2_occupancy_floor1,occupancy_floor1,D0,clean,3.0,mrcd,0.00228269562142,0.00140896445014,-0.000873731171284,-38.2762889228,0.00912180491593,0.00563031651133,-0.0034914884046,-38.2762889228
stanford_bunny,Stanford Bunny,E3,A6_rch_b2_mrcd,rch,C2_occupancy_floor1,occupancy_floor1,D0,clean,4.0,mrcd,0.00228269562142,0.00140896445014,-0.000873731171284,-38.2762889228,0.00912180491593,0.00563031651133,-0.0034914884046,-38.2762889228
stanford_bunny,Stanford Bunny,E3,A6_rch_b2_mrcd,rch,C3_frame_core_occupancy,frame_core_occupancy,D0,clean,0.0,mrcd,0.00235870710462,0.00140272962777,-0.000955977476847,-40.5297238888,0.00942555190462,0.00560540174268,-0.00382015016194,-40.5297238888
stanford_bunny,Stanford Bunny,E3,A6_rch_b2_mrcd,rch,C3_frame_core_occupancy,frame_core_occupancy,D0,clean,1.0,mrcd,0.00235870710462,0.00140272962777,-0.000955977476847,-40.5297238888,0.00942555190462,0.00560540174268,-0.00382015016194,-40.5297238888
stanford_bunny,Stanford Bunny,E3,A6_rch_b2_mrcd,rch,C3_frame_core_occupancy,frame_core_occupancy,D0,clean,2.0,mrcd,0.00235870710462,0.00140272962777,-0.000955977476847,-40.5297238888,0.00942555190462,0.00560540174268,-0.00382015016194,-40.5297238888
stanford_bunny,Stanford Bunny,E3,A6_rch_b2_mrcd,rch,C3_frame_core_occupancy,frame_core_occupancy,D0,clean,3.0,mrcd,0.00235870710462,0.00140272962777,-0.000955977476847,-40.5297238888,0.00942555190462,0.00560540174268,-0.00382015016194,-40.5297238888
stanford_bunny,Stanford Bunny,E3,A6_rch_b2_mrcd,rch,C3_frame_core_occupancy,frame_core_occupancy,D0,clean,4.0,mrcd,0.00235870710462,0.00140272962777,-0.000955977476847,-40.5297238888,0.00942555190462,0.00560540174268,-0.00382015016194,-40.5297238888
stanford_bunny,Stanford Bunny,E3,A6_rch_b2_mrcd,rch,C4_hybrid,hybrid_occupancy,D0,clean,0.0,mrcd,0.00228269562142,0.00140896445014,-0.000873731171284,-38.2762889228,0.00912180491593,0.00563031651133,-0.0034914884046,-38.2762889228
stanford_bunny,Stanford Bunny,E3,A6_rch_b2_mrcd,rch,C4_hybrid,hybrid_occupancy,D0,clean,1.0,mrcd,0.00228269562142,0.00140896445014,-0.000873731171284,-38.2762889228,0.00912180491593,0.00563031651133,-0.0034914884046,-38.2762889228
stanford_bunny,Stanford Bunny,E3,A6_rch_b2_mrcd,rch,C4_hybrid,hybrid_occupancy,D0,clean,2.0,mrcd,0.00228269562142,0.00140896445014,-0.000873731171284,-38.2762889228,0.00912180491593,0.00563031651133,-0.0034914884046,-38.2762889228
stanford_bunny,Stanford Bunny,E3,A6_rch_b2_mrcd,rch,C4_hybrid,hybrid_occupancy,D0,clean,3.0,mrcd,0.00228269562142,0.00140896445014,-0.000873731171284,-38.2762889228,0.00912180491593,0.00563031651133,-0.0034914884046,-38.2762889228
stanford_bunny,Stanford Bunny,E3,A6_rch_b2_mrcd,rch,C4_hybrid,hybrid_occupancy,D0,clean,4.0,mrcd,0.00228269562142,0.00140896445014,-0.000873731171284,-38.2762889228,0.00912180491593,0.00563031651133,-0.0034914884046,-38.2762889228
stanford_bunny,Stanford Bunny,E3,A6_rch_b3_ogk,rch,C0_uniform,uniform,D0,clean,0.0,ogk,0.00194512247399,0.00142148447005,-0.000523638003946,-26.9205672623,0.00777283996117,0.00568034735123,-0.00209249260994,-26.9205672623
stanford_bunny,Stanford Bunny,E3,A6_rch_b3_ogk,rch,C0_uniform,uniform,D0,clean,1.0,ogk,0.00194512247399,0.00142148447005,-0.000523638003946,-26.9205672623,0.00777283996117,0.00568034735123,-0.00209249260994,-26.9205672623
stanford_bunny,Stanford Bunny,E3,A6_rch_b3_ogk,rch,C0_uniform,uniform,D0,clean,2.0,ogk,0.00194512247399,0.00142148447005,-0.000523638003946,-26.9205672623,0.00777283996117,0.00568034735123,-0.00209249260994,-26.9205672623
stanford_bunny,Stanford Bunny,E3,A6_rch_b3_ogk,rch,C0_uniform,uniform,D0,clean,3.0,ogk,0.00194512247399,0.00142148447005,-0.000523638003946,-26.9205672623,0.00777283996117,0.00568034735123,-0.00209249260994,-26.9205672623
stanford_bunny,Stanford Bunny,E3,A6_rch_b3_ogk,rch,C0_uniform,uniform,D0,clean,4.0,ogk,0.00194512247399,0.00142148447005,-0.000523638003946,-26.9205672623,0.00777283996117,0.00568034735123,-0.00209249260994,-26.9205672623
stanford_bunny,Stanford Bunny,E3,A6_rch_b3_ogk,rch,C1_monotone_half,monotone_half,D0,clean,0.0,ogk,0.0116316494954,0.00398804096345,-0.00764360853195,-65.7138829275,0.0464808520908,0.0159364793641,-0.0305443727267,-65.7138829275
stanford_bunny,Stanford Bunny,E3,A6_rch_b3_ogk,rch,C1_monotone_half,monotone_half,D0,clean,1.0,ogk,0.0116316494954,0.00398804096345,-0.00764360853195,-65.7138829275,0.0464808520908,0.0159364793641,-0.0305443727267,-65.7138829275
stanford_bunny,Stanford Bunny,E3,A6_rch_b3_ogk,rch,C1_monotone_half,monotone_half,D0,clean,2.0,ogk,0.0116316494954,0.00398804096345,-0.00764360853195,-65.7138829275,0.0464808520908,0.0159364793641,-0.0305443727267,-65.7138829275
stanford_bunny,Stanford Bunny,E3,A6_rch_b3_ogk,rch,C1_monotone_half,monotone_half,D0,clean,3.0,ogk,0.0116316494954,0.00398804096345,-0.00764360853195,-65.7138829275,0.0464808520908,0.0159364793641,-0.0305443727267,-65.7138829275
stanford_bunny,Stanford Bunny,E3,A6_rch_b3_ogk,rch,C1_monotone_half,monotone_half,D0,clean,4.0,ogk,0.0116316494954,0.00398804096345,-0.00764360853195,-65.7138829275,0.0464808520908,0.0159364793641,-0.0305443727267,-65.7138829275
stanford_bunny,Stanford Bunny,E3,A6_rch_b3_ogk,rch,C2_occupancy_floor1,occupancy_floor1,D0,clean,0.0,ogk,0.00240773635349,0.00140540387499,-0.0010023324785,-41.6296608658,0.00962147607392,0.00561608821407,-0.00400538785985,-41.6296608658
stanford_bunny,Stanford Bunny,E3,A6_rch_b3_ogk,rch,C2_occupancy_floor1,occupancy_floor1,D0,clean,1.0,ogk,0.00240773635349,0.00140540387499,-0.0010023324785,-41.6296608658,0.00962147607392,0.00561608821407,-0.00400538785985,-41.6296608658
stanford_bunny,Stanford Bunny,E3,A6_rch_b3_ogk,rch,C2_occupancy_floor1,occupancy_floor1,D0,clean,2.0,ogk,0.00240773635349,0.00140540387499,-0.0010023324785,-41.6296608658,0.00962147607392,0.00561608821407,-0.00400538785985,-41.6296608658
stanford_bunny,Stanford Bunny,E3,A6_rch_b3_ogk,rch,C2_occupancy_floor1,occupancy_floor1,D0,clean,3.0,ogk,0.00240773635349,0.00140540387499,-0.0010023324785,-41.6296608658,0.00962147607392,0.00561608821407,-0.00400538785985,-41.6296608658
stanford_bunny,Stanford Bunny,E3,A6_rch_b3_ogk,rch,C2_occupancy_floor1,occupancy_floor1,D0,clean,4.0,ogk,0.00240773635349,0.00140540387499,-0.0010023324785,-41.6296608658,0.00962147607392,0.00561608821407,-0.00400538785985,-41.6296608658
stanford_bunny,Stanford Bunny,E3,A6_rch_b3_ogk,rch,C3_frame_core_occupancy,frame_core_occupancy,D0,clean,0.0,ogk,0.00240773635349,0.00140540387499,-0.0010023324785,-41.6296608658,0.00962147607392,0.00561608821407,-0.00400538785985,-41.6296608658
stanford_bunny,Stanford Bunny,E3,A6_rch_b3_ogk,rch,C3_frame_core_occupancy,frame_core_occupancy,D0,clean,1.0,ogk,0.00240773635349,0.00140540387499,-0.0010023324785,-41.6296608658,0.00962147607392,0.00561608821407,-0.00400538785985,-41.6296608658
stanford_bunny,Stanford Bunny,E3,A6_rch_b3_ogk,rch,C3_frame_core_occupancy,frame_core_occupancy,D0,clean,2.0,ogk,0.00240773635349,0.00140540387499,-0.0010023324785,-41.6296608658,0.00962147607392,0.00561608821407,-0.00400538785985,-41.6296608658
stanford_bunny,Stanford Bunny,E3,A6_rch_b3_ogk,rch,C3_frame_core_occupancy,frame_core_occupancy,D0,clean,3.0,ogk,0.00240773635349,0.00140540387499,-0.0010023324785,-41.6296608658,0.00962147607392,0.00561608821407,-0.00400538785985,-41.6296608658
stanford_bunny,Stanford Bunny,E3,A6_rch_b3_ogk,rch,C3_frame_core_occupancy,frame_core_occupancy,D0,clean,4.0,ogk,0.00240773635349,0.00140540387499,-0.0010023324785,-41.6296608658,0.00962147607392,0.00561608821407,-0.00400538785985,-41.6296608658
stanford_bunny,Stanford Bunny,E3,A6_rch_b3_ogk,rch,C4_hybrid,hybrid_occupancy,D0,clean,0.0,ogk,0.00240773635349,0.00140540387499,-0.0010023324785,-41.6296608658,0.00962147607392,0.00561608821407,-0.00400538785985,-41.6296608658
stanford_bunny,Stanford Bunny,E3,A6_rch_b3_ogk,rch,C4_hybrid,hybrid_occupancy,D0,clean,1.0,ogk,0.00240773635349,0.00140540387499,-0.0010023324785,-41.6296608658,0.00962147607392,0.00561608821407,-0.00400538785985,-41.6296608658
stanford_bunny,Stanford Bunny,E3,A6_rch_b3_ogk,rch,C4_hybrid,hybrid_occupancy,D0,clean,2.0,ogk,0.00240773635349,0.00140540387499,-0.0010023324785,-41.6296608658,0.00962147607392,0.00561608821407,-0.00400538785985,-41.6296608658
stanford_bunny,Stanford Bunny,E3,A6_rch_b3_ogk,rch,C4_hybrid,hybrid_occupancy,D0,clean,3.0,ogk,0.00240773635349,0.00140540387499,-0.0010023324785,-41.6296608658,0.00962147607392,0.00561608821407,-0.00400538785985,-41.6296608658
stanford_bunny,Stanford Bunny,E3,A6_rch_b3_ogk,rch,C4_hybrid,hybrid_occupancy,D0,clean,4.0,ogk,0.00240773635349,0.00140540387499,-0.0010023324785,-41.6296608658,0.00962147607392,0.00561608821407,-0.00400538785985,-41.6296608658
stanford_bunny,Stanford Bunny,E3,A7_cgal_spatial_sort,external_cgal_spatial_sort,C2_occupancy_floor1,occupancy_floor1,D0,clean,0.0,none,0.00377566574999,0.00377566574999,0,0,0.0150878137567,0.0150878137567,0,0
stanford_bunny,Stanford Bunny,E3,A7_cgal_spatial_sort,external_cgal_spatial_sort,C2_occupancy_floor1,occupancy_floor1,D0,clean,1.0,none,0.00377566574999,0.00377566574999,0,0,0.0150878137567,0.0150878137567,0,0
stanford_bunny,Stanford Bunny,E3,A7_cgal_spatial_sort,external_cgal_spatial_sort,C2_occupancy_floor1,occupancy_floor1,D0,clean,2.0,none,0.00377566574999,0.00377566574999,0,0,0.0150878137567,0.0150878137567,0,0
stanford_bunny,Stanford Bunny,E3,A7_cgal_spatial_sort,external_cgal_spatial_sort,C2_occupancy_floor1,occupancy_floor1,D0,clean,3.0,none,0.00377566574999,0.00377566574999,0,0,0.0150878137567,0.0150878137567,0,0
stanford_bunny,Stanford Bunny,E3,A7_cgal_spatial_sort,external_cgal_spatial_sort,C2_occupancy_floor1,occupancy_floor1,D0,clean,4.0,none,0.00377566574999,0.00377566574999,0,0,0.0150878137567,0.0150878137567,0,0
stanford_bunny,Stanford Bunny,E3,A7_cgal_spatial_sort,external_cgal_spatial_sort,C3_frame_core_occupancy,frame_core_occupancy,D0,clean,0.0,none,0.00377566574999,0.00377566574999,0,0,0.0150878137567,0.0150878137567,0,0
stanford_bunny,Stanford Bunny,E3,A7_cgal_spatial_sort,external_cgal_spatial_sort,C3_frame_core_occupancy,frame_core_occupancy,D0,clean,1.0,none,0.00377566574999,0.00377566574999,0,0,0.0150878137567,0.0150878137567,0,0
stanford_bunny,Stanford Bunny,E3,A7_cgal_spatial_sort,external_cgal_spatial_sort,C3_frame_core_occupancy,frame_core_occupancy,D0,clean,2.0,none,0.00377566574999,0.00377566574999,0,0,0.0150878137567,0.0150878137567,0,0
stanford_bunny,Stanford Bunny,E3,A7_cgal_spatial_sort,external_cgal_spatial_sort,C3_frame_core_occupancy,frame_core_occupancy,D0,clean,3.0,none,0.00377566574999,0.00377566574999,0,0,0.0150878137567,0.0150878137567,0,0
stanford_bunny,Stanford Bunny,E3,A7_cgal_spatial_sort,external_cgal_spatial_sort,C3_frame_core_occupancy,frame_core_occupancy,D0,clean,4.0,none,0.00377566574999,0.00377566574999,0,0,0.0150878137567,0.0150878137567,0,0
stanford_bunny,Stanford Bunny,E3,A7_cgal_spatial_sort,external_cgal_spatial_sort,C4_hybrid,hybrid_occupancy,D0,clean,0.0,none,0.00377566574999,0.00377566574999,0,0,0.0150878137567,0.0150878137567,0,0
stanford_bunny,Stanford Bunny,E3,A7_cgal_spatial_sort,external_cgal_spatial_sort,C4_hybrid,hybrid_occupancy,D0,clean,1.0,none,0.00377566574999,0.00377566574999,0,0,0.0150878137567,0.0150878137567,0,0
stanford_bunny,Stanford Bunny,E3,A7_cgal_spatial_sort,external_cgal_spatial_sort,C4_hybrid,hybrid_occupancy,D0,clean,2.0,none,0.00377566574999,0.00377566574999,0,0,0.0150878137567,0.0150878137567,0,0
stanford_bunny,Stanford Bunny,E3,A7_cgal_spatial_sort,external_cgal_spatial_sort,C4_hybrid,hybrid_occupancy,D0,clean,3.0,none,0.00377566574999,0.00377566574999,0,0,0.0150878137567,0.0150878137567,0,0
stanford_bunny,Stanford Bunny,E3,A7_cgal_spatial_sort,external_cgal_spatial_sort,C4_hybrid,hybrid_occupancy,D0,clean,4.0,none,0.00377566574999,0.00377566574999,0,0,0.0150878137567,0.0150878137567,0,0
