runlist,dataset_id,dataset_label,geometry_id,expected_vertices,algorithm_id,method,bit_rule,bit_allocator,point_count,clean_point_count,contamination_id,contamination_mode,seed,frame_estimator,refinement,sort_seconds,output_hash,bits_axis,robust_fallback_used,miad,normalized_miad,m1_l1_locality,l1_locality,m1_l1_status,m1_l1_sampled,m1_l1_sample_size,m1_l1_sampled_status,m1_l2_locality,l2_locality,m1_l2_status,m1_l2_sampled,m1_l2_sample_size,m1_l2_sampled_status,recall_8_64,recall_8_64_status,recall_8_64_sampled,recall_8_64_sample_size,recall_8_64_sampled_status,peak_rss_kb,block_read_mean,block_read_p95,cache_references,cache_misses,cache_miss_rate,perf_status,kendall_tau_clean,frame_angle_rad
table_2_dataset_summary,stanford_bunny,Stanford Bunny,E3,35947,A0_input,input,C0_uniform,uniform,35947,35947,D0,clean,0,none,off,0.027451546979136765,dfe6c0c68a36623067550133ec1eb41f3022f477e66c0515ad997665dbd98dec,0 0 0,False,0.026628752713732756,0.10641028314502511,0.006718004700283612,,exact,0.006718004700283612,35947,exact,5.871167494444898e-20,,exact,5.871167494444898e-20,35947,exact,0.17836328483600858,exact,0.17836328483600858,35947,exact,30904.0,0.12392575660715448,0.1745991182023394,3027569,157774,0.05211243740439937,ok,1.0,
table_2_dataset_summary,stanford_bunny,Stanford Bunny,E3,35947,A0_input,input,C0_uniform,uniform,35947,35947,D0,clean,1,none,off,0.027480897027999163,dfe6c0c68a36623067550133ec1eb41f3022f477e66c0515ad997665dbd98dec,0 0 0,False,0.026628752713732756,0.10641028314502511,0.006718004700283612,,exact,0.006718004700283612,35947,exact,5.871167494444898e-20,,exact,5.871167494444898e-20,35947,exact,0.17836328483600858,exact,0.17836328483600858,35947,exact,101104.0,0.12392575660715448,0.1745991182023394,2577194,155181,0.0602131620669612,ok,1.0,
table_2_dataset_summary,stanford_bunny,Stanford Bunny,E3,35947,A0_input,input,C0_uniform,uniform,35947,35947,D0,clean,2,none,off,0.027740341029129922,dfe6c0c68a36623067550133ec1eb41f3022f477e66c0515ad997665dbd98dec,0 0 0,False,0.026628752713732756,0.10641028314502511,0.006718004700283612,,exact,0.006718004700283612,35947,exact,5.871167494444898e-20,,exact,5.871167494444898e-20,35947,exact,0.17836328483600858,exact,0.17836328483600858,35947,exact,118256.0,0.12392575660715448,0.1745991182023394,2766043,147621,0.05336901848597437,ok,1.0,
table_2_dataset_summary,stanford_bunny,Stanford Bunny,E3,35947,A0_input,input,C0_uniform,uniform,35947,35947,D0,clean,3,none,off,0.02776772598735988,dfe6c0c68a36623067550133ec1eb41f3022f477e66c0515ad997665dbd98dec,0 0 0,False,0.026628752713732756,0.10641028314502511,0.006718004700283612,,exact,0.006718004700283612,35947,exact,5.871167494444898e-20,,exact,5.871167494444898e-20,35947,exact,0.17836328483600858,exact,0.17836328483600858,35947,exact,134936.0,0.12392575660715448,0.1745991182023394,2517467,149205,0.05926790698746001,ok,1.0,
table_2_dataset_summary,stanford_bunny,Stanford Bunny,E3,35947,A0_input,input,C0_uniform,uniform,35947,35947,D0,clean,4,none,off,0.027739602024666965,dfe6c0c68a36623067550133ec1eb41f3022f477e66c0515ad997665dbd98dec,0 0 0,False,0.026628752713732756,0.10641028314502511,0.006718004700283612,,exact,0.006718004700283612,35947,exact,5.871167494444898e-20,,exact,5.871167494444898e-20,35947,exact,0.17836328483600858,exact,0.17836328483600858,35947,exact,150808.0,0.12392575660715448,0.1745991182023394,2692531,152356,0.05658467813369651,ok,1.0,
table_2_dataset_summary,stanford_bunny,Stanford Bunny,E3,35947,A1_lexicographic,lexicographic,C0_uniform,uniform,35947,35947,D0,clean,0,none,off,0.03118213906418532,670edc79463f87297bee199d5231369e38dc908488771a79c0aef6a9c533be02,0 0 0,False,0.05006466261035441,0.2000617520917743,0.005330869141644229,,exact,0.005330869141644229,35947,exact,6.671603329520886e-17,,exact,6.671603329520886e-17,35947,exact,0.14749492308120288,exact,0.14749492308120288,35947,exact,165656.0,0.11768597202035469,0.1662181553349092,2513632,165692,0.06591736578783211,ok,1.0,
table_2_dataset_summary,stanford_bunny,Stanford Bunny,E3,35947,A1_lexicographic,lexicographic,C0_uniform,uniform,35947,35947,D0,clean,1,none,off,0.030987528967671096,670edc79463f87297bee199d5231369e38dc908488771a79c0aef6a9c533be02,0 0 0,False,0.05006466261035441,0.2000617520917743,0.005330869141644229,,exact,0.005330869141644229,35947,exact,6.671603329520886e-17,,exact,6.671603329520886e-17,35947,exact,0.14749492308120288,exact,0.14749492308120288,35947,exact,166168.0,0.11768597202035469,0.1662181553349092,2463705,171719,0.06969949730182794,ok,1.0,
table_2_dataset_summary,stanford_bunny,Stanford Bunny,E3,35947,A1_lexicographic,lexicographic,C0_uniform,uniform,35947,35947,D0,clean,2,none,off,0.031168566085398197,670edc79463f87297bee199d5231369e38dc908488771a79c0aef6a9c533be02,0 0 0,False,0.05006466261035441,0.2000617520917743,0.005330869141644229,,exact,0.005330869141644229,35947,exact,6.671603329520886e-17,,exact,6.671603329520886e-17,35947,exact,0.14749492308120288,exact,0.14749492308120288,35947,exact,167192.0,0.11768597202035469,0.1662181553349092,2990820,162919,0.05447302077691068,ok,1.0,
table_2_dataset_summary,stanford_bunny,Stanford Bunny,E3,35947,A1_lexicographic,lexicographic,C0_uniform,uniform,35947,35947,D0,clean,3,none,off,0.03950969805009663,670edc79463f87297bee199d5231369e38dc908488771a79c0aef6a9c533be02,0 0 0,False,0.05006466261035441,0.2000617520917743,0.005330869141644229,,exact,0.005330869141644229,35947,exact,6.671603329520886e-17,,exact,6.671603329520886e-17,35947,exact,0.14749492308120288,exact,0.14749492308120288,35947,exact,168472.0,0.11768597202035469,0.1662181553349092,2773923,161121,0.05808416455683882,ok,1.0,
table_2_dataset_summary,stanford_bunny,Stanford Bunny,E3,35947,A1_lexicographic,lexicographic,C0_uniform,uniform,35947,35947,D0,clean,4,none,off,0.03139381599612534,670edc79463f87297bee199d5231369e38dc908488771a79c0aef6a9c533be02,0 0 0,False,0.05006466261035441,0.2000617520917743,0.005330869141644229,,exact,0.005330869141644229,35947,exact,6.671603329520886e-17,,exact,6.671603329520886e-17,35947,exact,0.14749492308120288,exact,0.14749492308120288,35947,exact,169496.0,0.11768597202035469,0.1662181553349092,2782900,164042,0.05894642279636351,ok,1.0,
table_2_dataset_summary,stanford_bunny,Stanford Bunny,E3,35947,A2_morton,morton,C0_uniform,uniform,35947,35947,D0,clean,0,none,off,0.04090725095011294,963e6ec7c6b4a81fbe4c6d4eb788495261ec5c349c050b25c421b9c868d0b455,10 10 10,False,0.0022215371796570293,0.008877411677738615,0.0030566133127342496,,exact,0.0030566133127342496,35947,exact,2.0014809988562656e-16,,exact,2.0014809988562656e-16,35947,exact,0.7803850112665869,exact,0.7803850112665869,35947,exact,170776.0,0.017052111610583988,0.03836168948026143,2618444,174818,0.06676407820827943,ok,1.0,
table_2_dataset_summary,stanford_bunny,Stanford Bunny,E3,35947,A2_morton,morton,C0_uniform,uniform,35947,35947,D0,clean,1,none,off,0.04100620106328279,963e6ec7c6b4a81fbe4c6d4eb788495261ec5c349c050b25c421b9c868d0b455,10 10 10,False,0.0022215371796570293,0.008877411677738615,0.0030566133127342496,,exact,0.0030566133127342496,35947,exact,2.0014809988562656e-16,,exact,2.0014809988562656e-16,35947,exact,0.7803850112665869,exact,0.7803850112665869,35947,exact,171800.0,0.017052111610583988,0.03836168948026143,2807159,166952,0.05947365289960419,ok,1.0,
table_2_dataset_summary,stanford_bunny,Stanford Bunny,E3,35947,A2_morton,morton,C0_uniform,uniform,35947,35947,D0,clean,2,none,off,0.042099360027350485,963e6ec7c6b4a81fbe4c6d4eb788495261ec5c349c050b25c421b9c868d0b455,10 10 10,False,0.0022215371796570293,0.008877411677738615,0.0030566133127342496,,exact,0.0030566133127342496,35947,exact,2.0014809988562656e-16,,exact,2.0014809988562656e-16,35947,exact,0.7803850112665869,exact,0.7803850112665869,35947,exact,172940.0,0.017052111610583988,0.03836168948026143,3131970,172823,0.055180285890350164,ok,1.0,
table_2_dataset_summary,stanford_bunny,Stanford Bunny,E3,35947,A2_morton,morton,C0_uniform,uniform,35947,35947,D0,clean,3,none,off,0.0418061800301075,963e6ec7c6b4a81fbe4c6d4eb788495261ec5c349c050b25c421b9c868d0b455,10 10 10,False,0.0022215371796570293,0.008877411677738615,0.0030566133127342496,,exact,0.0030566133127342496,35947,exact,2.0014809988562656e-16,,exact,2.0014809988562656e-16,35947,exact,0.7803850112665869,exact,0.7803850112665869,35947,exact,174028.0,0.017052111610583988,0.03836168948026143,2609465,163853,0.06279179831881247,ok,1.0,
table_2_dataset_summary,stanford_bunny,Stanford Bunny,E3,35947,A2_morton,morton,C0_uniform,uniform,35947,35947,D0,clean,4,none,off,0.042080151033587754,963e6ec7c6b4a81fbe4c6d4eb788495261ec5c349c050b25c421b9c868d0b455,10 10 10,False,0.0022215371796570293,0.008877411677738615,0.0030566133127342496,,exact,0.0030566133127342496,35947,exact,2.0014809988562656e-16,,exact,2.0014809988562656e-16,35947,exact,0.7803850112665869,exact,0.7803850112665869,35947,exact,177100.0,0.017052111610583988,0.03836168948026143,2506965,162405,0.06478151868893263,ok,1.0,
table_2_dataset_summary,stanford_bunny,Stanford Bunny,E3,35947,A2_morton,morton,C1_monotone_half,monotone_half,35947,35947,D0,clean,0,none,off,0.0419794738991186,f1c6978884cdfee04d162be521b719b395f3e1f90410acc6a688ba08b6f1fd5a,10 4 1,False,0.012936890099432769,0.051696681151227,0.004059522762984648,,exact,0.004059522762984648,35947,exact,2.0014809988562656e-16,,exact,2.0014809988562656e-16,35947,exact,0.2557132723175787,exact,0.2557132723175787,35947,exact,178380.0,0.06940079442115156,0.1012836470017248,3209397,164735,0.05132895681026685,ok,1.0,
table_2_dataset_summary,stanford_bunny,Stanford Bunny,E3,35947,A2_morton,morton,C1_monotone_half,monotone_half,35947,35947,D0,clean,1,none,off,0.0411979389609769,f1c6978884cdfee04d162be521b719b395f3e1f90410acc6a688ba08b6f1fd5a,10 4 1,False,0.012936890099432769,0.051696681151227,0.004059522762984648,,exact,0.004059522762984648,35947,exact,2.0014809988562656e-16,,exact,2.0014809988562656e-16,35947,exact,0.2557132723175787,exact,0.2557132723175787,35947,exact,179404.0,0.06940079442115156,0.1012836470017248,2652747,174383,0.06573676268411575,ok,1.0,
table_2_dataset_summary,stanford_bunny,Stanford Bunny,E3,35947,A2_morton,morton,C1_monotone_half,monotone_half,35947,35947,D0,clean,2,none,off,0.04073010594584048,f1c6978884cdfee04d162be521b719b395f3e1f90410acc6a688ba08b6f1fd5a,10 4 1,False,0.012936890099432769,0.051696681151227,0.004059522762984648,,exact,0.004059522762984648,35947,exact,2.0014809988562656e-16,,exact,2.0014809988562656e-16,35947,exact,0.2557132723175787,exact,0.2557132723175787,35947,exact,180684.0,0.06940079442115156,0.1012836470017248,2556818,172505,0.06746862701999125,ok,1.0,
table_2_dataset_summary,stanford_bunny,Stanford Bunny,E3,35947,A2_morton,morton,C1_monotone_half,monotone_half,35947,35947,D0,clean,3,none,off,0.04178552399389446,f1c6978884cdfee04d162be521b719b395f3e1f90410acc6a688ba08b6f1fd5a,10 4 1,False,0.012936890099432769,0.051696681151227,0.004059522762984648,,exact,0.004059522762984648,35947,exact,2.0014809988562656e-16,,exact,2.0014809988562656e-16,35947,exact,0.2557132723175787,exact,0.2557132723175787,35947,exact,181708.0,0.06940079442115156,0.1012836470017248,2656671,165341,0.06223615946423174,ok,1.0,
table_2_dataset_summary,stanford_bunny,Stanford Bunny,E3,35947,A2_morton,morton,C1_monotone_half,monotone_half,35947,35947,D0,clean,4,none,off,0.04153755493462086,f1c6978884cdfee04d162be521b719b395f3e1f90410acc6a688ba08b6f1fd5a,10 4 1,False,0.012936890099432769,0.051696681151227,0.004059522762984648,,exact,0.004059522762984648,35947,exact,2.0014809988562656e-16,,exact,2.0014809988562656e-16,35947,exact,0.2557132723175787,exact,0.2557132723175787,35947,exact,182732.0,0.06940079442115156,0.1012836470017248,2797625,161622,0.05777114516777624,ok,1.0,
table_2_dataset_summary,stanford_bunny,Stanford Bunny,E3,35947,A2_morton,morton,C2_occupancy_floor1,occupancy_floor1,35947,35947,D0,clean,0,none,off,0.04091869597323239,f59832e6be63845c56cef2c963144e687fbe3662574ce6125055c8805c5d266e,6 6 5,False,0.002254215638280138,0.00900799699174901,0.0028709151659636746,,exact,0.0028709151659636746,35947,exact,2.0014809988562656e-16,,exact,2.0014809988562656e-16,35947,exact,0.7828921745903692,exact,0.7828921745903692,35947,exact,184012.0,0.016462105452159866,0.03464686858072458,3432023,201931,0.058837309656724325,ok,1.0,
table_2_dataset_summary,stanford_bunny,Stanford Bunny,E3,35947,A2_morton,morton,C2_occupancy_floor1,occupancy_floor1,35947,35947,D0,clean,1,none,off,0.04109252605121583,f59832e6be63845c56cef2c963144e687fbe3662574ce6125055c8805c5d266e,6 6 5,False,0.002254215638280138,0.00900799699174901,0.0028709151659636746,,exact,0.0028709151659636746,35947,exact,2.0014809988562656e-16,,exact,2.0014809988562656e-16,35947,exact,0.7828921745903692,exact,0.7828921745903692,35947,exact,186740.0,0.016462105452159866,0.03464686858072458,2857906,161411,0.056478764521996176,ok,1.0,
table_2_dataset_summary,stanford_bunny,Stanford Bunny,E3,35947,A2_morton,morton,C2_occupancy_floor1,occupancy_floor1,35947,35947,D0,clean,2,none,off,0.04092685889918357,f59832e6be63845c56cef2c963144e687fbe3662574ce6125055c8805c5d266e,6 6 5,False,0.002254215638280138,0.00900799699174901,0.0028709151659636746,,exact,0.0028709151659636746,35947,exact,2.0014809988562656e-16,,exact,2.0014809988562656e-16,35947,exact,0.7828921745903692,exact,0.7828921745903692,35947,exact,188020.0,0.016462105452159866,0.03464686858072458,2617540,164937,0.06301221757833692,ok,1.0,
table_2_dataset_summary,stanford_bunny,Stanford Bunny,E3,35947,A2_morton,morton,C2_occupancy_floor1,occupancy_floor1,35947,35947,D0,clean,3,none,off,0.041192795033566654,f59832e6be63845c56cef2c963144e687fbe3662574ce6125055c8805c5d266e,6 6 5,False,0.002254215638280138,0.00900799699174901,0.0028709151659636746,,exact,0.0028709151659636746,35947,exact,2.0014809988562656e-16,,exact,2.0014809988562656e-16,35947,exact,0.7828921745903692,exact,0.7828921745903692,35947,exact,189140.0,0.016462105452159866,0.03464686858072458,2599965,165815,0.0637758585211724,ok,1.0,
table_2_dataset_summary,stanford_bunny,Stanford Bunny,E3,35947,A2_morton,morton,C2_occupancy_floor1,occupancy_floor1,35947,35947,D0,clean,4,none,off,0.04147115501109511,f59832e6be63845c56cef2c963144e687fbe3662574ce6125055c8805c5d266e,6 6 5,False,0.002254215638280138,0.00900799699174901,0.0028709151659636746,,exact,0.0028709151659636746,35947,exact,2.0014809988562656e-16,,exact,2.0014809988562656e-16,35947,exact,0.7828921745903692,exact,0.7828921745903692,35947,exact,190164.0,0.016462105452159866,0.03464686858072458,2956418,172819,0.05845553639573294,ok,1.0,
table_2_dataset_summary,stanford_bunny,Stanford Bunny,E3,35947,A2_morton,morton,C3_frame_core_occupancy,frame_core_occupancy,35947,35947,D0,clean,0,none,off,0.04139928298536688,f59832e6be63845c56cef2c963144e687fbe3662574ce6125055c8805c5d266e,6 6 5,False,0.002254215638280138,0.00900799699174901,0.0028709151659636746,,exact,0.0028709151659636746,35947,exact,2.0014809988562656e-16,,exact,2.0014809988562656e-16,35947,exact,0.7828921745903692,exact,0.7828921745903692,35947,exact,191212.0,0.016462105452159866,0.03464686858072458,2445748,163406,0.06681227992417861,ok,1.0,
table_2_dataset_summary,stanford_bunny,Stanford Bunny,E3,35947,A2_morton,morton,C3_frame_core_occupancy,frame_core_occupancy,35947,35947,D0,clean,1,none,off,0.04152609407901764,f59832e6be63845c56cef2c963144e687fbe3662574ce6125055c8805c5d266e,6 6 5,False,0.002254215638280138,0.00900799699174901,0.0028709151659636746,,exact,0.0028709151659636746,35947,exact,2.0014809988562656e-16,,exact,2.0014809988562656e-16,35947,exact,0.7828921745903692,exact,0.7828921745903692,35947,exact,192492.0,0.016462105452159866,0.03464686858072458,2800580,157612,0.05627834234337173,ok,1.0,
table_2_dataset_summary,stanford_bunny,Stanford Bunny,E3,35947,A2_morton,morton,C3_frame_core_occupancy,frame_core_occupancy,35947,35947,D0,clean,2,none,off,0.0410019860137254,f59832e6be63845c56cef2c963144e687fbe3662574ce6125055c8805c5d266e,6 6 5,False,0.002254215638280138,0.00900799699174901,0.0028709151659636746,,exact,0.0028709151659636746,35947,exact,2.0014809988562656e-16,,exact,2.0014809988562656e-16,35947,exact,0.7828921745903692,exact,0.7828921745903692,35947,exact,193772.0,0.016462105452159866,0.03464686858072458,2537732,166758,0.06571143052142622,ok,1.0,
table_2_dataset_summary,stanford_bunny,Stanford Bunny,E3,35947,A2_morton,morton,C3_frame_core_occupancy,frame_core_occupancy,35947,35947,D0,clean,3,none,off,0.041481205029413104,f59832e6be63845c56cef2c963144e687fbe3662574ce6125055c8805c5d266e,6 6 5,False,0.002254215638280138,0.00900799699174901,0.0028709151659636746,,exact,0.0028709151659636746,35947,exact,2.0014809988562656e-16,,exact,2.0014809988562656e-16,35947,exact,0.7828921745903692,exact,0.7828921745903692,35947,exact,195308.0,0.016462105452159866,0.03464686858072458,2648976,168027,0.0634309257615018,ok,1.0,
table_2_dataset_summary,stanford_bunny,Stanford Bunny,E3,35947,A2_morton,morton,C3_frame_core_occupancy,frame_core_occupancy,35947,35947,D0,clean,4,none,off,0.04134362004697323,f59832e6be63845c56cef2c963144e687fbe3662574ce6125055c8805c5d266e,6 6 5,False,0.002254215638280138,0.00900799699174901,0.0028709151659636746,,exact,0.0028709151659636746,35947,exact,2.0014809988562656e-16,,exact,2.0014809988562656e-16,35947,exact,0.7828921745903692,exact,0.7828921745903692,35947,exact,196588.0,0.016462105452159866,0.03464686858072458,3095806,169125,0.054630361204804176,ok,1.0,
table_2_dataset_summary,stanford_bunny,Stanford Bunny,E3,35947,A2_morton,morton,C4_hybrid,hybrid_occupancy,35947,35947,D0,clean,0,none,off,0.04128715593833476,f59832e6be63845c56cef2c963144e687fbe3662574ce6125055c8805c5d266e,6 6 5,False,0.002254215638280138,0.00900799699174901,0.0028709151659636746,,exact,0.0028709151659636746,35947,exact,2.0014809988562656e-16,,exact,2.0014809988562656e-16,35947,exact,0.7828921745903692,exact,0.7828921745903692,35947,exact,198124.0,0.016462105452159866,0.03464686858072458,2555835,164678,0.06443217187337993,ok,1.0,
table_2_dataset_summary,stanford_bunny,Stanford Bunny,E3,35947,A2_morton,morton,C4_hybrid,hybrid_occupancy,35947,35947,D0,clean,1,none,off,0.04184807697311044,f59832e6be63845c56cef2c963144e687fbe3662574ce6125055c8805c5d266e,6 6 5,False,0.002254215638280138,0.00900799699174901,0.0028709151659636746,,exact,0.0028709151659636746,35947,exact,2.0014809988562656e-16,,exact,2.0014809988562656e-16,35947,exact,0.7828921745903692,exact,0.7828921745903692,35947,exact,199284.0,0.016462105452159866,0.03464686858072458,2891958,169683,0.058674088627843145,ok,1.0,
table_2_dataset_summary,stanford_bunny,Stanford Bunny,E3,35947,A2_morton,morton,C4_hybrid,hybrid_occupancy,35947,35947,D0,clean,2,none,off,0.041011332999914885,f59832e6be63845c56cef2c963144e687fbe3662574ce6125055c8805c5d266e,6 6 5,False,0.002254215638280138,0.00900799699174901,0.0028709151659636746,,exact,0.0028709151659636746,35947,exact,2.0014809988562656e-16,,exact,2.0014809988562656e-16,35947,exact,0.7828921745903692,exact,0.7828921745903692,35947,exact,200740.0,0.016462105452159866,0.03464686858072458,3254001,160808,0.04941854658311414,ok,1.0,
table_2_dataset_summary,stanford_bunny,Stanford Bunny,E3,35947,A2_morton,morton,C4_hybrid,hybrid_occupancy,35947,35947,D0,clean,3,none,off,0.040840066969394684,f59832e6be63845c56cef2c963144e687fbe3662574ce6125055c8805c5d266e,6 6 5,False,0.002254215638280138,0.00900799699174901,0.0028709151659636746,,exact,0.0028709151659636746,35947,exact,2.0014809988562656e-16,,exact,2.0014809988562656e-16,35947,exact,0.7828921745903692,exact,0.7828921745903692,35947,exact,202276.0,0.016462105452159866,0.03464686858072458,2699841,164809,0.06104396518165329,ok,1.0,
table_2_dataset_summary,stanford_bunny,Stanford Bunny,E3,35947,A2_morton,morton,C4_hybrid,hybrid_occupancy,35947,35947,D0,clean,4,none,off,0.04722623899579048,f59832e6be63845c56cef2c963144e687fbe3662574ce6125055c8805c5d266e,6 6 5,False,0.002254215638280138,0.00900799699174901,0.0028709151659636746,,exact,0.0028709151659636746,35947,exact,2.0014809988562656e-16,,exact,2.0014809988562656e-16,35947,exact,0.7828921745903692,exact,0.7828921745903692,35947,exact,203556.0,0.016462105452159866,0.03464686858072458,2746469,166519,0.06063021282963689,ok,1.0,
table_2_dataset_summary,stanford_bunny,Stanford Bunny,E3,35947,A3_isotropic_hilbert,isotropic_hilbert,C0_uniform,uniform,35947,35947,D0,clean,0,none,off,0.04409729293547571,10b9b91b967d08b49fa0664bb9f074d1af7917f8aceaf31a41a553c5796e7bc2,10 10 10,False,0.001851919939506953,0.007400396377680311,0.0005698003753994064,,exact,0.0005698003753994064,35947,exact,2.0014809988562656e-16,,exact,2.0014809988562656e-16,35947,exact,0.7816681503324339,exact,0.7816681503324339,35947,exact,205092.0,0.014054489738766012,0.02802838573530235,2856972,163893,0.05736598048563304,ok,1.0,
table_2_dataset_summary,stanford_bunny,Stanford Bunny,E3,35947,A3_isotropic_hilbert,isotropic_hilbert,C0_uniform,uniform,35947,35947,D0,clean,1,none,off,0.043879803037270904,10b9b91b967d08b49fa0664bb9f074d1af7917f8aceaf31a41a553c5796e7bc2,10 10 10,False,0.001851919939506953,0.007400396377680311,0.0005698003753994064,,exact,0.0005698003753994064,35947,exact,2.0014809988562656e-16,,exact,2.0014809988562656e-16,35947,exact,0.7816681503324339,exact,0.7816681503324339,35947,exact,206372.0,0.014054489738766012,0.02802838573530235,2592270,166311,0.06415651147449919,ok,1.0,
table_2_dataset_summary,stanford_bunny,Stanford Bunny,E3,35947,A3_isotropic_hilbert,isotropic_hilbert,C0_uniform,uniform,35947,35947,D0,clean,2,none,off,0.04380280792247504,10b9b91b967d08b49fa0664bb9f074d1af7917f8aceaf31a41a553c5796e7bc2,10 10 10,False,0.001851919939506953,0.007400396377680311,0.0005698003753994064,,exact,0.0005698003753994064,35947,exact,2.0014809988562656e-16,,exact,2.0014809988562656e-16,35947,exact,0.7816681503324339,exact,0.7816681503324339,35947,exact,207652.0,0.014054489738766012,0.02802838573530235,2792744,166703,0.059691471900038096,ok,1.0,
table_2_dataset_summary,stanford_bunny,Stanford Bunny,E3,35947,A3_isotropic_hilbert,isotropic_hilbert,C0_uniform,uniform,35947,35947,D0,clean,3,none,off,0.04408418794628233,10b9b91b967d08b49fa0664bb9f074d1af7917f8aceaf31a41a553c5796e7bc2,10 10 10,False,0.001851919939506953,0.007400396377680311,0.0005698003753994064,,exact,0.0005698003753994064,35947,exact,2.0014809988562656e-16,,exact,2.0014809988562656e-16,35947,exact,0.7816681503324339,exact,0.7816681503324339,35947,exact,209188.0,0.014054489738766012,0.02802838573530235,2598083,165027,0.06351875594428662,ok,1.0,
table_2_dataset_summary,stanford_bunny,Stanford Bunny,E3,35947,A3_isotropic_hilbert,isotropic_hilbert,C0_uniform,uniform,35947,35947,D0,clean,4,none,off,0.04378689802251756,10b9b91b967d08b49fa0664bb9f074d1af7917f8aceaf31a41a553c5796e7bc2,10 10 10,False,0.001851919939506953,0.007400396377680311,0.0005698003753994064,,exact,0.0005698003753994064,35947,exact,2.0014809988562656e-16,,exact,2.0014809988562656e-16,35947,exact,0.7816681503324339,exact,0.7816681503324339,35947,exact,210724.0,0.014054489738766012,0.02802838573530235,2447811,165242,0.06750602885598603,ok,1.0,
table_2_dataset_summary,stanford_bunny,Stanford Bunny,E3,35947,A3_isotropic_hilbert,isotropic_hilbert,C1_monotone_half,monotone_half,35947,35947,D0,clean,0,none,off,0.043682395946234465,10b9b91b967d08b49fa0664bb9f074d1af7917f8aceaf31a41a553c5796e7bc2,10 10 10,False,0.001851919939506953,0.007400396377680311,0.0005698003753994064,,exact,0.0005698003753994064,35947,exact,2.0014809988562656e-16,,exact,2.0014809988562656e-16,35947,exact,0.7816681503324339,exact,0.7816681503324339,35947,exact,212004.0,0.014054489738766012,0.02802838573530235,2593271,172352,0.06646123756445045,ok,1.0,
table_2_dataset_summary,stanford_bunny,Stanford Bunny,E3,35947,A3_isotropic_hilbert,isotropic_hilbert,C1_monotone_half,monotone_half,35947,35947,D0,clean,1,none,off,0.04409508698154241,10b9b91b967d08b49fa0664bb9f074d1af7917f8aceaf31a41a553c5796e7bc2,10 10 10,False,0.001851919939506953,0.007400396377680311,0.0005698003753994064,,exact,0.0005698003753994064,35947,exact,2.0014809988562656e-16,,exact,2.0014809988562656e-16,35947,exact,0.7816681503324339,exact,0.7816681503324339,35947,exact,213536.0,0.014054489738766012,0.02802838573530235,2799123,169522,0.06056254048142936,ok,1.0,
table_2_dataset_summary,stanford_bunny,Stanford Bunny,E3,35947,A3_isotropic_hilbert,isotropic_hilbert,C1_monotone_half,monotone_half,35947,35947,D0,clean,2,none,off,0.043889355030842125,10b9b91b967d08b49fa0664bb9f074d1af7917f8aceaf31a41a553c5796e7bc2,10 10 10,False,0.001851919939506953,0.007400396377680311,0.0005698003753994064,,exact,0.0005698003753994064,35947,exact,2.0014809988562656e-16,,exact,2.0014809988562656e-16,35947,exact,0.7816681503324339,exact,0.7816681503324339,35947,exact,214780.0,0.014054489738766012,0.02802838573530235,2401277,160979,0.0670389130450173,ok,1.0,
table_2_dataset_summary,stanford_bunny,Stanford Bunny,E3,35947,A3_isotropic_hilbert,isotropic_hilbert,C1_monotone_half,monotone_half,35947,35947,D0,clean,3,none,off,0.04370265197940171,10b9b91b967d08b49fa0664bb9f074d1af7917f8aceaf31a41a553c5796e7bc2,10 10 10,False,0.001851919939506953,0.007400396377680311,0.0005698003753994064,,exact,0.0005698003753994064,35947,exact,2.0014809988562656e-16,,exact,2.0014809988562656e-16,35947,exact,0.7816681503324339,exact,0.7816681503324339,35947,exact,216316.0,0.014054489738766012,0.02802838573530235,3034386,164946,0.05435893785431385,ok,1.0,
table_2_dataset_summary,stanford_bunny,Stanford Bunny,E3,35947,A3_isotropic_hilbert,isotropic_hilbert,C1_monotone_half,monotone_half,35947,35947,D0,clean,4,none,off,0.04364699590951204,10b9b91b967d08b49fa0664bb9f074d1af7917f8aceaf31a41a553c5796e7bc2,10 10 10,False,0.001851919939506953,0.007400396377680311,0.0005698003753994064,,exact,0.0005698003753994064,35947,exact,2.0014809988562656e-16,,exact,2.0014809988562656e-16,35947,exact,0.7816681503324339,exact,0.7816681503324339,35947,exact,217852.0,0.014054489738766012,0.02802838573530235,2551969,174413,0.06834448224096766,ok,1.0,
table_2_dataset_summary,stanford_bunny,Stanford Bunny,E3,35947,A3_isotropic_hilbert,isotropic_hilbert,C2_occupancy_floor1,occupancy_floor1,35947,35947,D0,clean,0,none,off,0.04401370300911367,10b9b91b967d08b49fa0664bb9f074d1af7917f8aceaf31a41a553c5796e7bc2,10 10 10,False,0.001851919939506953,0.007400396377680311,0.0005698003753994064,,exact,0.0005698003753994064,35947,exact,2.0014809988562656e-16,,exact,2.0014809988562656e-16,35947,exact,0.7816681503324339,exact,0.7816681503324339,35947,exact,219132.0,0.014054489738766012,0.02802838573530235,2544265,164119,0.06450546621519378,ok,1.0,
table_2_dataset_summary,stanford_bunny,Stanford Bunny,E3,35947,A3_isotropic_hilbert,isotropic_hilbert,C2_occupancy_floor1,occupancy_floor1,35947,35947,D0,clean,1,none,off,0.04403048101812601,10b9b91b967d08b49fa0664bb9f074d1af7917f8aceaf31a41a553c5796e7bc2,10 10 10,False,0.001851919939506953,0.007400396377680311,0.0005698003753994064,,exact,0.0005698003753994064,35947,exact,2.0014809988562656e-16,,exact,2.0014809988562656e-16,35947,exact,0.7816681503324339,exact,0.7816681503324339,35947,exact,220668.0,0.014054489738766012,0.02802838573530235,2857002,165597,0.057961807517110595,ok,1.0,
table_2_dataset_summary,stanford_bunny,Stanford Bunny,E3,35947,A3_isotropic_hilbert,isotropic_hilbert,C2_occupancy_floor1,occupancy_floor1,35947,35947,D0,clean,2,none,off,0.0439232139615342,10b9b91b967d08b49fa0664bb9f074d1af7917f8aceaf31a41a553c5796e7bc2,10 10 10,False,0.001851919939506953,0.007400396377680311,0.0005698003753994064,,exact,0.0005698003753994064,35947,exact,2.0014809988562656e-16,,exact,2.0014809988562656e-16,35947,exact,0.7816681503324339,exact,0.7816681503324339,35947,exact,221948.0,0.014054489738766012,0.02802838573530235,2874033,168116,0.05849480503529361,ok,1.0,
table_2_dataset_summary,stanford_bunny,Stanford Bunny,E3,35947,A3_isotropic_hilbert,isotropic_hilbert,C2_occupancy_floor1,occupancy_floor1,35947,35947,D0,clean,3,none,off,0.04435221594758332,10b9b91b967d08b49fa0664bb9f074d1af7917f8aceaf31a41a553c5796e7bc2,10 10 10,False,0.001851919939506953,0.007400396377680311,0.0005698003753994064,,exact,0.0005698003753994064,35947,exact,2.0014809988562656e-16,,exact,2.0014809988562656e-16,35947,exact,0.7816681503324339,exact,0.7816681503324339,35947,exact,223484.0,0.014054489738766012,0.02802838573530235,3006508,161594,0.05374806918857359,ok,1.0,
table_2_dataset_summary,stanford_bunny,Stanford Bunny,E3,35947,A3_isotropic_hilbert,isotropic_hilbert,C2_occupancy_floor1,occupancy_floor1,35947,35947,D0,clean,4,none,off,0.04486916703172028,10b9b91b967d08b49fa0664bb9f074d1af7917f8aceaf31a41a553c5796e7bc2,10 10 10,False,0.001851919939506953,0.007400396377680311,0.0005698003753994064,,exact,0.0005698003753994064,35947,exact,2.0014809988562656e-16,,exact,2.0014809988562656e-16,35947,exact,0.7816681503324339,exact,0.7816681503324339,35947,exact,224652.0,0.014054489738766012,0.02802838573530235,3410300,169822,0.04979679207107879,ok,1.0,
table_2_dataset_summary,stanford_bunny,Stanford Bunny,E3,35947,A3_isotropic_hilbert,isotropic_hilbert,C3_frame_core_occupancy,frame_core_occupancy,35947,35947,D0,clean,0,none,off,0.044081073021516204,10b9b91b967d08b49fa0664bb9f074d1af7917f8aceaf31a41a553c5796e7bc2,10 10 10,False,0.001851919939506953,0.007400396377680311,0.0005698003753994064,,exact,0.0005698003753994064,35947,exact,2.0014809988562656e-16,,exact,2.0014809988562656e-16,35947,exact,0.7816681503324339,exact,0.7816681503324339,35947,exact,226172.0,0.014054489738766012,0.02802838573530235,3181180,162744,0.05115837519411036,ok,1.0,
table_2_dataset_summary,stanford_bunny,Stanford Bunny,E3,35947,A3_isotropic_hilbert,isotropic_hilbert,C3_frame_core_occupancy,frame_core_occupancy,35947,35947,D0,clean,1,none,off,0.043712808983400464,10b9b91b967d08b49fa0664bb9f074d1af7917f8aceaf31a41a553c5796e7bc2,10 10 10,False,0.001851919939506953,0.007400396377680311,0.0005698003753994064,,exact,0.0005698003753994064,35947,exact,2.0014809988562656e-16,,exact,2.0014809988562656e-16,35947,exact,0.7816681503324339,exact,0.7816681503324339,35947,exact,227708.0,0.014054489738766012,0.02802838573530235,2786925,169595,0.060853808408909464,ok,1.0,
table_2_dataset_summary,stanford_bunny,Stanford Bunny,E3,35947,A3_isotropic_hilbert,isotropic_hilbert,C3_frame_core_occupancy,frame_core_occupancy,35947,35947,D0,clean,2,none,off,0.04396396304946393,10b9b91b967d08b49fa0664bb9f074d1af7917f8aceaf31a41a553c5796e7bc2,10 10 10,False,0.001851919939506953,0.007400396377680311,0.0005698003753994064,,exact,0.0005698003753994064,35947,exact,2.0014809988562656e-16,,exact,2.0014809988562656e-16,35947,exact,0.7816681503324339,exact,0.7816681503324339,35947,exact,228960.0,0.014054489738766012,0.02802838573530235,3232171,164468,0.050884684009602214,ok,1.0,
table_2_dataset_summary,stanford_bunny,Stanford Bunny,E3,35947,A3_isotropic_hilbert,isotropic_hilbert,C3_frame_core_occupancy,frame_core_occupancy,35947,35947,D0,clean,3,none,off,0.04371526499744505,10b9b91b967d08b49fa0664bb9f074d1af7917f8aceaf31a41a553c5796e7bc2,10 10 10,False,0.001851919939506953,0.007400396377680311,0.0005698003753994064,,exact,0.0005698003753994064,35947,exact,2.0014809988562656e-16,,exact,2.0014809988562656e-16,35947,exact,0.7816681503324339,exact,0.7816681503324339,35947,exact,231008.0,0.014054489738766012,0.02802838573530235,3162607,168597,0.05330950067460168,ok,1.0,
table_2_dataset_summary,stanford_bunny,Stanford Bunny,E3,35947,A3_isotropic_hilbert,isotropic_hilbert,C3_frame_core_occupancy,frame_core_occupancy,35947,35947,D0,clean,4,none,off,0.043464767979457974,10b9b91b967d08b49fa0664bb9f074d1af7917f8aceaf31a41a553c5796e7bc2,10 10 10,False,0.001851919939506953,0.007400396377680311,0.0005698003753994064,,exact,0.0005698003753994064,35947,exact,2.0014809988562656e-16,,exact,2.0014809988562656e-16,35947,exact,0.7816681503324339,exact,0.7816681503324339,35947,exact,232288.0,0.014054489738766012,0.02802838573530235,2691533,174938,0.06499567346935743,ok,1.0,
table_2_dataset_summary,stanford_bunny,Stanford Bunny,E3,35947,A3_isotropic_hilbert,isotropic_hilbert,C4_hybrid,hybrid_occupancy,35947,35947,D0,clean,0,none,off,0.042921486077830195,10b9b91b967d08b49fa0664bb9f074d1af7917f8aceaf31a41a553c5796e7bc2,10 10 10,False,0.001851919939506953,0.007400396377680311,0.0005698003753994064,,exact,0.0005698003753994064,35947,exact,2.0014809988562656e-16,,exact,2.0014809988562656e-16,35947,exact,0.7816681503324339,exact,0.7816681503324339,35947,exact,233824.0,0.014054489738766012,0.02802838573530235,2529104,167172,0.06609929840765741,ok,1.0,
table_2_dataset_summary,stanford_bunny,Stanford Bunny,E3,35947,A3_isotropic_hilbert,isotropic_hilbert,C4_hybrid,hybrid_occupancy,35947,35947,D0,clean,1,none,off,0.043690833961591125,10b9b91b967d08b49fa0664bb9f074d1af7917f8aceaf31a41a553c5796e7bc2,10 10 10,False,0.001851919939506953,0.007400396377680311,0.0005698003753994064,,exact,0.0005698003753994064,35947,exact,2.0014809988562656e-16,,exact,2.0014809988562656e-16,35947,exact,0.7816681503324339,exact,0.7816681503324339,35947,exact,235104.0,0.014054489738766012,0.02802838573530235,2704639,166843,0.06168771507029219,ok,1.0,
table_2_dataset_summary,stanford_bunny,Stanford Bunny,E3,35947,A3_isotropic_hilbert,isotropic_hilbert,C4_hybrid,hybrid_occupancy,35947,35947,D0,clean,2,none,off,0.043604903970845044,10b9b91b967d08b49fa0664bb9f074d1af7917f8aceaf31a41a553c5796e7bc2,10 10 10,False,0.001851919939506953,0.007400396377680311,0.0005698003753994064,,exact,0.0005698003753994064,35947,exact,2.0014809988562656e-16,,exact,2.0014809988562656e-16,35947,exact,0.7816681503324339,exact,0.7816681503324339,35947,exact,236896.0,0.014054489738766012,0.02802838573530235,3276431,166811,0.050912410485677864,ok,1.0,
table_2_dataset_summary,stanford_bunny,Stanford Bunny,E3,35947,A3_isotropic_hilbert,isotropic_hilbert,C4_hybrid,hybrid_occupancy,35947,35947,D0,clean,3,none,off,0.04319951497018337,10b9b91b967d08b49fa0664bb9f074d1af7917f8aceaf31a41a553c5796e7bc2,10 10 10,False,0.001851919939506953,0.007400396377680311,0.0005698003753994064,,exact,0.0005698003753994064,35947,exact,2.0014809988562656e-16,,exact,2.0014809988562656e-16,35947,exact,0.7816681503324339,exact,0.7816681503324339,35947,exact,238176.0,0.014054489738766012,0.02802838573530235,3075216,165089,0.05368370872159874,ok,1.0,
table_2_dataset_summary,stanford_bunny,Stanford Bunny,E3,35947,A3_isotropic_hilbert,isotropic_hilbert,C4_hybrid,hybrid_occupancy,35947,35947,D0,clean,4,none,off,0.043764335103332996,10b9b91b967d08b49fa0664bb9f074d1af7917f8aceaf31a41a553c5796e7bc2,10 10 10,False,0.001851919939506953,0.007400396377680311,0.0005698003753994064,,exact,0.0005698003753994064,35947,exact,2.0014809988562656e-16,,exact,2.0014809988562656e-16,35947,exact,0.7816681503324339,exact,0.7816681503324339,35947,exact,239456.0,0.014054489738766012,0.02802838573530235,2908175,180459,0.06205231803450618,ok,1.0,
table_2_dataset_summary,stanford_bunny,Stanford Bunny,E3,35947,A4_compact_hilbert_aabb,compact_hilbert_aabb,C0_uniform,uniform,35947,35947,D0,clean,0,none,off,0.044170925044454634,607a8647569bae1773448b58d42e2122657159a242624d410e991f3fd2433300,10 10 10,False,0.001851919939506953,0.007400396377680311,0.0005698003753994064,,exact,0.0005698003753994064,35947,exact,2.0014809988562656e-16,,exact,2.0014809988562656e-16,35947,exact,0.7816681503324339,exact,0.7816681503324339,35947,exact,240820.0,0.014054489738766012,0.02802838573530235,2671090,169826,0.06357928785626842,ok,1.0,
table_2_dataset_summary,stanford_bunny,Stanford Bunny,E3,35947,A4_compact_hilbert_aabb,compact_hilbert_aabb,C0_uniform,uniform,35947,35947,D0,clean,1,none,off,0.04442119796294719,607a8647569bae1773448b58d42e2122657159a242624d410e991f3fd2433300,10 10 10,False,0.001851919939506953,0.007400396377680311,0.0005698003753994064,,exact,0.0005698003753994064,35947,exact,2.0014809988562656e-16,,exact,2.0014809988562656e-16,35947,exact,0.7816681503324339,exact,0.7816681503324339,35947,exact,242164.0,0.014054489738766012,0.02802838573530235,2641051,172818,0.06543531344150491,ok,1.0,
table_2_dataset_summary,stanford_bunny,Stanford Bunny,E3,35947,A4_compact_hilbert_aabb,compact_hilbert_aabb,C0_uniform,uniform,35947,35947,D0,clean,2,none,off,0.043994146049954,607a8647569bae1773448b58d42e2122657159a242624d410e991f3fd2433300,10 10 10,False,0.001851919939506953,0.007400396377680311,0.0005698003753994064,,exact,0.0005698003753994064,35947,exact,2.0014809988562656e-16,,exact,2.0014809988562656e-16,35947,exact,0.7816681503324339,exact,0.7816681503324339,35947,exact,243640.0,0.014054489738766012,0.02802838573530235,2864919,164961,0.05757963837721067,ok,1.0,
table_2_dataset_summary,stanford_bunny,Stanford Bunny,E3,35947,A4_compact_hilbert_aabb,compact_hilbert_aabb,C0_uniform,uniform,35947,35947,D0,clean,3,none,off,0.044136709067970514,607a8647569bae1773448b58d42e2122657159a242624d410e991f3fd2433300,10 10 10,False,0.001851919939506953,0.007400396377680311,0.0005698003753994064,,exact,0.0005698003753994064,35947,exact,2.0014809988562656e-16,,exact,2.0014809988562656e-16,35947,exact,0.7816681503324339,exact,0.7816681503324339,35947,exact,245096.0,0.014054489738766012,0.02802838573530235,2780314,163916,0.05895593087687218,ok,1.0,
table_2_dataset_summary,stanford_bunny,Stanford Bunny,E3,35947,A4_compact_hilbert_aabb,compact_hilbert_aabb,C0_uniform,uniform,35947,35947,D0,clean,4,none,off,0.04380974103696644,607a8647569bae1773448b58d42e2122657159a242624d410e991f3fd2433300,10 10 10,False,0.001851919939506953,0.007400396377680311,0.0005698003753994064,,exact,0.0005698003753994064,35947,exact,2.0014809988562656e-16,,exact,2.0014809988562656e-16,35947,exact,0.7816681503324339,exact,0.7816681503324339,35947,exact,246936.0,0.014054489738766012,0.02802838573530235,2583338,174234,0.06744529751817223,ok,1.0,
table_2_dataset_summary,stanford_bunny,Stanford Bunny,E3,35947,A4_compact_hilbert_aabb,compact_hilbert_aabb,C1_monotone_half,monotone_half,35947,35947,D0,clean,0,none,off,0.04425754793919623,6434af4e4d8360f45cbb55cc9f10ac58b2408b2223ceabcd93aeead60fc6af5c,10 4 1,False,0.012933479987236766,0.05168305411400772,0.0009095456205890981,,exact,0.0009095456205890981,35947,exact,2.0014809988562656e-16,,exact,2.0014809988562656e-16,35947,exact,0.27364940050630093,exact,0.27364940050630093,35947,exact,248216.0,0.06452427380419845,0.0960725612439889,2729793,166295,0.06091853851189449,ok,1.0,
table_2_dataset_summary,stanford_bunny,Stanford Bunny,E3,35947,A4_compact_hilbert_aabb,compact_hilbert_aabb,C1_monotone_half,monotone_half,35947,35947,D0,clean,1,none,off,0.04364059597719461,6434af4e4d8360f45cbb55cc9f10ac58b2408b2223ceabcd93aeead60fc6af5c,10 4 1,False,0.012933479987236766,0.05168305411400772,0.0009095456205890981,,exact,0.0009095456205890981,35947,exact,2.0014809988562656e-16,,exact,2.0014809988562656e-16,35947,exact,0.27364940050630093,exact,0.27364940050630093,35947,exact,249496.0,0.06452427380419845,0.0960725612439889,2871113,162821,0.05671006330994287,ok,1.0,
table_2_dataset_summary,stanford_bunny,Stanford Bunny,E3,35947,A4_compact_hilbert_aabb,compact_hilbert_aabb,C1_monotone_half,monotone_half,35947,35947,D0,clean,2,none,off,0.04392382700461894,6434af4e4d8360f45cbb55cc9f10ac58b2408b2223ceabcd93aeead60fc6af5c,10 4 1,False,0.012933479987236766,0.05168305411400772,0.0009095456205890981,,exact,0.0009095456205890981,35947,exact,2.0014809988562656e-16,,exact,2.0014809988562656e-16,35947,exact,0.27364940050630093,exact,0.27364940050630093,35947,exact,251032.0,0.06452427380419845,0.0960725612439889,2957755,171780,0.058077832680529656,ok,1.0,
table_2_dataset_summary,stanford_bunny,Stanford Bunny,E3,35947,A4_compact_hilbert_aabb,compact_hilbert_aabb,C1_monotone_half,monotone_half,35947,35947,D0,clean,3,none,off,0.043798731989227235,6434af4e4d8360f45cbb55cc9f10ac58b2408b2223ceabcd93aeead60fc6af5c,10 4 1,False,0.012933479987236766,0.05168305411400772,0.0009095456205890981,,exact,0.0009095456205890981,35947,exact,2.0014809988562656e-16,,exact,2.0014809988562656e-16,35947,exact,0.27364940050630093,exact,0.27364940050630093,35947,exact,252312.0,0.06452427380419845,0.0960725612439889,2709446,163544,0.06036067889893358,ok,1.0,
table_2_dataset_summary,stanford_bunny,Stanford Bunny,E3,35947,A4_compact_hilbert_aabb,compact_hilbert_aabb,C1_monotone_half,monotone_half,35947,35947,D0,clean,4,none,off,0.04400154703762382,6434af4e4d8360f45cbb55cc9f10ac58b2408b2223ceabcd93aeead60fc6af5c,10 4 1,False,0.012933479987236766,0.05168305411400772,0.0009095456205890981,,exact,0.0009095456205890981,35947,exact,2.0014809988562656e-16,,exact,2.0014809988562656e-16,35947,exact,0.27364940050630093,exact,0.27364940050630093,35947,exact,253336.0,0.06452427380419845,0.0960725612439889,3150366,174870,0.05550783623236157,ok,1.0,
table_2_dataset_summary,stanford_bunny,Stanford Bunny,E3,35947,A4_compact_hilbert_aabb,compact_hilbert_aabb,C2_occupancy_floor1,occupancy_floor1,35947,35947,D0,clean,0,none,off,0.042391765979118645,1fec535d169c39f7c4e5150fd3f4eeddd410b5126ebdf0e0844885632ebbcae5,6 6 5,False,0.002144659350665899,0.00857020271311061,0.0006086340313419005,,exact,0.0006086340313419005,35947,exact,2.0014809988562656e-16,,exact,2.0014809988562656e-16,35947,exact,0.7821932289203549,exact,0.7821932289203549,35947,exact,254572.0,0.01399885707774524,0.026835957583080577,2846318,170263,0.05981868505205673,ok,1.0,
table_2_dataset_summary,stanford_bunny,Stanford Bunny,E3,35947,A4_compact_hilbert_aabb,compact_hilbert_aabb,C2_occupancy_floor1,occupancy_floor1,35947,35947,D0,clean,1,none,off,0.041987027041614056,1fec535d169c39f7c4e5150fd3f4eeddd410b5126ebdf0e0844885632ebbcae5,6 6 5,False,0.002144659350665899,0.00857020271311061,0.0006086340313419005,,exact,0.0006086340313419005,35947,exact,2.0014809988562656e-16,,exact,2.0014809988562656e-16,35947,exact,0.7821932289203549,exact,0.7821932289203549,35947,exact,256332.0,0.01399885707774524,0.026835957583080577,2473620,164648,0.06656155755532378,ok,1.0,
table_2_dataset_summary,stanford_bunny,Stanford Bunny,E3,35947,A4_compact_hilbert_aabb,compact_hilbert_aabb,C2_occupancy_floor1,occupancy_floor1,35947,35947,D0,clean,2,none,off,0.042486696038395166,1fec535d169c39f7c4e5150fd3f4eeddd410b5126ebdf0e0844885632ebbcae5,6 6 5,False,0.002144659350665899,0.00857020271311061,0.0006086340313419005,,exact,0.0006086340313419005,35947,exact,2.0014809988562656e-16,,exact,2.0014809988562656e-16,35947,exact,0.7821932289203549,exact,0.7821932289203549,35947,exact,257616.0,0.01399885707774524,0.026835957583080577,2788139,167070,0.05992168970054936,ok,1.0,
table_2_dataset_summary,stanford_bunny,Stanford Bunny,E3,35947,A4_compact_hilbert_aabb,compact_hilbert_aabb,C2_occupancy_floor1,occupancy_floor1,35947,35947,D0,clean,3,none,off,0.04289694398175925,1fec535d169c39f7c4e5150fd3f4eeddd410b5126ebdf0e0844885632ebbcae5,6 6 5,False,0.002144659350665899,0.00857020271311061,0.0006086340313419005,,exact,0.0006086340313419005,35947,exact,2.0014809988562656e-16,,exact,2.0014809988562656e-16,35947,exact,0.7821932289203549,exact,0.7821932289203549,35947,exact,259172.0,0.01399885707774524,0.026835957583080577,2739612,164035,0.0598752670086129,ok,1.0,
table_2_dataset_summary,stanford_bunny,Stanford Bunny,E3,35947,A4_compact_hilbert_aabb,compact_hilbert_aabb,C2_occupancy_floor1,occupancy_floor1,35947,35947,D0,clean,4,none,off,0.04258580494206399,1fec535d169c39f7c4e5150fd3f4eeddd410b5126ebdf0e0844885632ebbcae5,6 6 5,False,0.002144659350665899,0.00857020271311061,0.0006086340313419005,,exact,0.0006086340313419005,35947,exact,2.0014809988562656e-16,,exact,2.0014809988562656e-16,35947,exact,0.7821932289203549,exact,0.7821932289203549,35947,exact,260740.0,0.01399885707774524,0.026835957583080577,3059304,162740,0.05319510581491738,ok,1.0,
table_2_dataset_summary,stanford_bunny,Stanford Bunny,E3,35947,A5_pca_compact_hilbert,pca_compact_hilbert,C0_uniform,uniform,35947,35947,D0,clean,0,sample_covariance,off,0.044904242968186736,19d7605a5532cdda350442585be63b0ca66fd692dddf25897c7c2909420c5108,10 10 10,False,0.0019532823470515023,0.007805447361593443,0.00046983645472387726,,exact,0.00046983645472387726,35947,exact,2.0014809988562656e-16,,exact,2.0014809988562656e-16,35947,exact,0.76819345147022,exact,0.76819345147022,35947,exact,262276.0,0.014972626602176863,0.02856188114200463,2801017,166840,0.059564079761029655,ok,1.0,0.0
table_2_dataset_summary,stanford_bunny,Stanford Bunny,E3,35947,A5_pca_compact_hilbert,pca_compact_hilbert,C0_uniform,uniform,35947,35947,D0,clean,1,sample_covariance,off,0.044776856899261475,19d7605a5532cdda350442585be63b0ca66fd692dddf25897c7c2909420c5108,10 10 10,False,0.0019532823470515023,0.007805447361593443,0.00046983645472387726,,exact,0.00046983645472387726,35947,exact,2.0014809988562656e-16,,exact,2.0014809988562656e-16,35947,exact,0.76819345147022,exact,0.76819345147022,35947,exact,263556.0,0.014972626602176863,0.02856188114200463,2707823,162996,0.06019448095388805,ok,1.0,0.0
table_2_dataset_summary,stanford_bunny,Stanford Bunny,E3,35947,A5_pca_compact_hilbert,pca_compact_hilbert,C0_uniform,uniform,35947,35947,D0,clean,2,sample_covariance,off,0.045005677035078406,19d7605a5532cdda350442585be63b0ca66fd692dddf25897c7c2909420c5108,10 10 10,False,0.0019532823470515023,0.007805447361593443,0.00046983645472387726,,exact,0.00046983645472387726,35947,exact,2.0014809988562656e-16,,exact,2.0014809988562656e-16,35947,exact,0.76819345147022,exact,0.76819345147022,35947,exact,265092.0,0.014972626602176863,0.02856188114200463,2466869,165383,0.06704166293386475,ok,1.0,0.0
table_2_dataset_summary,stanford_bunny,Stanford Bunny,E3,35947,A5_pca_compact_hilbert,pca_compact_hilbert,C0_uniform,uniform,35947,35947,D0,clean,3,sample_covariance,off,0.04483026103116572,19d7605a5532cdda350442585be63b0ca66fd692dddf25897c7c2909420c5108,10 10 10,False,0.0019532823470515023,0.007805447361593443,0.00046983645472387726,,exact,0.00046983645472387726,35947,exact,2.0014809988562656e-16,,exact,2.0014809988562656e-16,35947,exact,0.76819345147022,exact,0.76819345147022,35947,exact,266372.0,0.014972626602176863,0.02856188114200463,2958107,165487,0.055943547681000044,ok,1.0,0.0
table_2_dataset_summary,stanford_bunny,Stanford Bunny,E3,35947,A5_pca_compact_hilbert,pca_compact_hilbert,C0_uniform,uniform,35947,35947,D0,clean,4,sample_covariance,off,0.04483768390491605,19d7605a5532cdda350442585be63b0ca66fd692dddf25897c7c2909420c5108,10 10 10,False,0.0019532823470515023,0.007805447361593443,0.00046983645472387726,,exact,0.00046983645472387726,35947,exact,2.0014809988562656e-16,,exact,2.0014809988562656e-16,35947,exact,0.76819345147022,exact,0.76819345147022,35947,exact,267652.0,0.014972626602176863,0.02856188114200463,3232067,166430,0.051493363225452934,ok,1.0,0.0
table_2_dataset_summary,stanford_bunny,Stanford Bunny,E3,35947,A5_pca_compact_hilbert,pca_compact_hilbert,C1_monotone_half,monotone_half,35947,35947,D0,clean,0,sample_covariance,off,0.04478581703733653,c1a17d93e53a3deec155deedf073dd71ab9d9483197b1f66eca48b70ab880b97,10 4 1,False,0.012743395161524491,0.0509234623921174,0.0009777130703280074,,exact,0.0009777130703280074,35947,exact,2.0014809988562656e-16,,exact,2.0014809988562656e-16,35947,exact,0.29327899407460983,exact,0.29327899407460983,35947,exact,268984.0,0.061515264906591205,0.09715151399103363,2431438,167031,0.06869638460861432,ok,1.0,0.0
table_2_dataset_summary,stanford_bunny,Stanford Bunny,E3,35947,A5_pca_compact_hilbert,pca_compact_hilbert,C1_monotone_half,monotone_half,35947,35947,D0,clean,1,sample_covariance,off,0.04469999298453331,c1a17d93e53a3deec155deedf073dd71ab9d9483197b1f66eca48b70ab880b97,10 4 1,False,0.012743395161524491,0.0509234623921174,0.0009777130703280074,,exact,0.0009777130703280074,35947,exact,2.0014809988562656e-16,,exact,2.0014809988562656e-16,35947,exact,0.29327899407460983,exact,0.29327899407460983,35947,exact,270656.0,0.061515264906591205,0.09715151399103363,2620812,162083,0.061844573361233085,ok,1.0,0.0
table_2_dataset_summary,stanford_bunny,Stanford Bunny,E3,35947,A5_pca_compact_hilbert,pca_compact_hilbert,C1_monotone_half,monotone_half,35947,35947,D0,clean,2,sample_covariance,off,0.04506928299088031,c1a17d93e53a3deec155deedf073dd71ab9d9483197b1f66eca48b70ab880b97,10 4 1,False,0.012743395161524491,0.0509234623921174,0.0009777130703280074,,exact,0.0009777130703280074,35947,exact,2.0014809988562656e-16,,exact,2.0014809988562656e-16,35947,exact,0.29327899407460983,exact,0.29327899407460983,35947,exact,271744.0,0.061515264906591205,0.09715151399103363,2457122,159370,0.06486043428043052,ok,1.0,0.0
table_2_dataset_summary,stanford_bunny,Stanford Bunny,E3,35947,A5_pca_compact_hilbert,pca_compact_hilbert,C1_monotone_half,monotone_half,35947,35947,D0,clean,3,sample_covariance,off,0.04464920505415648,c1a17d93e53a3deec155deedf073dd71ab9d9483197b1f66eca48b70ab880b97,10 4 1,False,0.012743395161524491,0.0509234623921174,0.0009777130703280074,,exact,0.0009777130703280074,35947,exact,2.0014809988562656e-16,,exact,2.0014809988562656e-16,35947,exact,0.29327899407460983,exact,0.29327899407460983,35947,exact,273360.0,0.061515264906591205,0.09715151399103363,2835009,170126,0.060008980571137516,ok,1.0,0.0
table_2_dataset_summary,stanford_bunny,Stanford Bunny,E3,35947,A5_pca_compact_hilbert,pca_compact_hilbert,C1_monotone_half,monotone_half,35947,35947,D0,clean,4,sample_covariance,off,0.04439052101224661,c1a17d93e53a3deec155deedf073dd71ab9d9483197b1f66eca48b70ab880b97,10 4 1,False,0.012743395161524491,0.0509234623921174,0.0009777130703280074,,exact,0.0009777130703280074,35947,exact,2.0014809988562656e-16,,exact,2.0014809988562656e-16,35947,exact,0.29327899407460983,exact,0.29327899407460983,35947,exact,274704.0,0.061515264906591205,0.09715151399103363,3098848,174062,0.05616990571980297,ok,1.0,0.0
table_2_dataset_summary,stanford_bunny,Stanford Bunny,E3,35947,A5_pca_compact_hilbert,pca_compact_hilbert,C2_occupancy_floor1,occupancy_floor1,35947,35947,D0,clean,0,sample_covariance,off,0.04315290891099721,cae04f6d2a64fe35e7ebd7de4f30df3d9a2e90a77da3474c4cc63dfc544d230d,6 6 5,False,0.002204504068244657,0.008809346221285727,0.0003710466267529863,,exact,0.0003710466267529863,35947,exact,2.0014809988562656e-16,,exact,2.0014809988562656e-16,35947,exact,0.7743622555428826,exact,0.7743622555428826,35947,exact,276560.0,0.014597792590150569,0.029894049563123762,2691815,168896,0.06274428220364327,ok,1.0,0.0
table_2_dataset_summary,stanford_bunny,Stanford Bunny,E3,35947,A5_pca_compact_hilbert,pca_compact_hilbert,C2_occupancy_floor1,occupancy_floor1,35947,35947,D0,clean,1,sample_covariance,off,0.044002069043926895,cae04f6d2a64fe35e7ebd7de4f30df3d9a2e90a77da3474c4cc63dfc544d230d,6 6 5,False,0.002204504068244657,0.008809346221285727,0.0003710466267529863,,exact,0.0003710466267529863,35947,exact,2.0014809988562656e-16,,exact,2.0014809988562656e-16,35947,exact,0.7743622555428826,exact,0.7743622555428826,35947,exact,277840.0,0.014597792590150569,0.029894049563123762,2949519,170928,0.05795114389837801,ok,1.0,0.0
table_2_dataset_summary,stanford_bunny,Stanford Bunny,E3,35947,A5_pca_compact_hilbert,pca_compact_hilbert,C2_occupancy_floor1,occupancy_floor1,35947,35947,D0,clean,2,sample_covariance,off,0.04315920697990805,cae04f6d2a64fe35e7ebd7de4f30df3d9a2e90a77da3474c4cc63dfc544d230d,6 6 5,False,0.002204504068244657,0.008809346221285727,0.0003710466267529863,,exact,0.0003710466267529863,35947,exact,2.0014809988562656e-16,,exact,2.0014809988562656e-16,35947,exact,0.7743622555428826,exact,0.7743622555428826,35947,exact,279120.0,0.014597792590150569,0.029894049563123762,2889790,169215,0.05855615805992823,ok,1.0,0.0
table_2_dataset_summary,stanford_bunny,Stanford Bunny,E3,35947,A5_pca_compact_hilbert,pca_compact_hilbert,C2_occupancy_floor1,occupancy_floor1,35947,35947,D0,clean,3,sample_covariance,off,0.04345891799312085,cae04f6d2a64fe35e7ebd7de4f30df3d9a2e90a77da3474c4cc63dfc544d230d,6 6 5,False,0.002204504068244657,0.008809346221285727,0.0003710466267529863,,exact,0.0003710466267529863,35947,exact,2.0014809988562656e-16,,exact,2.0014809988562656e-16,35947,exact,0.7743622555428826,exact,0.7743622555428826,35947,exact,280448.0,0.014597792590150569,0.029894049563123762,3008909,164806,0.05477267674097156,ok,1.0,0.0
table_2_dataset_summary,stanford_bunny,Stanford Bunny,E3,35947,A5_pca_compact_hilbert,pca_compact_hilbert,C2_occupancy_floor1,occupancy_floor1,35947,35947,D0,clean,4,sample_covariance,off,0.04340327298268676,cae04f6d2a64fe35e7ebd7de4f30df3d9a2e90a77da3474c4cc63dfc544d230d,6 6 5,False,0.002204504068244657,0.008809346221285727,0.0003710466267529863,,exact,0.0003710466267529863,35947,exact,2.0014809988562656e-16,,exact,2.0014809988562656e-16,35947,exact,0.7743622555428826,exact,0.7743622555428826,35947,exact,282024.0,0.014597792590150569,0.029894049563123762,3026464,163806,0.05412454930902862,ok,1.0,0.0
table_2_dataset_summary,stanford_bunny,Stanford Bunny,E3,35947,A5_pca_compact_hilbert,pca_compact_hilbert,C3_frame_core_occupancy,frame_core_occupancy,35947,35947,D0,clean,0,sample_covariance,off,0.04380936408415437,689b5de9a47326664324eb0a1ede730488a637a3d25c35dbed4ecce4bd2e05c9,6 5 5,False,0.0022512536932058807,0.008996160860428854,0.00022246451105262761,,exact,0.00022246451105262761,35947,exact,2.0014809988562656e-16,,exact,2.0014809988562656e-16,35947,exact,0.7775231590953348,exact,0.7775231590953348,35947,exact,283420.0,0.014315132731705744,0.027520087469337737,2793175,161526,0.05782881487912501,ok,1.0,0.0
table_2_dataset_summary,stanford_bunny,Stanford Bunny,E3,35947,A5_pca_compact_hilbert,pca_compact_hilbert,C3_frame_core_occupancy,frame_core_occupancy,35947,35947,D0,clean,1,sample_covariance,off,0.043572182999923825,689b5de9a47326664324eb0a1ede730488a637a3d25c35dbed4ecce4bd2e05c9,6 5 5,False,0.0022512536932058807,0.008996160860428854,0.00022246451105262761,,exact,0.00022246451105262761,35947,exact,2.0014809988562656e-16,,exact,2.0014809988562656e-16,35947,exact,0.7775231590953348,exact,0.7775231590953348,35947,exact,284736.0,0.014315132731705744,0.027520087469337737,2871583,167612,0.05836919914904079,ok,1.0,0.0
table_2_dataset_summary,stanford_bunny,Stanford Bunny,E3,35947,A5_pca_compact_hilbert,pca_compact_hilbert,C3_frame_core_occupancy,frame_core_occupancy,35947,35947,D0,clean,2,sample_covariance,off,0.04367920197546482,689b5de9a47326664324eb0a1ede730488a637a3d25c35dbed4ecce4bd2e05c9,6 5 5,False,0.0022512536932058807,0.008996160860428854,0.00022246451105262761,,exact,0.00022246451105262761,35947,exact,2.0014809988562656e-16,,exact,2.0014809988562656e-16,35947,exact,0.7775231590953348,exact,0.7775231590953348,35947,exact,286436.0,0.014315132731705744,0.027520087469337737,2963545,171785,0.057966050793897175,ok,1.0,0.0
table_2_dataset_summary,stanford_bunny,Stanford Bunny,E3,35947,A5_pca_compact_hilbert,pca_compact_hilbert,C3_frame_core_occupancy,frame_core_occupancy,35947,35947,D0,clean,3,sample_covariance,off,0.04346420196816325,689b5de9a47326664324eb0a1ede730488a637a3d25c35dbed4ecce4bd2e05c9,6 5 5,False,0.0022512536932058807,0.008996160860428854,0.00022246451105262761,,exact,0.00022246451105262761,35947,exact,2.0014809988562656e-16,,exact,2.0014809988562656e-16,35947,exact,0.7775231590953348,exact,0.7775231590953348,35947,exact,287732.0,0.014315132731705744,0.027520087469337737,2726385,161464,0.05922274366973116,ok,1.0,0.0
table_2_dataset_summary,stanford_bunny,Stanford Bunny,E3,35947,A5_pca_compact_hilbert,pca_compact_hilbert,C3_frame_core_occupancy,frame_core_occupancy,35947,35947,D0,clean,4,sample_covariance,off,0.0430034160381183,689b5de9a47326664324eb0a1ede730488a637a3d25c35dbed4ecce4bd2e05c9,6 5 5,False,0.0022512536932058807,0.008996160860428854,0.00022246451105262761,,exact,0.00022246451105262761,35947,exact,2.0014809988562656e-16,,exact,2.0014809988562656e-16,35947,exact,0.7775231590953348,exact,0.7775231590953348,35947,exact,289172.0,0.014315132731705744,0.027520087469337737,2877280,171208,0.05950341989656898,ok,1.0,0.0
table_2_dataset_summary,stanford_bunny,Stanford Bunny,E3,35947,A5_pca_compact_hilbert,pca_compact_hilbert,C4_hybrid,hybrid_occupancy,35947,35947,D0,clean,0,sample_covariance,off,0.04426811099983752,cae04f6d2a64fe35e7ebd7de4f30df3d9a2e90a77da3474c4cc63dfc544d230d,6 6 5,False,0.002204504068244657,0.008809346221285727,0.0003710466267529863,,exact,0.0003710466267529863,35947,exact,2.0014809988562656e-16,,exact,2.0014809988562656e-16,35947,exact,0.7743622555428826,exact,0.7743622555428826,35947,exact,290980.0,0.014597792590150569,0.029894049563123762,3053407,161849,0.05300603555307235,ok,1.0,0.0
table_2_dataset_summary,stanford_bunny,Stanford Bunny,E3,35947,A5_pca_compact_hilbert,pca_compact_hilbert,C4_hybrid,hybrid_occupancy,35947,35947,D0,clean,1,sample_covariance,off,0.04334766010288149,cae04f6d2a64fe35e7ebd7de4f30df3d9a2e90a77da3474c4cc63dfc544d230d,6 6 5,False,0.002204504068244657,0.008809346221285727,0.0003710466267529863,,exact,0.0003710466267529863,35947,exact,2.0014809988562656e-16,,exact,2.0014809988562656e-16,35947,exact,0.7743622555428826,exact,0.7743622555428826,35947,exact,292260.0,0.014597792590150569,0.029894049563123762,2952622,174936,0.059247678842737066,ok,1.0,0.0
table_2_dataset_summary,stanford_bunny,Stanford Bunny,E3,35947,A5_pca_compact_hilbert,pca_compact_hilbert,C4_hybrid,hybrid_occupancy,35947,35947,D0,clean,2,sample_covariance,off,0.04338849394116551,cae04f6d2a64fe35e7ebd7de4f30df3d9a2e90a77da3474c4cc63dfc544d230d,6 6 5,False,0.002204504068244657,0.008809346221285727,0.0003710466267529863,,exact,0.0003710466267529863,35947,exact,2.0014809988562656e-16,,exact,2.0014809988562656e-16,35947,exact,0.7743622555428826,exact,0.7743622555428826,35947,exact,293796.0,0.014597792590150569,0.029894049563123762,3431659,177443,0.051707643445925135,ok,1.0,0.0
table_2_dataset_summary,stanford_bunny,Stanford Bunny,E3,35947,A5_pca_compact_hilbert,pca_compact_hilbert,C4_hybrid,hybrid_occupancy,35947,35947,D0,clean,3,sample_covariance,off,0.04359813092742115,cae04f6d2a64fe35e7ebd7de4f30df3d9a2e90a77da3474c4cc63dfc544d230d,6 6 5,False,0.002204504068244657,0.008809346221285727,0.0003710466267529863,,exact,0.0003710466267529863,35947,exact,2.0014809988562656e-16,,exact,2.0014809988562656e-16,35947,exact,0.7743622555428826,exact,0.7743622555428826,35947,exact,295076.0,0.014597792590150569,0.029894049563123762,4659634,162005,0.03476775214534017,ok,1.0,0.0
table_2_dataset_summary,stanford_bunny,Stanford Bunny,E3,35947,A5_pca_compact_hilbert,pca_compact_hilbert,C4_hybrid,hybrid_occupancy,35947,35947,D0,clean,4,sample_covariance,off,0.04398570698685944,cae04f6d2a64fe35e7ebd7de4f30df3d9a2e90a77da3474c4cc63dfc544d230d,6 6 5,False,0.002204504068244657,0.008809346221285727,0.0003710466267529863,,exact,0.0003710466267529863,35947,exact,2.0014809988562656e-16,,exact,2.0014809988562656e-16,35947,exact,0.7743622555428826,exact,0.7743622555428826,35947,exact,296356.0,0.014597792590150569,0.029894049563123762,2668045,167314,0.06271033659477258,ok,1.0,0.0
table_2_dataset_summary,stanford_bunny,Stanford Bunny,E3,35947,A5b_robust_frame_morton,robust_frame_morton,C0_uniform,uniform,35947,35947,D0,clean,0,det_mcd,off,0.4560907909180969,90e8033a0f652641a615dfb5bbab3be36b2a59c3d15c0f7fbf5824f862e645b8,10 10 10,False,0.0023209942302951305,0.009274848727567522,0.005538093484584518,,exact,0.005538093484584518,35947,exact,2.0014809988562656e-16,,exact,2.0014809988562656e-16,35947,exact,0.7712222160402815,exact,0.7712222160402815,35947,exact,297876.0,0.018443315646341,0.040601631871268425,2993584,163631,0.054660567400146444,ok,1.0,0.0
table_2_dataset_summary,stanford_bunny,Stanford Bunny,E3,35947,A5b_robust_frame_morton,robust_frame_morton,C0_uniform,uniform,35947,35947,D0,clean,1,det_mcd,off,0.45809219498187304,90e8033a0f652641a615dfb5bbab3be36b2a59c3d15c0f7fbf5824f862e645b8,10 10 10,False,0.0023209942302951305,0.009274848727567522,0.005538093484584518,,exact,0.005538093484584518,35947,exact,2.0014809988562656e-16,,exact,2.0014809988562656e-16,35947,exact,0.7712222160402815,exact,0.7712222160402815,35947,exact,299156.0,0.018443315646341,0.040601631871268425,2596290,168483,0.06489375223877147,ok,1.0,0.0
table_2_dataset_summary,stanford_bunny,Stanford Bunny,E3,35947,A5b_robust_frame_morton,robust_frame_morton,C0_uniform,uniform,35947,35947,D0,clean,2,det_mcd,off,0.45967475103680044,90e8033a0f652641a615dfb5bbab3be36b2a59c3d15c0f7fbf5824f862e645b8,10 10 10,False,0.0023209942302951305,0.009274848727567522,0.005538093484584518,,exact,0.005538093484584518,35947,exact,2.0014809988562656e-16,,exact,2.0014809988562656e-16,35947,exact,0.7712222160402815,exact,0.7712222160402815,35947,exact,300680.0,0.018443315646341,0.040601631871268425,3022787,171502,0.056736382682603836,ok,1.0,0.0
table_2_dataset_summary,stanford_bunny,Stanford Bunny,E3,35947,A5b_robust_frame_morton,robust_frame_morton,C0_uniform,uniform,35947,35947,D0,clean,3,det_mcd,off,0.45931984996423125,90e8033a0f652641a615dfb5bbab3be36b2a59c3d15c0f7fbf5824f862e645b8,10 10 10,False,0.0023209942302951305,0.009274848727567522,0.005538093484584518,,exact,0.005538093484584518,35947,exact,2.0014809988562656e-16,,exact,2.0014809988562656e-16,35947,exact,0.7712222160402815,exact,0.7712222160402815,35947,exact,302024.0,0.018443315646341,0.040601631871268425,2692582,169061,0.06278768854578988,ok,1.0,0.0
table_2_dataset_summary,stanford_bunny,Stanford Bunny,E3,35947,A5b_robust_frame_morton,robust_frame_morton,C0_uniform,uniform,35947,35947,D0,clean,4,det_mcd,off,0.46069622796494514,90e8033a0f652641a615dfb5bbab3be36b2a59c3d15c0f7fbf5824f862e645b8,10 10 10,False,0.0023209942302951305,0.009274848727567522,0.005538093484584518,,exact,0.005538093484584518,35947,exact,2.0014809988562656e-16,,exact,2.0014809988562656e-16,35947,exact,0.7712222160402815,exact,0.7712222160402815,35947,exact,303412.0,0.018443315646341,0.040601631871268425,2354226,171416,0.07281204098502013,ok,1.0,0.0
table_2_dataset_summary,stanford_bunny,Stanford Bunny,E3,35947,A5b_robust_frame_morton,robust_frame_morton,C1_monotone_half,monotone_half,35947,35947,D0,clean,0,det_mcd,off,0.46137032902333885,e709ca85265953645e771f9d152d75962cbe6ebb3d6bd1aee9acd6bcdb384a80,10 4 1,False,0.011058798974755138,0.04419170296101528,0.002611016761401221,,exact,0.002611016761401221,35947,exact,2.0014809988562656e-16,,exact,2.0014809988562656e-16,35947,exact,0.2674736417503547,exact,0.2674736417503547,35947,exact,304940.0,0.06882528666057174,0.09980418630942091,2567159,167457,0.0652304746219459,ok,1.0,0.0
table_2_dataset_summary,stanford_bunny,Stanford Bunny,E3,35947,A5b_robust_frame_morton,robust_frame_morton,C1_monotone_half,monotone_half,35947,35947,D0,clean,1,det_mcd,off,0.45843219792004675,e709ca85265953645e771f9d152d75962cbe6ebb3d6bd1aee9acd6bcdb384a80,10 4 1,False,0.011058798974755138,0.04419170296101528,0.002611016761401221,,exact,0.002611016761401221,35947,exact,2.0014809988562656e-16,,exact,2.0014809988562656e-16,35947,exact,0.2674736417503547,exact,0.2674736417503547,35947,exact,306432.0,0.06882528666057174,0.09980418630942091,2424310,171437,0.07071579129731759,ok,1.0,0.0
table_2_dataset_summary,stanford_bunny,Stanford Bunny,E3,35947,A5b_robust_frame_morton,robust_frame_morton,C1_monotone_half,monotone_half,35947,35947,D0,clean,2,det_mcd,off,0.4601513569941744,e709ca85265953645e771f9d152d75962cbe6ebb3d6bd1aee9acd6bcdb384a80,10 4 1,False,0.011058798974755138,0.04419170296101528,0.002611016761401221,,exact,0.002611016761401221,35947,exact,2.0014809988562656e-16,,exact,2.0014809988562656e-16,35947,exact,0.2674736417503547,exact,0.2674736417503547,35947,exact,307968.0,0.06882528666057174,0.09980418630942091,2811932,170192,0.06052493445787451,ok,1.0,0.0
table_2_dataset_summary,stanford_bunny,Stanford Bunny,E3,35947,A5b_robust_frame_morton,robust_frame_morton,C1_monotone_half,monotone_half,35947,35947,D0,clean,3,det_mcd,off,0.46057680202648044,e709ca85265953645e771f9d152d75962cbe6ebb3d6bd1aee9acd6bcdb384a80,10 4 1,False,0.011058798974755138,0.04419170296101528,0.002611016761401221,,exact,0.002611016761401221,35947,exact,2.0014809988562656e-16,,exact,2.0014809988562656e-16,35947,exact,0.2674736417503547,exact,0.2674736417503547,35947,exact,309760.0,0.06882528666057174,0.09980418630942091,2743992,173836,0.06335149665159373,ok,1.0,0.0
table_2_dataset_summary,stanford_bunny,Stanford Bunny,E3,35947,A5b_robust_frame_morton,robust_frame_morton,C1_monotone_half,monotone_half,35947,35947,D0,clean,4,det_mcd,off,0.461586624966003,e709ca85265953645e771f9d152d75962cbe6ebb3d6bd1aee9acd6bcdb384a80,10 4 1,False,0.011058798974755138,0.04419170296101528,0.002611016761401221,,exact,0.002611016761401221,35947,exact,2.0014809988562656e-16,,exact,2.0014809988562656e-16,35947,exact,0.2674736417503547,exact,0.2674736417503547,35947,exact,310784.0,0.06882528666057174,0.09980418630942091,2861047,167978,0.05871207288800219,ok,1.0,0.0
table_2_dataset_summary,stanford_bunny,Stanford Bunny,E3,35947,A5b_robust_frame_morton,robust_frame_morton,C2_occupancy_floor1,occupancy_floor1,35947,35947,D0,clean,0,det_mcd,off,0.4600965800927952,b32025f1a286033fc76483a8b4da71fcbded231e675ac5702ca8a38cff813757,6 6 5,False,0.0023576305163388422,0.009421249785596914,0.004661818562648293,,exact,0.004661818562648293,35947,exact,2.0014809988562656e-16,,exact,2.0014809988562656e-16,35947,exact,0.7742892313684034,exact,0.7742892313684034,35947,exact,312216.0,0.01707525614202648,0.037336861843224045,2704963,162791,0.060182338908147726,ok,1.0,0.0
table_2_dataset_summary,stanford_bunny,Stanford Bunny,E3,35947,A5b_robust_frame_morton,robust_frame_morton,C2_occupancy_floor1,occupancy_floor1,35947,35947,D0,clean,1,det_mcd,off,0.4620326650328934,b32025f1a286033fc76483a8b4da71fcbded231e675ac5702ca8a38cff813757,6 6 5,False,0.0023576305163388422,0.009421249785596914,0.004661818562648293,,exact,0.004661818562648293,35947,exact,2.0014809988562656e-16,,exact,2.0014809988562656e-16,35947,exact,0.7742892313684034,exact,0.7742892313684034,35947,exact,313500.0,0.01707525614202648,0.037336861843224045,2805566,161601,0.05760014200343175,ok,1.0,0.0
table_2_dataset_summary,stanford_bunny,Stanford Bunny,E3,35947,A5b_robust_frame_morton,robust_frame_morton,C2_occupancy_floor1,occupancy_floor1,35947,35947,D0,clean,2,det_mcd,off,0.460761162918061,b32025f1a286033fc76483a8b4da71fcbded231e675ac5702ca8a38cff813757,6 6 5,False,0.0023576305163388422,0.009421249785596914,0.004661818562648293,,exact,0.004661818562648293,35947,exact,2.0014809988562656e-16,,exact,2.0014809988562656e-16,35947,exact,0.7742892313684034,exact,0.7742892313684034,35947,exact,315020.0,0.01707525614202648,0.037336861843224045,2573716,161091,0.06259082198657505,ok,1.0,0.0
table_2_dataset_summary,stanford_bunny,Stanford Bunny,E3,35947,A5b_robust_frame_morton,robust_frame_morton,C2_occupancy_floor1,occupancy_floor1,35947,35947,D0,clean,3,det_mcd,off,0.4636046598898247,b32025f1a286033fc76483a8b4da71fcbded231e675ac5702ca8a38cff813757,6 6 5,False,0.0023576305163388422,0.009421249785596914,0.004661818562648293,,exact,0.004661818562648293,35947,exact,2.0014809988562656e-16,,exact,2.0014809988562656e-16,35947,exact,0.7742892313684034,exact,0.7742892313684034,35947,exact,316632.0,0.01707525614202648,0.037336861843224045,2971097,168298,0.056645070827374536,ok,1.0,0.0
table_2_dataset_summary,stanford_bunny,Stanford Bunny,E3,35947,A5b_robust_frame_morton,robust_frame_morton,C2_occupancy_floor1,occupancy_floor1,35947,35947,D0,clean,4,det_mcd,off,0.46216169302351773,b32025f1a286033fc76483a8b4da71fcbded231e675ac5702ca8a38cff813757,6 6 5,False,0.0023576305163388422,0.009421249785596914,0.004661818562648293,,exact,0.004661818562648293,35947,exact,2.0014809988562656e-16,,exact,2.0014809988562656e-16,35947,exact,0.7742892313684034,exact,0.7742892313684034,35947,exact,317964.0,0.01707525614202648,0.037336861843224045,3235628,169033,0.052241172347377386,ok,1.0,0.0
table_2_dataset_summary,stanford_bunny,Stanford Bunny,E3,35947,A5b_robust_frame_morton,robust_frame_morton,C3_frame_core_occupancy,frame_core_occupancy,35947,35947,D0,clean,0,det_mcd,off,0.46238694805651903,c223b1fb16d90ead0461589a6279bf1cd84515fe471c3945870701736d632997,6 5 5,False,0.002436816624551498,0.009737682788924019,0.0018311377420350992,,exact,0.0018311377420350992,35947,exact,2.0014809988562656e-16,,exact,2.0014809988562656e-16,35947,exact,0.7743205274431803,exact,0.7743205274431803,35947,exact,319768.0,0.017013162591079645,0.03732628351282779,2459710,165316,0.06720954909318579,ok,1.0,0.0
table_2_dataset_summary,stanford_bunny,Stanford Bunny,E3,35947,A5b_robust_frame_morton,robust_frame_morton,C3_frame_core_occupancy,frame_core_occupancy,35947,35947,D0,clean,1,det_mcd,off,0.4627447909442708,c223b1fb16d90ead0461589a6279bf1cd84515fe471c3945870701736d632997,6 5 5,False,0.002436816624551498,0.009737682788924019,0.0018311377420350992,,exact,0.0018311377420350992,35947,exact,2.0014809988562656e-16,,exact,2.0014809988562656e-16,35947,exact,0.7743205274431803,exact,0.7743205274431803,35947,exact,321048.0,0.017013162591079645,0.03732628351282779,2802579,167990,0.05994121842774102,ok,1.0,0.0
table_2_dataset_summary,stanford_bunny,Stanford Bunny,E3,35947,A5b_robust_frame_morton,robust_frame_morton,C3_frame_core_occupancy,frame_core_occupancy,35947,35947,D0,clean,2,det_mcd,off,0.4583337380317971,c223b1fb16d90ead0461589a6279bf1cd84515fe471c3945870701736d632997,6 5 5,False,0.002436816624551498,0.009737682788924019,0.0018311377420350992,,exact,0.0018311377420350992,35947,exact,2.0014809988562656e-16,,exact,2.0014809988562656e-16,35947,exact,0.7743205274431803,exact,0.7743205274431803,35947,exact,322692.0,0.017013162591079645,0.03732628351282779,2483607,182366,0.07342788130328189,ok,1.0,0.0
table_2_dataset_summary,stanford_bunny,Stanford Bunny,E3,35947,A5b_robust_frame_morton,robust_frame_morton,C3_frame_core_occupancy,frame_core_occupancy,35947,35947,D0,clean,3,det_mcd,off,0.4597220430150628,c223b1fb16d90ead0461589a6279bf1cd84515fe471c3945870701736d632997,6 5 5,False,0.002436816624551498,0.009737682788924019,0.0018311377420350992,,exact,0.0018311377420350992,35947,exact,2.0014809988562656e-16,,exact,2.0014809988562656e-16,35947,exact,0.7743205274431803,exact,0.7743205274431803,35947,exact,323972.0,0.017013162591079645,0.03732628351282779,2552464,162317,0.06359227789304765,ok,1.0,0.0
table_2_dataset_summary,stanford_bunny,Stanford Bunny,E3,35947,A5b_robust_frame_morton,robust_frame_morton,C3_frame_core_occupancy,frame_core_occupancy,35947,35947,D0,clean,4,det_mcd,off,0.46155620994977653,c223b1fb16d90ead0461589a6279bf1cd84515fe471c3945870701736d632997,6 5 5,False,0.002436816624551498,0.009737682788924019,0.0018311377420350992,,exact,0.0018311377420350992,35947,exact,2.0014809988562656e-16,,exact,2.0014809988562656e-16,35947,exact,0.7743205274431803,exact,0.7743205274431803,35947,exact,324996.0,0.017013162591079645,0.03732628351282779,2423902,165166,0.06814054363584006,ok,1.0,0.0
table_2_dataset_summary,stanford_bunny,Stanford Bunny,E3,35947,A5b_robust_frame_morton,robust_frame_morton,C4_hybrid,hybrid_occupancy,35947,35947,D0,clean,0,det_mcd,off,0.45932293601799756,b32025f1a286033fc76483a8b4da71fcbded231e675ac5702ca8a38cff813757,6 6 5,False,0.0023576305163388422,0.009421249785596914,0.004661818562648293,,exact,0.004661818562648293,35947,exact,2.0014809988562656e-16,,exact,2.0014809988562656e-16,35947,exact,0.7742892313684034,exact,0.7742892313684034,35947,exact,326272.0,0.01707525614202648,0.037336861843224045,2470353,164457,0.06657226720229861,ok,1.0,0.0
table_2_dataset_summary,stanford_bunny,Stanford Bunny,E3,35947,A5b_robust_frame_morton,robust_frame_morton,C4_hybrid,hybrid_occupancy,35947,35947,D0,clean,1,det_mcd,off,0.4575670890044421,b32025f1a286033fc76483a8b4da71fcbded231e675ac5702ca8a38cff813757,6 6 5,False,0.0023576305163388422,0.009421249785596914,0.004661818562648293,,exact,0.004661818562648293,35947,exact,2.0014809988562656e-16,,exact,2.0014809988562656e-16,35947,exact,0.7742892313684034,exact,0.7742892313684034,35947,exact,328036.0,0.01707525614202648,0.037336861843224045,3864925,166557,0.04309449730589856,ok,1.0,0.0
table_2_dataset_summary,stanford_bunny,Stanford Bunny,E3,35947,A5b_robust_frame_morton,robust_frame_morton,C4_hybrid,hybrid_occupancy,35947,35947,D0,clean,2,det_mcd,off,0.46244435594417155,b32025f1a286033fc76483a8b4da71fcbded231e675ac5702ca8a38cff813757,6 6 5,False,0.0023576305163388422,0.009421249785596914,0.004661818562648293,,exact,0.004661818562648293,35947,exact,2.0014809988562656e-16,,exact,2.0014809988562656e-16,35947,exact,0.7742892313684034,exact,0.7742892313684034,35947,exact,329360.0,0.01707525614202648,0.037336861843224045,2633951,168340,0.06391159136977112,ok,1.0,0.0
table_2_dataset_summary,stanford_bunny,Stanford Bunny,E3,35947,A5b_robust_frame_morton,robust_frame_morton,C4_hybrid,hybrid_occupancy,35947,35947,D0,clean,3,det_mcd,off,0.4591773330466822,b32025f1a286033fc76483a8b4da71fcbded231e675ac5702ca8a38cff813757,6 6 5,False,0.0023576305163388422,0.009421249785596914,0.004661818562648293,,exact,0.004661818562648293,35947,exact,2.0014809988562656e-16,,exact,2.0014809988562656e-16,35947,exact,0.7742892313684034,exact,0.7742892313684034,35947,exact,330916.0,0.01707525614202648,0.037336861843224045,2882892,165893,0.05754395239225056,ok,1.0,0.0
table_2_dataset_summary,stanford_bunny,Stanford Bunny,E3,35947,A5b_robust_frame_morton,robust_frame_morton,C4_hybrid,hybrid_occupancy,35947,35947,D0,clean,4,det_mcd,off,0.4605103600770235,b32025f1a286033fc76483a8b4da71fcbded231e675ac5702ca8a38cff813757,6 6 5,False,0.0023576305163388422,0.009421249785596914,0.004661818562648293,,exact,0.004661818562648293,35947,exact,2.0014809988562656e-16,,exact,2.0014809988562656e-16,35947,exact,0.7742892313684034,exact,0.7742892313684034,35947,exact,332020.0,0.01707525614202648,0.037336861843224045,2869128,157773,0.05498987845784503,ok,1.0,0.0
table_2_dataset_summary,stanford_bunny,Stanford Bunny,E3,35947,A6_rch,rch,C0_uniform,uniform,35947,35947,D0,clean,0,det_mcd,off,0.4588837299961597,2bf14ef25427561b38060d822a998d4510ab3ab2dcfec682bd1c9a68c1ef6489,10 10 10,False,0.0019238764913510659,0.0076879395885165805,0.0011460976098723423,,exact,0.0011460976098723423,35947,exact,2.0014809988562656e-16,,exact,2.0014809988562656e-16,35947,exact,0.7718829109522353,exact,0.7718829109522353,35947,exact,333812.0,0.014902981903609069,0.027941708291528988,2559388,165259,0.06456973307681367,ok,1.0,0.0
table_2_dataset_summary,stanford_bunny,Stanford Bunny,E3,35947,A6_rch,rch,C0_uniform,uniform,35947,35947,D0,clean,1,det_mcd,off,0.45852297195233405,2bf14ef25427561b38060d822a998d4510ab3ab2dcfec682bd1c9a68c1ef6489,10 10 10,False,0.0019238764913510659,0.0076879395885165805,0.0011460976098723423,,exact,0.0011460976098723423,35947,exact,2.0014809988562656e-16,,exact,2.0014809988562656e-16,35947,exact,0.7718829109522353,exact,0.7718829109522353,35947,exact,335092.0,0.014902981903609069,0.027941708291528988,4132493,167638,0.04056582793969645,ok,1.0,0.0
table_2_dataset_summary,stanford_bunny,Stanford Bunny,E3,35947,A6_rch,rch,C0_uniform,uniform,35947,35947,D0,clean,2,det_mcd,off,0.4630944619420916,2bf14ef25427561b38060d822a998d4510ab3ab2dcfec682bd1c9a68c1ef6489,10 10 10,False,0.0019238764913510659,0.0076879395885165805,0.0011460976098723423,,exact,0.0011460976098723423,35947,exact,2.0014809988562656e-16,,exact,2.0014809988562656e-16,35947,exact,0.7718829109522353,exact,0.7718829109522353,35947,exact,336372.0,0.014902981903609069,0.027941708291528988,2711189,162245,0.05984274796039671,ok,1.0,0.0
table_2_dataset_summary,stanford_bunny,Stanford Bunny,E3,35947,A6_rch,rch,C0_uniform,uniform,35947,35947,D0,clean,3,det_mcd,off,0.46426150295883417,2bf14ef25427561b38060d822a998d4510ab3ab2dcfec682bd1c9a68c1ef6489,10 10 10,False,0.0019238764913510659,0.0076879395885165805,0.0011460976098723423,,exact,0.0011460976098723423,35947,exact,2.0014809988562656e-16,,exact,2.0014809988562656e-16,35947,exact,0.7718829109522353,exact,0.7718829109522353,35947,exact,337996.0,0.014902981903609069,0.027941708291528988,3047891,173305,0.05686062920229103,ok,1.0,0.0
table_2_dataset_summary,stanford_bunny,Stanford Bunny,E3,35947,A6_rch,rch,C0_uniform,uniform,35947,35947,D0,clean,4,det_mcd,off,0.4652825420489535,2bf14ef25427561b38060d822a998d4510ab3ab2dcfec682bd1c9a68c1ef6489,10 10 10,False,0.0019238764913510659,0.0076879395885165805,0.0011460976098723423,,exact,0.0011460976098723423,35947,exact,2.0014809988562656e-16,,exact,2.0014809988562656e-16,35947,exact,0.7718829109522353,exact,0.7718829109522353,35947,exact,339468.0,0.014902981903609069,0.027941708291528988,2803717,168793,0.06020329441238185,ok,1.0,0.0
table_2_dataset_summary,stanford_bunny,Stanford Bunny,E3,35947,A6_rch,rch,C1_monotone_half,monotone_half,35947,35947,D0,clean,0,det_mcd,off,0.4647803350817412,4197a34b8c1d323f52ef1a210ad4267d8e8f724e5487013b6afe1fa94bc00793,10 4 1,False,0.012010009815234904,0.047992805324096284,0.0009404558009185099,,exact,0.0009404558009185099,35947,exact,2.0014809988562656e-16,,exact,2.0014809988562656e-16,35947,exact,0.2863243107908866,exact,0.2863243107908866,35947,exact,340700.0,0.06482907098623346,0.09666146683042835,2718836,172133,0.06331128468212131,ok,1.0,0.0
table_2_dataset_summary,stanford_bunny,Stanford Bunny,E3,35947,A6_rch,rch,C1_monotone_half,monotone_half,35947,35947,D0,clean,1,det_mcd,off,0.4696560549782589,4197a34b8c1d323f52ef1a210ad4267d8e8f724e5487013b6afe1fa94bc00793,10 4 1,False,0.012010009815234904,0.047992805324096284,0.0009404558009185099,,exact,0.0009404558009185099,35947,exact,2.0014809988562656e-16,,exact,2.0014809988562656e-16,35947,exact,0.2863243107908866,exact,0.2863243107908866,35947,exact,342460.0,0.06482907098623346,0.09666146683042835,2864373,165137,0.0576520585831524,ok,1.0,0.0
table_2_dataset_summary,stanford_bunny,Stanford Bunny,E3,35947,A6_rch,rch,C1_monotone_half,monotone_half,35947,35947,D0,clean,2,det_mcd,off,0.4658418350154534,4197a34b8c1d323f52ef1a210ad4267d8e8f724e5487013b6afe1fa94bc00793,10 4 1,False,0.012010009815234904,0.047992805324096284,0.0009404558009185099,,exact,0.0009404558009185099,35947,exact,2.0014809988562656e-16,,exact,2.0014809988562656e-16,35947,exact,0.2863243107908866,exact,0.2863243107908866,35947,exact,343760.0,0.06482907098623346,0.09666146683042835,2901435,174472,0.06013300315188863,ok,1.0,0.0
table_2_dataset_summary,stanford_bunny,Stanford Bunny,E3,35947,A6_rch,rch,C1_monotone_half,monotone_half,35947,35947,D0,clean,3,det_mcd,off,0.46420467097777873,4197a34b8c1d323f52ef1a210ad4267d8e8f724e5487013b6afe1fa94bc00793,10 4 1,False,0.012010009815234904,0.047992805324096284,0.0009404558009185099,,exact,0.0009404558009185099,35947,exact,2.0014809988562656e-16,,exact,2.0014809988562656e-16,35947,exact,0.2863243107908866,exact,0.2863243107908866,35947,exact,345360.0,0.06482907098623346,0.09666146683042835,3286619,173199,0.052698228787699454,ok,1.0,0.0
table_2_dataset_summary,stanford_bunny,Stanford Bunny,E3,35947,A6_rch,rch,C1_monotone_half,monotone_half,35947,35947,D0,clean,4,det_mcd,off,0.46461729798465967,4197a34b8c1d323f52ef1a210ad4267d8e8f724e5487013b6afe1fa94bc00793,10 4 1,False,0.012010009815234904,0.047992805324096284,0.0009404558009185099,,exact,0.0009404558009185099,35947,exact,2.0014809988562656e-16,,exact,2.0014809988562656e-16,35947,exact,0.2863243107908866,exact,0.2863243107908866,35947,exact,346936.0,0.06482907098623346,0.09666146683042835,2979106,179575,0.06027815055926174,ok,1.0,0.0
table_2_dataset_summary,stanford_bunny,Stanford Bunny,E3,35947,A6_rch,rch,C2_occupancy_floor1,occupancy_floor1,35947,35947,D0,clean,0,det_mcd,off,0.46557468397077173,bee6e855f434f5bf965a80f3bd122119aea2b680afe8a883c41d414258059f06,6 6 5,False,0.0022826595337081166,0.009121660707011115,0.0003329774799999473,,exact,0.0003329774799999473,35947,exact,2.0014809988562656e-16,,exact,2.0014809988562656e-16,35947,exact,0.7769111469663672,exact,0.7769111469663672,35947,exact,348216.0,0.014730610736131914,0.029673379167523207,3056707,173597,0.05679216228444532,ok,1.0,0.0
table_2_dataset_summary,stanford_bunny,Stanford Bunny,E3,35947,A6_rch,rch,C2_occupancy_floor1,occupancy_floor1,35947,35947,D0,clean,1,det_mcd,off,0.4623786329757422,bee6e855f434f5bf965a80f3bd122119aea2b680afe8a883c41d414258059f06,6 6 5,False,0.0022826595337081166,0.009121660707011115,0.0003329774799999473,,exact,0.0003329774799999473,35947,exact,2.0014809988562656e-16,,exact,2.0014809988562656e-16,35947,exact,0.7769111469663672,exact,0.7769111469663672,35947,exact,349288.0,0.014730610736131914,0.029673379167523207,2863400,162213,0.0566504854368932,ok,1.0,0.0
table_2_dataset_summary,stanford_bunny,Stanford Bunny,E3,35947,A6_rch,rch,C2_occupancy_floor1,occupancy_floor1,35947,35947,D0,clean,2,det_mcd,off,0.4628759939223528,bee6e855f434f5bf965a80f3bd122119aea2b680afe8a883c41d414258059f06,6 6 5,False,0.0022826595337081166,0.009121660707011115,0.0003329774799999473,,exact,0.0003329774799999473,35947,exact,2.0014809988562656e-16,,exact,2.0014809988562656e-16,35947,exact,0.7769111469663672,exact,0.7769111469663672,35947,exact,351048.0,0.014730610736131914,0.029673379167523207,2950997,168242,0.057011918344884796,ok,1.0,0.0
table_2_dataset_summary,stanford_bunny,Stanford Bunny,E3,35947,A6_rch,rch,C2_occupancy_floor1,occupancy_floor1,35947,35947,D0,clean,3,det_mcd,off,0.4647669258993119,bee6e855f434f5bf965a80f3bd122119aea2b680afe8a883c41d414258059f06,6 6 5,False,0.0022826595337081166,0.009121660707011115,0.0003329774799999473,,exact,0.0003329774799999473,35947,exact,2.0014809988562656e-16,,exact,2.0014809988562656e-16,35947,exact,0.7769111469663672,exact,0.7769111469663672,35947,exact,352380.0,0.014730610736131914,0.029673379167523207,2805735,168087,0.059908366256970096,ok,1.0,0.0
table_2_dataset_summary,stanford_bunny,Stanford Bunny,E3,35947,A6_rch,rch,C2_occupancy_floor1,occupancy_floor1,35947,35947,D0,clean,4,det_mcd,off,0.46479026798624545,bee6e855f434f5bf965a80f3bd122119aea2b680afe8a883c41d414258059f06,6 6 5,False,0.0022826595337081166,0.009121660707011115,0.0003329774799999473,,exact,0.0003329774799999473,35947,exact,2.0014809988562656e-16,,exact,2.0014809988562656e-16,35947,exact,0.7769111469663672,exact,0.7769111469663672,35947,exact,353708.0,0.014730610736131914,0.029673379167523207,2702513,166288,0.06153087885238665,ok,1.0,0.0
table_2_dataset_summary,stanford_bunny,Stanford Bunny,E3,35947,A6_rch,rch,C3_frame_core_occupancy,frame_core_occupancy,35947,35947,D0,clean,0,det_mcd,off,0.46261577995028347,5040f2f3933c0a29a4a2b9fbfa1e068911f66aad182e7f088cdebde237e5a1f8,6 5 5,False,0.002358503306248943,0.009424737512658649,0.0007160936031672052,,exact,0.0007160936031672052,35947,exact,2.0014809988562656e-16,,exact,2.0014809988562656e-16,35947,exact,0.7748004005897572,exact,0.7748004005897572,35947,exact,355372.0,0.014379791302769406,0.027916392823930533,2631703,168743,0.06411931741537703,ok,1.0,0.0
table_2_dataset_summary,stanford_bunny,Stanford Bunny,E3,35947,A6_rch,rch,C3_frame_core_occupancy,frame_core_occupancy,35947,35947,D0,clean,1,det_mcd,off,0.4633340579457581,5040f2f3933c0a29a4a2b9fbfa1e068911f66aad182e7f088cdebde237e5a1f8,6 5 5,False,0.002358503306248943,0.009424737512658649,0.0007160936031672052,,exact,0.0007160936031672052,35947,exact,2.0014809988562656e-16,,exact,2.0014809988562656e-16,35947,exact,0.7748004005897572,exact,0.7748004005897572,35947,exact,356820.0,0.014379791302769406,0.027916392823930533,2998193,169281,0.05646100834736123,ok,1.0,0.0
table_2_dataset_summary,stanford_bunny,Stanford Bunny,E3,35947,A6_rch,rch,C3_frame_core_occupancy,frame_core_occupancy,35947,35947,D0,clean,2,det_mcd,off,0.46381153096444905,5040f2f3933c0a29a4a2b9fbfa1e068911f66aad182e7f088cdebde237e5a1f8,6 5 5,False,0.002358503306248943,0.009424737512658649,0.0007160936031672052,,exact,0.0007160936031672052,35947,exact,2.0014809988562656e-16,,exact,2.0014809988562656e-16,35947,exact,0.7748004005897572,exact,0.7748004005897572,35947,exact,357956.0,0.014379791302769406,0.027916392823930533,2651128,166589,0.06283702635255635,ok,1.0,0.0
table_2_dataset_summary,stanford_bunny,Stanford Bunny,E3,35947,A6_rch,rch,C3_frame_core_occupancy,frame_core_occupancy,35947,35947,D0,clean,3,det_mcd,off,0.4586294700857252,5040f2f3933c0a29a4a2b9fbfa1e068911f66aad182e7f088cdebde237e5a1f8,6 5 5,False,0.002358503306248943,0.009424737512658649,0.0007160936031672052,,exact,0.0007160936031672052,35947,exact,2.0014809988562656e-16,,exact,2.0014809988562656e-16,35947,exact,0.7748004005897572,exact,0.7748004005897572,35947,exact,360004.0,0.014379791302769406,0.027916392823930533,2971632,162239,0.05459592574046854,ok,1.0,0.0
table_2_dataset_summary,stanford_bunny,Stanford Bunny,E3,35947,A6_rch,rch,C3_frame_core_occupancy,frame_core_occupancy,35947,35947,D0,clean,4,det_mcd,off,0.47150881798006594,5040f2f3933c0a29a4a2b9fbfa1e068911f66aad182e7f088cdebde237e5a1f8,6 5 5,False,0.002358503306248943,0.009424737512658649,0.0007160936031672052,,exact,0.0007160936031672052,35947,exact,2.0014809988562656e-16,,exact,2.0014809988562656e-16,35947,exact,0.7748004005897572,exact,0.7748004005897572,35947,exact,361284.0,0.014379791302769406,0.027916392823930533,2764063,182637,0.0660755561649644,ok,1.0,0.0
table_2_dataset_summary,stanford_bunny,Stanford Bunny,E3,35947,A6_rch,rch,C4_hybrid,hybrid_occupancy,35947,35947,D0,clean,0,det_mcd,off,0.462434369022958,bee6e855f434f5bf965a80f3bd122119aea2b680afe8a883c41d414258059f06,6 6 5,False,0.0022826595337081166,0.009121660707011115,0.0003329774799999473,,exact,0.0003329774799999473,35947,exact,2.0014809988562656e-16,,exact,2.0014809988562656e-16,35947,exact,0.7769111469663672,exact,0.7769111469663672,35947,exact,362564.0,0.014730610736131914,0.029673379167523207,2472867,182835,0.0739364470470915,ok,1.0,0.0
table_2_dataset_summary,stanford_bunny,Stanford Bunny,E3,35947,A6_rch,rch,C4_hybrid,hybrid_occupancy,35947,35947,D0,clean,1,det_mcd,off,0.4616004260024056,bee6e855f434f5bf965a80f3bd122119aea2b680afe8a883c41d414258059f06,6 6 5,False,0.0022826595337081166,0.009121660707011115,0.0003329774799999473,,exact,0.0003329774799999473,35947,exact,2.0014809988562656e-16,,exact,2.0014809988562656e-16,35947,exact,0.7769111469663672,exact,0.7769111469663672,35947,exact,364032.0,0.014730610736131914,0.029673379167523207,2862919,179315,0.06263362672852428,ok,1.0,0.0
table_2_dataset_summary,stanford_bunny,Stanford Bunny,E3,35947,A6_rch,rch,C4_hybrid,hybrid_occupancy,35947,35947,D0,clean,2,det_mcd,off,0.46520246693398803,bee6e855f434f5bf965a80f3bd122119aea2b680afe8a883c41d414258059f06,6 6 5,False,0.0022826595337081166,0.009121660707011115,0.0003329774799999473,,exact,0.0003329774799999473,35947,exact,2.0014809988562656e-16,,exact,2.0014809988562656e-16,35947,exact,0.7769111469663672,exact,0.7769111469663672,35947,exact,365668.0,0.014730610736131914,0.029673379167523207,2670025,168273,0.06302300540257114,ok,1.0,0.0
table_2_dataset_summary,stanford_bunny,Stanford Bunny,E3,35947,A6_rch,rch,C4_hybrid,hybrid_occupancy,35947,35947,D0,clean,3,det_mcd,off,0.4644523890456185,bee6e855f434f5bf965a80f3bd122119aea2b680afe8a883c41d414258059f06,6 6 5,False,0.0022826595337081166,0.009121660707011115,0.0003329774799999473,,exact,0.0003329774799999473,35947,exact,2.0014809988562656e-16,,exact,2.0014809988562656e-16,35947,exact,0.7769111469663672,exact,0.7769111469663672,35947,exact,366964.0,0.014730610736131914,0.029673379167523207,2489417,180049,0.07232576944722399,ok,1.0,0.0
table_2_dataset_summary,stanford_bunny,Stanford Bunny,E3,35947,A6_rch,rch,C4_hybrid,hybrid_occupancy,35947,35947,D0,clean,4,det_mcd,off,0.45949774503242224,bee6e855f434f5bf965a80f3bd122119aea2b680afe8a883c41d414258059f06,6 6 5,False,0.0022826595337081166,0.009121660707011115,0.0003329774799999473,,exact,0.0003329774799999473,35947,exact,2.0014809988562656e-16,,exact,2.0014809988562656e-16,35947,exact,0.7769111469663672,exact,0.7769111469663672,35947,exact,368308.0,0.014730610736131914,0.029673379167523207,2870233,168341,0.05865063916413755,ok,1.0,0.0
table_2_dataset_summary,stanford_bunny,Stanford Bunny,E3,35947,A6_rch_b2_mrcd,rch,C0_uniform,uniform,35947,35947,D0,clean,0,mrcd,off,0.48604305705521256,59d00e4236bdf4e6f395b7e2008a8ac3bc703ca8f5c082a78e9dfd5be7de3a8f,10 10 10,False,0.0019239350679865622,0.007688173664683641,0.0011460976098723423,,exact,0.0011460976098723423,35947,exact,2.0014809988562656e-16,,exact,2.0014809988562656e-16,35947,exact,0.7718863882938771,exact,0.7718863882938771,35947,exact,369832.0,0.014903046782421655,0.027941708291528988,2601943,173966,0.06686003498155033,ok,1.0,0.0
table_2_dataset_summary,stanford_bunny,Stanford Bunny,E3,35947,A6_rch_b2_mrcd,rch,C0_uniform,uniform,35947,35947,D0,clean,1,mrcd,off,0.4867823759559542,59d00e4236bdf4e6f395b7e2008a8ac3bc703ca8f5c082a78e9dfd5be7de3a8f,10 10 10,False,0.0019239350679865622,0.007688173664683641,0.0011460976098723423,,exact,0.0011460976098723423,35947,exact,2.0014809988562656e-16,,exact,2.0014809988562656e-16,35947,exact,0.7718863882938771,exact,0.7718863882938771,35947,exact,371420.0,0.014903046782421655,0.027941708291528988,3130680,183370,0.05857193964250578,ok,1.0,0.0
table_2_dataset_summary,stanford_bunny,Stanford Bunny,E3,35947,A6_rch_b2_mrcd,rch,C0_uniform,uniform,35947,35947,D0,clean,2,mrcd,off,0.4841242100810632,59d00e4236bdf4e6f395b7e2008a8ac3bc703ca8f5c082a78e9dfd5be7de3a8f,10 10 10,False,0.0019239350679865622,0.007688173664683641,0.0011460976098723423,,exact,0.0011460976098723423,35947,exact,2.0014809988562656e-16,,exact,2.0014809988562656e-16,35947,exact,0.7718863882938771,exact,0.7718863882938771,35947,exact,372700.0,0.014903046782421655,0.027941708291528988,2942478,169477,0.05759669231171822,ok,1.0,0.0
table_2_dataset_summary,stanford_bunny,Stanford Bunny,E3,35947,A6_rch_b2_mrcd,rch,C0_uniform,uniform,35947,35947,D0,clean,3,mrcd,off,0.4876795879099518,59d00e4236bdf4e6f395b7e2008a8ac3bc703ca8f5c082a78e9dfd5be7de3a8f,10 10 10,False,0.0019239350679865622,0.007688173664683641,0.0011460976098723423,,exact,0.0011460976098723423,35947,exact,2.0014809988562656e-16,,exact,2.0014809988562656e-16,35947,exact,0.7718863882938771,exact,0.7718863882938771,35947,exact,374184.0,0.014903046782421655,0.027941708291528988,3034131,167755,0.05528930688885879,ok,1.0,0.0
table_2_dataset_summary,stanford_bunny,Stanford Bunny,E3,35947,A6_rch_b2_mrcd,rch,C0_uniform,uniform,35947,35947,D0,clean,4,mrcd,off,0.4731641890248284,59d00e4236bdf4e6f395b7e2008a8ac3bc703ca8f5c082a78e9dfd5be7de3a8f,10 10 10,False,0.0019239350679865622,0.007688173664683641,0.0011460976098723423,,exact,0.0011460976098723423,35947,exact,2.0014809988562656e-16,,exact,2.0014809988562656e-16,35947,exact,0.7718863882938771,exact,0.7718863882938771,35947,exact,375572.0,0.014903046782421655,0.027941708291528988,2951559,164729,0.055810844370720696,ok,1.0,0.0
table_2_dataset_summary,stanford_bunny,Stanford Bunny,E3,35947,A6_rch_b2_mrcd,rch,C1_monotone_half,monotone_half,35947,35947,D0,clean,0,mrcd,off,0.48480203095823526,a48555c0085d4998d0dd8ff14580eda5b048483db6e3f005160e8eee80008eff,10 4 1,False,0.012017988940342589,0.048024690443579196,0.0009404558009185099,,exact,0.0009404558009185099,35947,exact,2.0014809988562656e-16,,exact,2.0014809988562656e-16,35947,exact,0.28617478510028654,exact,0.28617478510028654,35947,exact,376956.0,0.0648519673984809,0.09657304324655458,2860089,167695,0.05863279079776888,ok,1.0,0.0
table_2_dataset_summary,stanford_bunny,Stanford Bunny,E3,35947,A6_rch_b2_mrcd,rch,C1_monotone_half,monotone_half,35947,35947,D0,clean,1,mrcd,off,0.47578672401141375,a48555c0085d4998d0dd8ff14580eda5b048483db6e3f005160e8eee80008eff,10 4 1,False,0.012017988940342589,0.048024690443579196,0.0009404558009185099,,exact,0.0009404558009185099,35947,exact,2.0014809988562656e-16,,exact,2.0014809988562656e-16,35947,exact,0.28617478510028654,exact,0.28617478510028654,35947,exact,378464.0,0.0648519673984809,0.09657304324655458,2907427,168506,0.057957087142686645,ok,1.0,0.0
table_2_dataset_summary,stanford_bunny,Stanford Bunny,E3,35947,A6_rch_b2_mrcd,rch,C1_monotone_half,monotone_half,35947,35947,D0,clean,2,mrcd,off,0.4878651009639725,a48555c0085d4998d0dd8ff14580eda5b048483db6e3f005160e8eee80008eff,10 4 1,False,0.012017988940342589,0.048024690443579196,0.0009404558009185099,,exact,0.0009404558009185099,35947,exact,2.0014809988562656e-16,,exact,2.0014809988562656e-16,35947,exact,0.28617478510028654,exact,0.28617478510028654,35947,exact,380000.0,0.0648519673984809,0.09657304324655458,2819512,186962,0.06631005649204544,ok,1.0,0.0
table_2_dataset_summary,stanford_bunny,Stanford Bunny,E3,35947,A6_rch_b2_mrcd,rch,C1_monotone_half,monotone_half,35947,35947,D0,clean,3,mrcd,off,0.48521358403377235,a48555c0085d4998d0dd8ff14580eda5b048483db6e3f005160e8eee80008eff,10 4 1,False,0.012017988940342589,0.048024690443579196,0.0009404558009185099,,exact,0.0009404558009185099,35947,exact,2.0014809988562656e-16,,exact,2.0014809988562656e-16,35947,exact,0.28617478510028654,exact,0.28617478510028654,35947,exact,381056.0,0.0648519673984809,0.09657304324655458,3070701,170238,0.055439458286560626,ok,1.0,0.0
table_2_dataset_summary,stanford_bunny,Stanford Bunny,E3,35947,A6_rch_b2_mrcd,rch,C1_monotone_half,monotone_half,35947,35947,D0,clean,4,mrcd,off,0.4853551300475374,a48555c0085d4998d0dd8ff14580eda5b048483db6e3f005160e8eee80008eff,10 4 1,False,0.012017988940342589,0.048024690443579196,0.0009404558009185099,,exact,0.0009404558009185099,35947,exact,2.0014809988562656e-16,,exact,2.0014809988562656e-16,35947,exact,0.28617478510028654,exact,0.28617478510028654,35947,exact,382792.0,0.0648519673984809,0.09657304324655458,2975933,174950,0.0587882858921891,ok,1.0,0.0
table_2_dataset_summary,stanford_bunny,Stanford Bunny,E3,35947,A6_rch_b2_mrcd,rch,C2_occupancy_floor1,occupancy_floor1,35947,35947,D0,clean,0,mrcd,off,0.4807113790884614,deded68853d03ff95130e6ad087a61690576c26e47957a0ffbf8fa478706af00,6 6 5,False,0.00228269562142103,0.009121804915934097,0.0003329774799999473,,exact,0.0003329774799999473,35947,exact,2.0014809988562656e-16,,exact,2.0014809988562656e-16,35947,exact,0.776890282916516,exact,0.776890282916516,35947,exact,384236.0,0.014737897019009374,0.029673379167523207,3155649,171822,0.05444902142158396,ok,1.0,0.0
table_2_dataset_summary,stanford_bunny,Stanford Bunny,E3,35947,A6_rch_b2_mrcd,rch,C2_occupancy_floor1,occupancy_floor1,35947,35947,D0,clean,1,mrcd,off,0.47771612904034555,deded68853d03ff95130e6ad087a61690576c26e47957a0ffbf8fa478706af00,6 6 5,False,0.00228269562142103,0.009121804915934097,0.0003329774799999473,,exact,0.0003329774799999473,35947,exact,2.0014809988562656e-16,,exact,2.0014809988562656e-16,35947,exact,0.776890282916516,exact,0.776890282916516,35947,exact,386120.0,0.014737897019009374,0.029673379167523207,2671411,174790,0.0654298421321167,ok,1.0,0.0
table_2_dataset_summary,stanford_bunny,Stanford Bunny,E3,35947,A6_rch_b2_mrcd,rch,C2_occupancy_floor1,occupancy_floor1,35947,35947,D0,clean,2,mrcd,off,0.47433067997917533,deded68853d03ff95130e6ad087a61690576c26e47957a0ffbf8fa478706af00,6 6 5,False,0.00228269562142103,0.009121804915934097,0.0003329774799999473,,exact,0.0003329774799999473,35947,exact,2.0014809988562656e-16,,exact,2.0014809988562656e-16,35947,exact,0.776890282916516,exact,0.776890282916516,35947,exact,387180.0,0.014737897019009374,0.029673379167523207,2525167,170207,0.06740425484730317,ok,1.0,0.0
table_2_dataset_summary,stanford_bunny,Stanford Bunny,E3,35947,A6_rch_b2_mrcd,rch,C2_occupancy_floor1,occupancy_floor1,35947,35947,D0,clean,3,mrcd,off,0.48518144607078284,deded68853d03ff95130e6ad087a61690576c26e47957a0ffbf8fa478706af00,6 6 5,False,0.00228269562142103,0.009121804915934097,0.0003329774799999473,,exact,0.0003329774799999473,35947,exact,2.0014809988562656e-16,,exact,2.0014809988562656e-16,35947,exact,0.776890282916516,exact,0.776890282916516,35947,exact,388608.0,0.014737897019009374,0.029673379167523207,2745319,167349,0.060957943320976544,ok,1.0,0.0
table_2_dataset_summary,stanford_bunny,Stanford Bunny,E3,35947,A6_rch_b2_mrcd,rch,C2_occupancy_floor1,occupancy_floor1,35947,35947,D0,clean,4,mrcd,off,0.47526245191693306,deded68853d03ff95130e6ad087a61690576c26e47957a0ffbf8fa478706af00,6 6 5,False,0.00228269562142103,0.009121804915934097,0.0003329774799999473,,exact,0.0003329774799999473,35947,exact,2.0014809988562656e-16,,exact,2.0014809988562656e-16,35947,exact,0.776890282916516,exact,0.776890282916516,35947,exact,390100.0,0.014737897019009374,0.029673379167523207,2829708,173765,0.06140739609882009,ok,1.0,0.0
table_2_dataset_summary,stanford_bunny,Stanford Bunny,E3,35947,A6_rch_b2_mrcd,rch,C3_frame_core_occupancy,frame_core_occupancy,35947,35947,D0,clean,0,mrcd,off,0.48455189203377813,e5a37ddced7b5d0542fc8558915473d038959247153a9726fa238bac40338b7e,6 5 5,False,0.0023587071046176694,0.009425551904618865,0.0007160936031672052,,exact,0.0007160936031672052,35947,exact,2.0014809988562656e-16,,exact,2.0014809988562656e-16,35947,exact,0.7747864912231897,exact,0.7747864912231897,35947,exact,391568.0,0.014401237183997667,0.02837571664158634,3270866,171362,0.05239040669963245,ok,1.0,0.0
table_2_dataset_summary,stanford_bunny,Stanford Bunny,E3,35947,A6_rch_b2_mrcd,rch,C3_frame_core_occupancy,frame_core_occupancy,35947,35947,D0,clean,1,mrcd,off,0.4790818099863827,e5a37ddced7b5d0542fc8558915473d038959247153a9726fa238bac40338b7e,6 5 5,False,0.0023587071046176694,0.009425551904618865,0.0007160936031672052,,exact,0.0007160936031672052,35947,exact,2.0014809988562656e-16,,exact,2.0014809988562656e-16,35947,exact,0.7747864912231897,exact,0.7747864912231897,35947,exact,392984.0,0.014401237183997667,0.02837571664158634,2775959,164618,0.0593013081245076,ok,1.0,0.0
table_2_dataset_summary,stanford_bunny,Stanford Bunny,E3,35947,A6_rch_b2_mrcd,rch,C3_frame_core_occupancy,frame_core_occupancy,35947,35947,D0,clean,2,mrcd,off,0.4813023469178006,e5a37ddced7b5d0542fc8558915473d038959247153a9726fa238bac40338b7e,6 5 5,False,0.0023587071046176694,0.009425551904618865,0.0007160936031672052,,exact,0.0007160936031672052,35947,exact,2.0014809988562656e-16,,exact,2.0014809988562656e-16,35947,exact,0.7747864912231897,exact,0.7747864912231897,35947,exact,394188.0,0.014401237183997667,0.02837571664158634,3124025,175898,0.05630492713726683,ok,1.0,0.0
table_2_dataset_summary,stanford_bunny,Stanford Bunny,E3,35947,A6_rch_b2_mrcd,rch,C3_frame_core_occupancy,frame_core_occupancy,35947,35947,D0,clean,3,mrcd,off,0.47524394502397627,e5a37ddced7b5d0542fc8558915473d038959247153a9726fa238bac40338b7e,6 5 5,False,0.0023587071046176694,0.009425551904618865,0.0007160936031672052,,exact,0.0007160936031672052,35947,exact,2.0014809988562656e-16,,exact,2.0014809988562656e-16,35947,exact,0.7747864912231897,exact,0.7747864912231897,35947,exact,395664.0,0.014401237183997667,0.02837571664158634,2827375,170081,0.06015509085282285,ok,1.0,0.0
table_2_dataset_summary,stanford_bunny,Stanford Bunny,E3,35947,A6_rch_b2_mrcd,rch,C3_frame_core_occupancy,frame_core_occupancy,35947,35947,D0,clean,4,mrcd,off,0.47893400001339614,e5a37ddced7b5d0542fc8558915473d038959247153a9726fa238bac40338b7e,6 5 5,False,0.0023587071046176694,0.009425551904618865,0.0007160936031672052,,exact,0.0007160936031672052,35947,exact,2.0014809988562656e-16,,exact,2.0014809988562656e-16,35947,exact,0.7747864912231897,exact,0.7747864912231897,35947,exact,396944.0,0.014401237183997667,0.02837571664158634,3197898,164538,0.051451922481580085,ok,1.0,0.0
table_2_dataset_summary,stanford_bunny,Stanford Bunny,E3,35947,A6_rch_b2_mrcd,rch,C4_hybrid,hybrid_occupancy,35947,35947,D0,clean,0,mrcd,off,0.48534544301219285,deded68853d03ff95130e6ad087a61690576c26e47957a0ffbf8fa478706af00,6 6 5,False,0.00228269562142103,0.009121804915934097,0.0003329774799999473,,exact,0.0003329774799999473,35947,exact,2.0014809988562656e-16,,exact,2.0014809988562656e-16,35947,exact,0.776890282916516,exact,0.776890282916516,35947,exact,398740.0,0.014737897019009374,0.029673379167523207,3175438,165918,0.052250429704500605,ok,1.0,0.0
table_2_dataset_summary,stanford_bunny,Stanford Bunny,E3,35947,A6_rch_b2_mrcd,rch,C4_hybrid,hybrid_occupancy,35947,35947,D0,clean,1,mrcd,off,0.478261730982922,deded68853d03ff95130e6ad087a61690576c26e47957a0ffbf8fa478706af00,6 6 5,False,0.00228269562142103,0.009121804915934097,0.0003329774799999473,,exact,0.0003329774799999473,35947,exact,2.0014809988562656e-16,,exact,2.0014809988562656e-16,35947,exact,0.776890282916516,exact,0.776890282916516,35947,exact,400232.0,0.014737897019009374,0.029673379167523207,4111101,167480,0.040738478573014866,ok,1.0,0.0
table_2_dataset_summary,stanford_bunny,Stanford Bunny,E3,35947,A6_rch_b2_mrcd,rch,C4_hybrid,hybrid_occupancy,35947,35947,D0,clean,2,mrcd,off,0.4808152290061116,deded68853d03ff95130e6ad087a61690576c26e47957a0ffbf8fa478706af00,6 6 5,False,0.00228269562142103,0.009121804915934097,0.0003329774799999473,,exact,0.0003329774799999473,35947,exact,2.0014809988562656e-16,,exact,2.0014809988562656e-16,35947,exact,0.776890282916516,exact,0.776890282916516,35947,exact,401512.0,0.014737897019009374,0.029673379167523207,2701026,172488,0.0638601775769652,ok,1.0,0.0
table_2_dataset_summary,stanford_bunny,Stanford Bunny,E3,35947,A6_rch_b2_mrcd,rch,C4_hybrid,hybrid_occupancy,35947,35947,D0,clean,3,mrcd,off,0.4836119639221579,deded68853d03ff95130e6ad087a61690576c26e47957a0ffbf8fa478706af00,6 6 5,False,0.00228269562142103,0.009121804915934097,0.0003329774799999473,,exact,0.0003329774799999473,35947,exact,2.0014809988562656e-16,,exact,2.0014809988562656e-16,35947,exact,0.776890282916516,exact,0.776890282916516,35947,exact,402996.0,0.014737897019009374,0.029673379167523207,3077061,172995,0.0562208549001791,ok,1.0,0.0
table_2_dataset_summary,stanford_bunny,Stanford Bunny,E3,35947,A6_rch_b2_mrcd,rch,C4_hybrid,hybrid_occupancy,35947,35947,D0,clean,4,mrcd,off,0.4810664060059935,deded68853d03ff95130e6ad087a61690576c26e47957a0ffbf8fa478706af00,6 6 5,False,0.00228269562142103,0.009121804915934097,0.0003329774799999473,,exact,0.0003329774799999473,35947,exact,2.0014809988562656e-16,,exact,2.0014809988562656e-16,35947,exact,0.776890282916516,exact,0.776890282916516,35947,exact,404360.0,0.014737897019009374,0.029673379167523207,2703688,165582,0.06124301324709064,ok,1.0,0.0
table_2_dataset_summary,stanford_bunny,Stanford Bunny,E3,35947,A6_rch_b3_ogk,rch,C0_uniform,uniform,35947,35947,D0,clean,0,ogk,off,0.09386557200923562,1653e31f93a61f9fe9e39b93a62da7c204cc6db817317b20d43f964de43265c5,10 10 10,False,0.001945122473994432,0.007772839961173124,0.0015400557688711955,,exact,0.0015400557688711955,35947,exact,2.0014809988562656e-16,,exact,2.0014809988562656e-16,35947,exact,0.7701059893732439,exact,0.7701059893732439,35947,exact,405680.0,0.014873960108116396,0.028774184895145157,3286701,206203,0.06273859411002096,ok,1.0,0.0
table_2_dataset_summary,stanford_bunny,Stanford Bunny,E3,35947,A6_rch_b3_ogk,rch,C0_uniform,uniform,35947,35947,D0,clean,1,ogk,off,0.0924325049854815,1653e31f93a61f9fe9e39b93a62da7c204cc6db817317b20d43f964de43265c5,10 10 10,False,0.001945122473994432,0.007772839961173124,0.0015400557688711955,,exact,0.0015400557688711955,35947,exact,2.0014809988562656e-16,,exact,2.0014809988562656e-16,35947,exact,0.7701059893732439,exact,0.7701059893732439,35947,exact,406960.0,0.014873960108116396,0.028774184895145157,2698204,166445,0.061687329794189026,ok,1.0,0.0
table_2_dataset_summary,stanford_bunny,Stanford Bunny,E3,35947,A6_rch_b3_ogk,rch,C0_uniform,uniform,35947,35947,D0,clean,2,ogk,off,0.09349408303387463,1653e31f93a61f9fe9e39b93a62da7c204cc6db817317b20d43f964de43265c5,10 10 10,False,0.001945122473994432,0.007772839961173124,0.0015400557688711955,,exact,0.0015400557688711955,35947,exact,2.0014809988562656e-16,,exact,2.0014809988562656e-16,35947,exact,0.7701059893732439,exact,0.7701059893732439,35947,exact,408440.0,0.014873960108116396,0.028774184895145157,2720490,172193,0.06329484761936269,ok,1.0,0.0
table_2_dataset_summary,stanford_bunny,Stanford Bunny,E3,35947,A6_rch_b3_ogk,rch,C0_uniform,uniform,35947,35947,D0,clean,3,ogk,off,0.09377358492929488,1653e31f93a61f9fe9e39b93a62da7c204cc6db817317b20d43f964de43265c5,10 10 10,False,0.001945122473994432,0.007772839961173124,0.0015400557688711955,,exact,0.0015400557688711955,35947,exact,2.0014809988562656e-16,,exact,2.0014809988562656e-16,35947,exact,0.7701059893732439,exact,0.7701059893732439,35947,exact,409800.0,0.014873960108116396,0.028774184895145157,3075968,171735,0.05583120500603387,ok,1.0,0.0
table_2_dataset_summary,stanford_bunny,Stanford Bunny,E3,35947,A6_rch_b3_ogk,rch,C0_uniform,uniform,35947,35947,D0,clean,4,ogk,off,0.0932461490156129,1653e31f93a61f9fe9e39b93a62da7c204cc6db817317b20d43f964de43265c5,10 10 10,False,0.001945122473994432,0.007772839961173124,0.0015400557688711955,,exact,0.0015400557688711955,35947,exact,2.0014809988562656e-16,,exact,2.0014809988562656e-16,35947,exact,0.7701059893732439,exact,0.7701059893732439,35947,exact,411588.0,0.014873960108116396,0.028774184895145157,2445429,166895,0.06824773894478228,ok,1.0,0.0
table_2_dataset_summary,stanford_bunny,Stanford Bunny,E3,35947,A6_rch_b3_ogk,rch,C1_monotone_half,monotone_half,35947,35947,D0,clean,0,ogk,off,0.09295121592003852,52c00cdb27cbaeda71bbcca0fe53671be48e76a1afcde384775610a536a63368,10 4 1,False,0.011631649495400768,0.04648085209079184,0.0013071747111378298,,exact,0.0013071747111378298,35947,exact,2.0014809988562656e-16,,exact,2.0014809988562656e-16,35947,exact,0.3145950983392216,exact,0.3145950983392216,35947,exact,412612.0,0.06223975010978593,0.09964862804329018,4146883,171584,0.04137661949951325,ok,1.0,0.0
table_2_dataset_summary,stanford_bunny,Stanford Bunny,E3,35947,A6_rch_b3_ogk,rch,C1_monotone_half,monotone_half,35947,35947,D0,clean,1,ogk,off,0.09253996796905994,52c00cdb27cbaeda71bbcca0fe53671be48e76a1afcde384775610a536a63368,10 4 1,False,0.011631649495400768,0.04648085209079184,0.0013071747111378298,,exact,0.0013071747111378298,35947,exact,2.0014809988562656e-16,,exact,2.0014809988562656e-16,35947,exact,0.3145950983392216,exact,0.3145950983392216,35947,exact,414084.0,0.06223975010978593,0.09964862804329018,2575046,170316,0.06614095437518398,ok,1.0,0.0
table_2_dataset_summary,stanford_bunny,Stanford Bunny,E3,35947,A6_rch_b3_ogk,rch,C1_monotone_half,monotone_half,35947,35947,D0,clean,2,ogk,off,0.09255326096899807,52c00cdb27cbaeda71bbcca0fe53671be48e76a1afcde384775610a536a63368,10 4 1,False,0.011631649495400768,0.04648085209079184,0.0013071747111378298,,exact,0.0013071747111378298,35947,exact,2.0014809988562656e-16,,exact,2.0014809988562656e-16,35947,exact,0.3145950983392216,exact,0.3145950983392216,35947,exact,415412.0,0.06223975010978593,0.09964862804329018,3252286,165566,0.05090757700891004,ok,1.0,0.0
table_2_dataset_summary,stanford_bunny,Stanford Bunny,E3,35947,A6_rch_b3_ogk,rch,C1_monotone_half,monotone_half,35947,35947,D0,clean,3,ogk,off,0.09232389309909195,52c00cdb27cbaeda71bbcca0fe53671be48e76a1afcde384775610a536a63368,10 4 1,False,0.011631649495400768,0.04648085209079184,0.0013071747111378298,,exact,0.0013071747111378298,35947,exact,2.0014809988562656e-16,,exact,2.0014809988562656e-16,35947,exact,0.3145950983392216,exact,0.3145950983392216,35947,exact,416960.0,0.06223975010978593,0.09964862804329018,3114366,166815,0.05356306869520153,ok,1.0,0.0
table_2_dataset_summary,stanford_bunny,Stanford Bunny,E3,35947,A6_rch_b3_ogk,rch,C1_monotone_half,monotone_half,35947,35947,D0,clean,4,ogk,off,0.0921655650017783,52c00cdb27cbaeda71bbcca0fe53671be48e76a1afcde384775610a536a63368,10 4 1,False,0.011631649495400768,0.04648085209079184,0.0013071747111378298,,exact,0.0013071747111378298,35947,exact,2.0014809988562656e-16,,exact,2.0014809988562656e-16,35947,exact,0.3145950983392216,exact,0.3145950983392216,35947,exact,418664.0,0.06223975010978593,0.09964862804329018,2881165,172803,0.05997678022605439,ok,1.0,0.0
table_2_dataset_summary,stanford_bunny,Stanford Bunny,E3,35947,A6_rch_b3_ogk,rch,C2_occupancy_floor1,occupancy_floor1,35947,35947,D0,clean,0,ogk,off,0.08913155796471983,bc7c8177c82d370b8697b67a1b59dd0c58b357912316345d54a29b519bb138d4,6 5 5,False,0.0024077363534911276,0.009621476073921846,0.0007427446484453186,,exact,0.0007427446484453186,35947,exact,2.0014809988562656e-16,,exact,2.0014809988562656e-16,35947,exact,0.7685307536094806,exact,0.7685307536094806,35947,exact,419776.0,0.01457392831848094,0.028591005875605355,2839543,170227,0.05994873118667335,ok,1.0,0.0
table_2_dataset_summary,stanford_bunny,Stanford Bunny,E3,35947,A6_rch_b3_ogk,rch,C2_occupancy_floor1,occupancy_floor1,35947,35947,D0,clean,1,ogk,off,0.09147719701286405,bc7c8177c82d370b8697b67a1b59dd0c58b357912316345d54a29b519bb138d4,6 5 5,False,0.0024077363534911276,0.009621476073921846,0.0007427446484453186,,exact,0.0007427446484453186,35947,exact,2.0014809988562656e-16,,exact,2.0014809988562656e-16,35947,exact,0.7685307536094806,exact,0.7685307536094806,35947,exact,421200.0,0.01457392831848094,0.028591005875605355,3098653,170081,0.05488868873023214,ok,1.0,0.0
table_2_dataset_summary,stanford_bunny,Stanford Bunny,E3,35947,A6_rch_b3_ogk,rch,C2_occupancy_floor1,occupancy_floor1,35947,35947,D0,clean,2,ogk,off,0.09195656795054674,bc7c8177c82d370b8697b67a1b59dd0c58b357912316345d54a29b519bb138d4,6 5 5,False,0.0024077363534911276,0.009621476073921846,0.0007427446484453186,,exact,0.0007427446484453186,35947,exact,2.0014809988562656e-16,,exact,2.0014809988562656e-16,35947,exact,0.7685307536094806,exact,0.7685307536094806,35947,exact,422996.0,0.01457392831848094,0.028591005875605355,3068245,166315,0.054205254143655415,ok,1.0,0.0
table_2_dataset_summary,stanford_bunny,Stanford Bunny,E3,35947,A6_rch_b3_ogk,rch,C2_occupancy_floor1,occupancy_floor1,35947,35947,D0,clean,3,ogk,off,0.09093369997572154,bc7c8177c82d370b8697b67a1b59dd0c58b357912316345d54a29b519bb138d4,6 5 5,False,0.0024077363534911276,0.009621476073921846,0.0007427446484453186,,exact,0.0007427446484453186,35947,exact,2.0014809988562656e-16,,exact,2.0014809988562656e-16,35947,exact,0.7685307536094806,exact,0.7685307536094806,35947,exact,424276.0,0.01457392831848094,0.028591005875605355,2618877,168593,0.06437606653538902,ok,1.0,0.0
table_2_dataset_summary,stanford_bunny,Stanford Bunny,E3,35947,A6_rch_b3_ogk,rch,C2_occupancy_floor1,occupancy_floor1,35947,35947,D0,clean,4,ogk,off,0.09195178700610995,bc7c8177c82d370b8697b67a1b59dd0c58b357912316345d54a29b519bb138d4,6 5 5,False,0.0024077363534911276,0.009621476073921846,0.0007427446484453186,,exact,0.0007427446484453186,35947,exact,2.0014809988562656e-16,,exact,2.0014809988562656e-16,35947,exact,0.7685307536094806,exact,0.7685307536094806,35947,exact,425736.0,0.01457392831848094,0.028591005875605355,3014723,174332,0.057826871656201914,ok,1.0,0.0
table_2_dataset_summary,stanford_bunny,Stanford Bunny,E3,35947,A6_rch_b3_ogk,rch,C3_frame_core_occupancy,frame_core_occupancy,35947,35947,D0,clean,0,ogk,off,0.09022876992821693,bc7c8177c82d370b8697b67a1b59dd0c58b357912316345d54a29b519bb138d4,6 5 5,False,0.0024077363534911276,0.009621476073921846,0.0007427446484453186,,exact,0.0007427446484453186,35947,exact,2.0014809988562656e-16,,exact,2.0014809988562656e-16,35947,exact,0.7685307536094806,exact,0.7685307536094806,35947,exact,427172.0,0.01457392831848094,0.028591005875605355,2873985,173802,0.06047421959404799,ok,1.0,0.0
table_2_dataset_summary,stanford_bunny,Stanford Bunny,E3,35947,A6_rch_b3_ogk,rch,C3_frame_core_occupancy,frame_core_occupancy,35947,35947,D0,clean,1,ogk,off,0.09141434996854514,bc7c8177c82d370b8697b67a1b59dd0c58b357912316345d54a29b519bb138d4,6 5 5,False,0.0024077363534911276,0.009621476073921846,0.0007427446484453186,,exact,0.0007427446484453186,35947,exact,2.0014809988562656e-16,,exact,2.0014809988562656e-16,35947,exact,0.7685307536094806,exact,0.7685307536094806,35947,exact,428536.0,0.01457392831848094,0.028591005875605355,2766336,167718,0.06062821002220988,ok,1.0,0.0
table_2_dataset_summary,stanford_bunny,Stanford Bunny,E3,35947,A6_rch_b3_ogk,rch,C3_frame_core_occupancy,frame_core_occupancy,35947,35947,D0,clean,2,ogk,off,0.0920885989908129,bc7c8177c82d370b8697b67a1b59dd0c58b357912316345d54a29b519bb138d4,6 5 5,False,0.0024077363534911276,0.009621476073921846,0.0007427446484453186,,exact,0.0007427446484453186,35947,exact,2.0014809988562656e-16,,exact,2.0014809988562656e-16,35947,exact,0.7685307536094806,exact,0.7685307536094806,35947,exact,429968.0,0.01457392831848094,0.028591005875605355,2654696,167206,0.06298498961839698,ok,1.0,0.0
table_2_dataset_summary,stanford_bunny,Stanford Bunny,E3,35947,A6_rch_b3_ogk,rch,C3_frame_core_occupancy,frame_core_occupancy,35947,35947,D0,clean,3,ogk,off,0.09133655100595206,bc7c8177c82d370b8697b67a1b59dd0c58b357912316345d54a29b519bb138d4,6 5 5,False,0.0024077363534911276,0.009621476073921846,0.0007427446484453186,,exact,0.0007427446484453186,35947,exact,2.0014809988562656e-16,,exact,2.0014809988562656e-16,35947,exact,0.7685307536094806,exact,0.7685307536094806,35947,exact,431628.0,0.01457392831848094,0.028591005875605355,2492838,164502,0.06598984771573604,ok,1.0,0.0
table_2_dataset_summary,stanford_bunny,Stanford Bunny,E3,35947,A6_rch_b3_ogk,rch,C3_frame_core_occupancy,frame_core_occupancy,35947,35947,D0,clean,4,ogk,off,0.09083798003848642,bc7c8177c82d370b8697b67a1b59dd0c58b357912316345d54a29b519bb138d4,6 5 5,False,0.0024077363534911276,0.009621476073921846,0.0007427446484453186,,exact,0.0007427446484453186,35947,exact,2.0014809988562656e-16,,exact,2.0014809988562656e-16,35947,exact,0.7685307536094806,exact,0.7685307536094806,35947,exact,432668.0,0.01457392831848094,0.028591005875605355,2833100,168075,0.059325473862553386,ok,1.0,0.0
table_2_dataset_summary,stanford_bunny,Stanford Bunny,E3,35947,A6_rch_b3_ogk,rch,C4_hybrid,hybrid_occupancy,35947,35947,D0,clean,0,ogk,off,0.09170847199857235,bc7c8177c82d370b8697b67a1b59dd0c58b357912316345d54a29b519bb138d4,6 5 5,False,0.0024077363534911276,0.009621476073921846,0.0007427446484453186,,exact,0.0007427446484453186,35947,exact,2.0014809988562656e-16,,exact,2.0014809988562656e-16,35947,exact,0.7685307536094806,exact,0.7685307536094806,35947,exact,434144.0,0.01457392831848094,0.028591005875605355,2742402,164041,0.05981654039050438,ok,1.0,0.0
table_2_dataset_summary,stanford_bunny,Stanford Bunny,E3,35947,A6_rch_b3_ogk,rch,C4_hybrid,hybrid_occupancy,35947,35947,D0,clean,1,ogk,off,0.09065698797348887,bc7c8177c82d370b8697b67a1b59dd0c58b357912316345d54a29b519bb138d4,6 5 5,False,0.0024077363534911276,0.009621476073921846,0.0007427446484453186,,exact,0.0007427446484453186,35947,exact,2.0014809988562656e-16,,exact,2.0014809988562656e-16,35947,exact,0.7685307536094806,exact,0.7685307536094806,35947,exact,435540.0,0.01457392831848094,0.028591005875605355,2506437,177809,0.07094094126443234,ok,1.0,0.0
table_2_dataset_summary,stanford_bunny,Stanford Bunny,E3,35947,A6_rch_b3_ogk,rch,C4_hybrid,hybrid_occupancy,35947,35947,D0,clean,2,ogk,off,0.09057895897421986,bc7c8177c82d370b8697b67a1b59dd0c58b357912316345d54a29b519bb138d4,6 5 5,False,0.0024077363534911276,0.009621476073921846,0.0007427446484453186,,exact,0.0007427446484453186,35947,exact,2.0014809988562656e-16,,exact,2.0014809988562656e-16,35947,exact,0.7685307536094806,exact,0.7685307536094806,35947,exact,437152.0,0.01457392831848094,0.028591005875605355,2707936,165141,0.06098408529595973,ok,1.0,0.0
table_2_dataset_summary,stanford_bunny,Stanford Bunny,E3,35947,A6_rch_b3_ogk,rch,C4_hybrid,hybrid_occupancy,35947,35947,D0,clean,3,ogk,off,0.09148599195759743,bc7c8177c82d370b8697b67a1b59dd0c58b357912316345d54a29b519bb138d4,6 5 5,False,0.0024077363534911276,0.009621476073921846,0.0007427446484453186,,exact,0.0007427446484453186,35947,exact,2.0014809988562656e-16,,exact,2.0014809988562656e-16,35947,exact,0.7685307536094806,exact,0.7685307536094806,35947,exact,438432.0,0.01457392831848094,0.028591005875605355,3159454,183759,0.058161631724975266,ok,1.0,0.0
table_2_dataset_summary,stanford_bunny,Stanford Bunny,E3,35947,A6_rch_b3_ogk,rch,C4_hybrid,hybrid_occupancy,35947,35947,D0,clean,4,ogk,off,0.090415038052015,bc7c8177c82d370b8697b67a1b59dd0c58b357912316345d54a29b519bb138d4,6 5 5,False,0.0024077363534911276,0.009621476073921846,0.0007427446484453186,,exact,0.0007427446484453186,35947,exact,2.0014809988562656e-16,,exact,2.0014809988562656e-16,35947,exact,0.7685307536094806,exact,0.7685307536094806,35947,exact,439848.0,0.01457392831848094,0.028591005875605355,2728819,169600,0.06215142887820702,ok,1.0,0.0
table_2_dataset_summary,stanford_bunny,Stanford Bunny,E3,35947,A7_cgal_spatial_sort,external_cgal_spatial_sort,C2_occupancy_floor1,occupancy_floor1,35947,35947,D0,clean,0,none,external,0.03362296102568507,cfa6d8b41ce405df3b6cc0a99bc02d2ebdd02e1449ac1b424488ea1a76e73d0a,0 0 0,False,0.003775665749988937,0.015087813756672843,0.0019819176134059247,,exact,0.0019819176134059247,35947,exact,7.270075697127808e-18,,exact,7.270075697127808e-18,35947,exact,0.5909950760842351,exact,0.5909950760842351,35947,exact,440960.0,0.021536451422946114,0.050812483552015446,2806376,168429,0.060016548032052724,ok,1.0,
table_2_dataset_summary,stanford_bunny,Stanford Bunny,E3,35947,A7_cgal_spatial_sort,external_cgal_spatial_sort,C2_occupancy_floor1,occupancy_floor1,35947,35947,D0,clean,1,none,external,0.03498929599300027,cfa6d8b41ce405df3b6cc0a99bc02d2ebdd02e1449ac1b424488ea1a76e73d0a,0 0 0,False,0.003775665749988937,0.015087813756672843,0.0019819176134059247,,exact,0.0019819176134059247,35947,exact,7.270075697127808e-18,,exact,7.270075697127808e-18,35947,exact,0.5909950760842351,exact,0.5909950760842351,35947,exact,442764.0,0.021536451422946114,0.050812483552015446,2498308,164380,0.06579653109224323,ok,1.0,
table_2_dataset_summary,stanford_bunny,Stanford Bunny,E3,35947,A7_cgal_spatial_sort,external_cgal_spatial_sort,C2_occupancy_floor1,occupancy_floor1,35947,35947,D0,clean,2,none,external,0.03410893492400646,cfa6d8b41ce405df3b6cc0a99bc02d2ebdd02e1449ac1b424488ea1a76e73d0a,0 0 0,False,0.003775665749988937,0.015087813756672843,0.0019819176134059247,,exact,0.0019819176134059247,35947,exact,7.270075697127808e-18,,exact,7.270075697127808e-18,35947,exact,0.5909950760842351,exact,0.5909950760842351,35947,exact,444304.0,0.021536451422946114,0.050812483552015446,2826648,164860,0.05832349836272504,ok,1.0,
table_2_dataset_summary,stanford_bunny,Stanford Bunny,E3,35947,A7_cgal_spatial_sort,external_cgal_spatial_sort,C2_occupancy_floor1,occupancy_floor1,35947,35947,D0,clean,3,none,external,0.03452975396066904,cfa6d8b41ce405df3b6cc0a99bc02d2ebdd02e1449ac1b424488ea1a76e73d0a,0 0 0,False,0.003775665749988937,0.015087813756672843,0.0019819176134059247,,exact,0.0019819176134059247,35947,exact,7.270075697127808e-18,,exact,7.270075697127808e-18,35947,exact,0.5909950760842351,exact,0.5909950760842351,35947,exact,445920.0,0.021536451422946114,0.050812483552015446,3217729,165753,0.051512417608816655,ok,1.0,
table_2_dataset_summary,stanford_bunny,Stanford Bunny,E3,35947,A7_cgal_spatial_sort,external_cgal_spatial_sort,C2_occupancy_floor1,occupancy_floor1,35947,35947,D0,clean,4,none,external,0.034403369994834065,cfa6d8b41ce405df3b6cc0a99bc02d2ebdd02e1449ac1b424488ea1a76e73d0a,0 0 0,False,0.003775665749988937,0.015087813756672843,0.0019819176134059247,,exact,0.0019819176134059247,35947,exact,7.270075697127808e-18,,exact,7.270075697127808e-18,35947,exact,0.5909950760842351,exact,0.5909950760842351,35947,exact,447408.0,0.021536451422946114,0.050812483552015446,2840303,174518,0.06144344459024266,ok,1.0,
table_2_dataset_summary,stanford_bunny,Stanford Bunny,E3,35947,A7_cgal_spatial_sort,external_cgal_spatial_sort,C3_frame_core_occupancy,frame_core_occupancy,35947,35947,D0,clean,0,none,external,0.034547421033494174,cfa6d8b41ce405df3b6cc0a99bc02d2ebdd02e1449ac1b424488ea1a76e73d0a,0 0 0,False,0.003775665749988937,0.015087813756672843,0.0019819176134059247,,exact,0.0019819176134059247,35947,exact,7.270075697127808e-18,,exact,7.270075697127808e-18,35947,exact,0.5909950760842351,exact,0.5909950760842351,35947,exact,448712.0,0.021536451422946114,0.050812483552015446,2537580,178352,0.0702842866037721,ok,1.0,
table_2_dataset_summary,stanford_bunny,Stanford Bunny,E3,35947,A7_cgal_spatial_sort,external_cgal_spatial_sort,C3_frame_core_occupancy,frame_core_occupancy,35947,35947,D0,clean,1,none,external,0.03413592593278736,cfa6d8b41ce405df3b6cc0a99bc02d2ebdd02e1449ac1b424488ea1a76e73d0a,0 0 0,False,0.003775665749988937,0.015087813756672843,0.0019819176134059247,,exact,0.0019819176134059247,35947,exact,7.270075697127808e-18,,exact,7.270075697127808e-18,35947,exact,0.5909950760842351,exact,0.5909950760842351,35947,exact,450456.0,0.021536451422946114,0.050812483552015446,3153851,178868,0.056714156756295715,ok,1.0,
table_2_dataset_summary,stanford_bunny,Stanford Bunny,E3,35947,A7_cgal_spatial_sort,external_cgal_spatial_sort,C3_frame_core_occupancy,frame_core_occupancy,35947,35947,D0,clean,2,none,external,0.03504395508207381,cfa6d8b41ce405df3b6cc0a99bc02d2ebdd02e1449ac1b424488ea1a76e73d0a,0 0 0,False,0.003775665749988937,0.015087813756672843,0.0019819176134059247,,exact,0.0019819176134059247,35947,exact,7.270075697127808e-18,,exact,7.270075697127808e-18,35947,exact,0.5909950760842351,exact,0.5909950760842351,35947,exact,451736.0,0.021536451422946114,0.050812483552015446,2725216,166692,0.06116652771743598,ok,1.0,
table_2_dataset_summary,stanford_bunny,Stanford Bunny,E3,35947,A7_cgal_spatial_sort,external_cgal_spatial_sort,C3_frame_core_occupancy,frame_core_occupancy,35947,35947,D0,clean,3,none,external,0.03415582806337625,cfa6d8b41ce405df3b6cc0a99bc02d2ebdd02e1449ac1b424488ea1a76e73d0a,0 0 0,False,0.003775665749988937,0.015087813756672843,0.0019819176134059247,,exact,0.0019819176134059247,35947,exact,7.270075697127808e-18,,exact,7.270075697127808e-18,35947,exact,0.5909950760842351,exact,0.5909950760842351,35947,exact,453120.0,0.021536451422946114,0.050812483552015446,2735066,180683,0.06606165993800515,ok,1.0,
table_2_dataset_summary,stanford_bunny,Stanford Bunny,E3,35947,A7_cgal_spatial_sort,external_cgal_spatial_sort,C3_frame_core_occupancy,frame_core_occupancy,35947,35947,D0,clean,4,none,external,0.035803729901090264,cfa6d8b41ce405df3b6cc0a99bc02d2ebdd02e1449ac1b424488ea1a76e73d0a,0 0 0,False,0.003775665749988937,0.015087813756672843,0.0019819176134059247,,exact,0.0019819176134059247,35947,exact,7.270075697127808e-18,,exact,7.270075697127808e-18,35947,exact,0.5909950760842351,exact,0.5909950760842351,35947,exact,454436.0,0.021536451422946114,0.050812483552015446,2503693,171579,0.06853036694195334,ok,1.0,
table_2_dataset_summary,stanford_bunny,Stanford Bunny,E3,35947,A7_cgal_spatial_sort,external_cgal_spatial_sort,C4_hybrid,hybrid_occupancy,35947,35947,D0,clean,0,none,external,0.03443969297222793,cfa6d8b41ce405df3b6cc0a99bc02d2ebdd02e1449ac1b424488ea1a76e73d0a,0 0 0,False,0.003775665749988937,0.015087813756672843,0.0019819176134059247,,exact,0.0019819176134059247,35947,exact,7.270075697127808e-18,,exact,7.270075697127808e-18,35947,exact,0.5909950760842351,exact,0.5909950760842351,35947,exact,455580.0,0.021536451422946114,0.050812483552015446,3053176,179882,0.05891635464185491,ok,1.0,
table_2_dataset_summary,stanford_bunny,Stanford Bunny,E3,35947,A7_cgal_spatial_sort,external_cgal_spatial_sort,C4_hybrid,hybrid_occupancy,35947,35947,D0,clean,1,none,external,0.034246876020915806,cfa6d8b41ce405df3b6cc0a99bc02d2ebdd02e1449ac1b424488ea1a76e73d0a,0 0 0,False,0.003775665749988937,0.015087813756672843,0.0019819176134059247,,exact,0.0019819176134059247,35947,exact,7.270075697127808e-18,,exact,7.270075697127808e-18,35947,exact,0.5909950760842351,exact,0.5909950760842351,35947,exact,457300.0,0.021536451422946114,0.050812483552015446,2951591,172071,0.05829771130214179,ok,1.0,
table_2_dataset_summary,stanford_bunny,Stanford Bunny,E3,35947,A7_cgal_spatial_sort,external_cgal_spatial_sort,C4_hybrid,hybrid_occupancy,35947,35947,D0,clean,2,none,external,0.035213536000810564,cfa6d8b41ce405df3b6cc0a99bc02d2ebdd02e1449ac1b424488ea1a76e73d0a,0 0 0,False,0.003775665749988937,0.015087813756672843,0.0019819176134059247,,exact,0.0019819176134059247,35947,exact,7.270075697127808e-18,,exact,7.270075697127808e-18,35947,exact,0.5909950760842351,exact,0.5909950760842351,35947,exact,458596.0,0.021536451422946114,0.050812483552015446,2644695,173553,0.06562306806645,ok,1.0,
table_2_dataset_summary,stanford_bunny,Stanford Bunny,E3,35947,A7_cgal_spatial_sort,external_cgal_spatial_sort,C4_hybrid,hybrid_occupancy,35947,35947,D0,clean,3,none,external,0.034769387915730476,cfa6d8b41ce405df3b6cc0a99bc02d2ebdd02e1449ac1b424488ea1a76e73d0a,0 0 0,False,0.003775665749988937,0.015087813756672843,0.0019819176134059247,,exact,0.0019819176134059247,35947,exact,7.270075697127808e-18,,exact,7.270075697127808e-18,35947,exact,0.5909950760842351,exact,0.5909950760842351,35947,exact,460008.0,0.021536451422946114,0.050812483552015446,2861936,174056,0.06081757244047386,ok,1.0,
table_2_dataset_summary,stanford_bunny,Stanford Bunny,E3,35947,A7_cgal_spatial_sort,external_cgal_spatial_sort,C4_hybrid,hybrid_occupancy,35947,35947,D0,clean,4,none,external,0.03400250698905438,cfa6d8b41ce405df3b6cc0a99bc02d2ebdd02e1449ac1b424488ea1a76e73d0a,0 0 0,False,0.003775665749988937,0.015087813756672843,0.0019819176134059247,,exact,0.0019819176134059247,35947,exact,7.270075697127808e-18,,exact,7.270075697127808e-18,35947,exact,0.5909950760842351,exact,0.5909950760842351,35947,exact,461420.0,0.021536451422946114,0.050812483552015446,2736116,168520,0.06159095593900259,ok,1.0,
table_2_dataset_summary,stanford_armadillo,Stanford Armadillo,E4,172974,A0_input,input,C0_uniform,uniform,172974,172974,D0,clean,0,none,off,0.13174314494244754,da95eaaeaef5572248d084f6c64a3b854ab96e22cb64193a0982dd353b978912,0 0 0,False,56.62086473982164,0.24746478712005457,5629080.397669221,,exact,5629080.397669221,172974,exact,5.676383409967456e-16,,exact,5.676383409967456e-16,172974,exact,0.2544074542994901,exact,0.2544074542994901,172974,exact,502832.0,136.54803089341436,163.92702128869163,10831835,421402,0.03890402688002541,ok,1.0,
table_2_dataset_summary,stanford_armadillo,Stanford Armadillo,E4,172974,A0_input,input,C0_uniform,uniform,172974,172974,D0,clean,1,none,off,0.13031102705281228,da95eaaeaef5572248d084f6c64a3b854ab96e22cb64193a0982dd353b978912,0 0 0,False,56.62086473982164,0.24746478712005457,5629080.397669221,,exact,5629080.397669221,172974,exact,5.676383409967456e-16,,exact,5.676383409967456e-16,172974,exact,0.2544074542994901,exact,0.2544074542994901,172974,exact,643760.0,136.54803089341436,163.92702128869163,13006025,400408,0.030786347096826278,ok,1.0,
table_2_dataset_summary,stanford_armadillo,Stanford Armadillo,E4,172974,A0_input,input,C0_uniform,uniform,172974,172974,D0,clean,2,none,off,0.12998102698475122,da95eaaeaef5572248d084f6c64a3b854ab96e22cb64193a0982dd353b978912,0 0 0,False,56.62086473982164,0.24746478712005457,5629080.397669221,,exact,5629080.397669221,172974,exact,5.676383409967456e-16,,exact,5.676383409967456e-16,172974,exact,0.2544074542994901,exact,0.2544074542994901,172974,exact,715460.0,136.54803089341436,163.92702128869163,11012790,415969,0.037771445746264114,ok,1.0,
table_2_dataset_summary,stanford_armadillo,Stanford Armadillo,E4,172974,A0_input,input,C0_uniform,uniform,172974,172974,D0,clean,3,none,off,0.13074680999852717,da95eaaeaef5572248d084f6c64a3b854ab96e22cb64193a0982dd353b978912,0 0 0,False,56.62086473982164,0.24746478712005457,5629080.397669221,,exact,5629080.397669221,172974,exact,5.676383409967456e-16,,exact,5.676383409967456e-16,172974,exact,0.2544074542994901,exact,0.2544074542994901,172974,exact,791668.0,136.54803089341436,163.92702128869163,11252616,428967,0.03812153547228484,ok,1.0,
table_2_dataset_summary,stanford_armadillo,Stanford Armadillo,E4,172974,A0_input,input,C0_uniform,uniform,172974,172974,D0,clean,4,none,off,0.13149488402996212,da95eaaeaef5572248d084f6c64a3b854ab96e22cb64193a0982dd353b978912,0 0 0,False,56.62086473982164,0.24746478712005457,5629080.397669221,,exact,5629080.397669221,172974,exact,5.676383409967456e-16,,exact,5.676383409967456e-16,172974,exact,0.2544074542994901,exact,0.2544074542994901,172974,exact,864372.0,136.54803089341436,163.92702128869163,10887556,413738,0.03800099857121286,ok,1.0,
table_2_dataset_summary,stanford_armadillo,Stanford Armadillo,E4,172974,A1_lexicographic,lexicographic,C0_uniform,uniform,172974,172974,D0,clean,0,none,off,0.1557868579402566,4e80bb811a758f5b04941f2dffefd2a6059ea287a540ef9aa655a0536b1bc52d,0 0 0,False,25.727459635266467,0.11244336078292591,3952409.204852403,,exact,3952409.204852403,172974,exact,1.9971736410385368e-13,,exact,1.9971736410385368e-13,172974,exact,0.17971631574687524,exact,0.17971631574687524,172974,exact,944440.0,65.47682508436974,142.2727004661338,10894586,556205,0.05105333970469369,ok,1.0,
table_2_dataset_summary,stanford_armadillo,Stanford Armadillo,E4,172974,A1_lexicographic,lexicographic,C0_uniform,uniform,172974,172974,D0,clean,1,none,off,0.1522890959167853,4e80bb811a758f5b04941f2dffefd2a6059ea287a540ef9aa655a0536b1bc52d,0 0 0,False,25.727459635266467,0.11244336078292591,3952409.204852403,,exact,3952409.204852403,172974,exact,1.9971736410385368e-13,,exact,1.9971736410385368e-13,172974,exact,0.17971631574687524,exact,0.17971631574687524,172974,exact,947256.0,65.47682508436974,142.2727004661338,11137324,553730,0.04971840632453541,ok,1.0,
table_2_dataset_summary,stanford_armadillo,Stanford Armadillo,E4,172974,A1_lexicographic,lexicographic,C0_uniform,uniform,172974,172974,D0,clean,2,none,off,0.15395233291201293,4e80bb811a758f5b04941f2dffefd2a6059ea287a540ef9aa655a0536b1bc52d,0 0 0,False,25.727459635266467,0.11244336078292591,3952409.204852403,,exact,3952409.204852403,172974,exact,1.9971736410385368e-13,,exact,1.9971736410385368e-13,172974,exact,0.17971631574687524,exact,0.17971631574687524,172974,exact,952656.0,65.47682508436974,142.2727004661338,11646476,554762,0.04763346440588552,ok,1.0,
table_2_dataset_summary,stanford_armadillo,Stanford Armadillo,E4,172974,A1_lexicographic,lexicographic,C0_uniform,uniform,172974,172974,D0,clean,3,none,off,0.15167257806751877,4e80bb811a758f5b04941f2dffefd2a6059ea287a540ef9aa655a0536b1bc52d,0 0 0,False,25.727459635266467,0.11244336078292591,3952409.204852403,,exact,3952409.204852403,172974,exact,1.9971736410385368e-13,,exact,1.9971736410385368e-13,172974,exact,0.17971631574687524,exact,0.17971631574687524,172974,exact,957952.0,65.47682508436974,142.2727004661338,11034017,567055,0.051391528579301626,ok,1.0,
table_2_dataset_summary,stanford_armadillo,Stanford Armadillo,E4,172974,A1_lexicographic,lexicographic,C0_uniform,uniform,172974,172974,D0,clean,4,none,off,0.15432338195387274,4e80bb811a758f5b04941f2dffefd2a6059ea287a540ef9aa655a0536b1bc52d,0 0 0,False,25.727459635266467,0.11244336078292591,3952409.204852403,,exact,3952409.204852403,172974,exact,1.9971736410385368e-13,,exact,1.9971736410385368e-13,172974,exact,0.17971631574687524,exact,0.17971631574687524,172974,exact,963512.0,65.47682508436974,142.2727004661338,11895505,565343,0.047525767085970706,ok,1.0,
table_2_dataset_summary,stanford_armadillo,Stanford Armadillo,E4,172974,A2_morton,morton,C0_uniform,uniform,172974,172974,D0,clean,0,none,off,0.20037628104910254,f07b4797822c1271b885d6cfe8976fe53852256ee491358dac3c905f8ea6a531,10 10 10,False,0.8325519741511607,0.0036387168934351945,4608608.357166729,,exact,4608608.357166729,172974,exact,6.982916579439665e-11,,exact,6.982916579439665e-11,172974,exact,0.7823314486570236,exact,0.7823314486570236,172974,exact,968980.0,6.528130057736342,13.532387314762437,11533353,563902,0.04889315362150105,ok,1.0,
table_2_dataset_summary,stanford_armadillo,Stanford Armadillo,E4,172974,A2_morton,morton,C0_uniform,uniform,172974,172974,D0,clean,1,none,off,0.1998714490327984,f07b4797822c1271b885d6cfe8976fe53852256ee491358dac3c905f8ea6a531,10 10 10,False,0.8325519741511607,0.0036387168934351945,4608608.357166729,,exact,4608608.357166729,172974,exact,6.982916579439665e-11,,exact,6.982916579439665e-11,172974,exact,0.7823314486570236,exact,0.7823314486570236,172974,exact,981528.0,6.528130057736342,13.532387314762437,11072494,560468,0.05061804504025922,ok,1.0,
table_2_dataset_summary,stanford_armadillo,Stanford Armadillo,E4,172974,A2_morton,morton,C0_uniform,uniform,172974,172974,D0,clean,2,none,off,0.19989787600934505,f07b4797822c1271b885d6cfe8976fe53852256ee491358dac3c905f8ea6a531,10 10 10,False,0.8325519741511607,0.0036387168934351945,4608608.357166729,,exact,4608608.357166729,172974,exact,6.982916579439665e-11,,exact,6.982916579439665e-11,172974,exact,0.7823314486570236,exact,0.7823314486570236,172974,exact,987116.0,6.528130057736342,13.532387314762437,11975048,587007,0.04901917720914355,ok,1.0,
table_2_dataset_summary,stanford_armadillo,Stanford Armadillo,E4,172974,A2_morton,morton,C0_uniform,uniform,172974,172974,D0,clean,3,none,off,0.20132854592520744,f07b4797822c1271b885d6cfe8976fe53852256ee491358dac3c905f8ea6a531,10 10 10,False,0.8325519741511607,0.0036387168934351945,4608608.357166729,,exact,4608608.357166729,172974,exact,6.982916579439665e-11,,exact,6.982916579439665e-11,172974,exact,0.7823314486570236,exact,0.7823314486570236,172974,exact,992396.0,6.528130057736342,13.532387314762437,14018903,558078,0.039808963654288786,ok,1.0,
table_2_dataset_summary,stanford_armadillo,Stanford Armadillo,E4,172974,A2_morton,morton,C0_uniform,uniform,172974,172974,D0,clean,4,none,off,0.2003876909147948,f07b4797822c1271b885d6cfe8976fe53852256ee491358dac3c905f8ea6a531,10 10 10,False,0.8325519741511607,0.0036387168934351945,4608608.357166729,,exact,4608608.357166729,172974,exact,6.982916579439665e-11,,exact,6.982916579439665e-11,172974,exact,0.7823314486570236,exact,0.7823314486570236,172974,exact,997976.0,6.528130057736342,13.532387314762437,12055793,566431,0.04698413451524922,ok,1.0,
table_2_dataset_summary,stanford_armadillo,Stanford Armadillo,E4,172974,A2_morton,morton,C1_monotone_half,monotone_half,172974,172974,D0,clean,0,none,off,0.20133213605731726,7470f978a93f7ab6e988c3216cd2f5a0a5b1ded4e800ed54d09f7e361cc460ef,4 10 1,False,6.258756930054158,0.027354261692204906,2122857.998864162,,exact,2122857.998864162,172974,exact,6.982916579439665e-11,,exact,6.982916579439665e-11,172974,exact,0.27301501959832114,exact,0.27301501959832114,172974,exact,1003532.0,31.992944244617757,69.88748784503342,13077833,522312,0.03993872685176512,ok,1.0,
table_2_dataset_summary,stanford_armadillo,Stanford Armadillo,E4,172974,A2_morton,morton,C1_monotone_half,monotone_half,172974,172974,D0,clean,1,none,off,0.19371380098164082,7470f978a93f7ab6e988c3216cd2f5a0a5b1ded4e800ed54d09f7e361cc460ef,4 10 1,False,6.258756930054158,0.027354261692204906,2122857.998864162,,exact,2122857.998864162,172974,exact,6.982916579439665e-11,,exact,6.982916579439665e-11,172974,exact,0.27301501959832114,exact,0.27301501959832114,172974,exact,1009276.0,31.992944244617757,69.88748784503342,11688024,545638,0.04668351125904601,ok,1.0,
table_2_dataset_summary,stanford_armadillo,Stanford Armadillo,E4,172974,A2_morton,morton,C1_monotone_half,monotone_half,172974,172974,D0,clean,2,none,off,0.2015478319954127,7470f978a93f7ab6e988c3216cd2f5a0a5b1ded4e800ed54d09f7e361cc460ef,4 10 1,False,6.258756930054158,0.027354261692204906,2122857.998864162,,exact,2122857.998864162,172974,exact,6.982916579439665e-11,,exact,6.982916579439665e-11,172974,exact,0.27301501959832114,exact,0.27301501959832114,172974,exact,1014872.0,31.992944244617757,69.88748784503342,11066918,540678,0.04885533623724329,ok,1.0,
table_2_dataset_summary,stanford_armadillo,Stanford Armadillo,E4,172974,A2_morton,morton,C1_monotone_half,monotone_half,172974,172974,D0,clean,3,none,off,0.20009712595492601,7470f978a93f7ab6e988c3216cd2f5a0a5b1ded4e800ed54d09f7e361cc460ef,4 10 1,False,6.258756930054158,0.027354261692204906,2122857.998864162,,exact,2122857.998864162,172974,exact,6.982916579439665e-11,,exact,6.982916579439665e-11,172974,exact,0.27301501959832114,exact,0.27301501959832114,172974,exact,1020392.0,31.992944244617757,69.88748784503342,12598815,579344,0.04598400722607642,ok,1.0,
table_2_dataset_summary,stanford_armadillo,Stanford Armadillo,E4,172974,A2_morton,morton,C1_monotone_half,monotone_half,172974,172974,D0,clean,4,none,off,0.20172508200630546,7470f978a93f7ab6e988c3216cd2f5a0a5b1ded4e800ed54d09f7e361cc460ef,4 10 1,False,6.258756930054158,0.027354261692204906,2122857.998864162,,exact,2122857.998864162,172974,exact,6.982916579439665e-11,,exact,6.982916579439665e-11,172974,exact,0.27301501959832114,exact,0.27301501959832114,172974,exact,1025824.0,31.992944244617757,69.88748784503342,11484850,525865,0.045787711637505064,ok,1.0,
table_2_dataset_summary,stanford_armadillo,Stanford Armadillo,E4,172974,A2_morton,morton,C2_occupancy_floor1,occupancy_floor1,172974,172974,D0,clean,0,none,off,0.2033397409832105,0564dff81fdca0403f51a19c44aa2a6a2c56431bfa53321c40179133966997cc,6 7 6,False,0.8574500471519493,0.003747535371626087,1967472.9169021,,exact,1967472.9169021,172974,exact,6.982916579439665e-11,,exact,6.982916579439665e-11,172974,exact,0.7771283545503949,exact,0.7771283545503949,172974,exact,1030892.0,6.499494690010804,14.087894574059574,12752922,579808,0.045464717811337665,ok,1.0,
table_2_dataset_summary,stanford_armadillo,Stanford Armadillo,E4,172974,A2_morton,morton,C2_occupancy_floor1,occupancy_floor1,172974,172974,D0,clean,1,none,off,0.1997597860172391,0564dff81fdca0403f51a19c44aa2a6a2c56431bfa53321c40179133966997cc,6 7 6,False,0.8574500471519493,0.003747535371626087,1967472.9169021,,exact,1967472.9169021,172974,exact,6.982916579439665e-11,,exact,6.982916579439665e-11,172974,exact,0.7771283545503949,exact,0.7771283545503949,172974,exact,1036612.0,6.499494690010804,14.087894574059574,12833949,581233,0.04528871043511237,ok,1.0,
table_2_dataset_summary,stanford_armadillo,Stanford Armadillo,E4,172974,A2_morton,morton,C2_occupancy_floor1,occupancy_floor1,172974,172974,D0,clean,2,none,off,0.20349069498479366,0564dff81fdca0403f51a19c44aa2a6a2c56431bfa53321c40179133966997cc,6 7 6,False,0.8574500471519493,0.003747535371626087,1967472.9169021,,exact,1967472.9169021,172974,exact,6.982916579439665e-11,,exact,6.982916579439665e-11,172974,exact,0.7771283545503949,exact,0.7771283545503949,172974,exact,1041900.0,6.499494690010804,14.087894574059574,11981098,538948,0.04498318935376373,ok,1.0,
table_2_dataset_summary,stanford_armadillo,Stanford Armadillo,E4,172974,A2_morton,morton,C2_occupancy_floor1,occupancy_floor1,172974,172974,D0,clean,3,none,off,0.19912664499133825,0564dff81fdca0403f51a19c44aa2a6a2c56431bfa53321c40179133966997cc,6 7 6,False,0.8574500471519493,0.003747535371626087,1967472.9169021,,exact,1967472.9169021,172974,exact,6.982916579439665e-11,,exact,6.982916579439665e-11,172974,exact,0.7771283545503949,exact,0.7771283545503949,172974,exact,1048548.0,6.499494690010804,14.087894574059574,13169942,582665,0.04424203234911741,ok,1.0,
table_2_dataset_summary,stanford_armadillo,Stanford Armadillo,E4,172974,A2_morton,morton,C2_occupancy_floor1,occupancy_floor1,172974,172974,D0,clean,4,none,off,0.20130692096427083,0564dff81fdca0403f51a19c44aa2a6a2c56431bfa53321c40179133966997cc,6 7 6,False,0.8574500471519493,0.003747535371626087,1967472.9169021,,exact,1967472.9169021,172974,exact,6.982916579439665e-11,,exact,6.982916579439665e-11,172974,exact,0.7771283545503949,exact,0.7771283545503949,172974,exact,1061480.0,6.499494690010804,14.087894574059574,12660229,550136,0.04345387433355274,ok,1.0,
table_2_dataset_summary,stanford_armadillo,Stanford Armadillo,E4,172974,A2_morton,morton,C3_frame_core_occupancy,frame_core_occupancy,172974,172974,D0,clean,0,none,off,0.2009786219568923,0564dff81fdca0403f51a19c44aa2a6a2c56431bfa53321c40179133966997cc,6 7 6,False,0.8574500471519493,0.003747535371626087,1967472.9169021,,exact,1967472.9169021,172974,exact,6.982916579439665e-11,,exact,6.982916579439665e-11,172974,exact,0.7771283545503949,exact,0.7771283545503949,172974,exact,1068044.0,6.499494690010804,14.087894574059574,11714369,541214,0.046200866645057875,ok,1.0,
table_2_dataset_summary,stanford_armadillo,Stanford Armadillo,E4,172974,A2_morton,morton,C3_frame_core_occupancy,frame_core_occupancy,172974,172974,D0,clean,1,none,off,0.20259686396457255,0564dff81fdca0403f51a19c44aa2a6a2c56431bfa53321c40179133966997cc,6 7 6,False,0.8574500471519493,0.003747535371626087,1967472.9169021,,exact,1967472.9169021,172974,exact,6.982916579439665e-11,,exact,6.982916579439665e-11,172974,exact,0.7771283545503949,exact,0.7771283545503949,172974,exact,1075116.0,6.499494690010804,14.087894574059574,11083292,561060,0.05062214367355836,ok,1.0,
table_2_dataset_summary,stanford_armadillo,Stanford Armadillo,E4,172974,A2_morton,morton,C3_frame_core_occupancy,frame_core_occupancy,172974,172974,D0,clean,2,none,off,0.19977880804799497,0564dff81fdca0403f51a19c44aa2a6a2c56431bfa53321c40179133966997cc,6 7 6,False,0.8574500471519493,0.003747535371626087,1967472.9169021,,exact,1967472.9169021,172974,exact,6.982916579439665e-11,,exact,6.982916579439665e-11,172974,exact,0.7771283545503949,exact,0.7771283545503949,172974,exact,1081980.0,6.499494690010804,14.087894574059574,11636251,553278,0.04754778837273276,ok,1.0,
table_2_dataset_summary,stanford_armadillo,Stanford Armadillo,E4,172974,A2_morton,morton,C3_frame_core_occupancy,frame_core_occupancy,172974,172974,D0,clean,3,none,off,0.20042630506213754,0564dff81fdca0403f51a19c44aa2a6a2c56431bfa53321c40179133966997cc,6 7 6,False,0.8574500471519493,0.003747535371626087,1967472.9169021,,exact,1967472.9169021,172974,exact,6.982916579439665e-11,,exact,6.982916579439665e-11,172974,exact,0.7771283545503949,exact,0.7771283545503949,172974,exact,1088892.0,6.499494690010804,14.087894574059574,11684859,558011,0.04775504779304569,ok,1.0,
table_2_dataset_summary,stanford_armadillo,Stanford Armadillo,E4,172974,A2_morton,morton,C3_frame_core_occupancy,frame_core_occupancy,172974,172974,D0,clean,4,none,off,0.20021647203247994,0564dff81fdca0403f51a19c44aa2a6a2c56431bfa53321c40179133966997cc,6 7 6,False,0.8574500471519493,0.003747535371626087,1967472.9169021,,exact,1967472.9169021,172974,exact,6.982916579439665e-11,,exact,6.982916579439665e-11,172974,exact,0.7771283545503949,exact,0.7771283545503949,172974,exact,1095688.0,6.499494690010804,14.087894574059574,14151724,553197,0.03909043166754807,ok,1.0,
table_2_dataset_summary,stanford_armadillo,Stanford Armadillo,E4,172974,A2_morton,morton,C4_hybrid,hybrid_occupancy,172974,172974,D0,clean,0,none,off,0.19974982598796487,0564dff81fdca0403f51a19c44aa2a6a2c56431bfa53321c40179133966997cc,6 7 6,False,0.8574500471519493,0.003747535371626087,1967472.9169021,,exact,1967472.9169021,172974,exact,6.982916579439665e-11,,exact,6.982916579439665e-11,172974,exact,0.7771283545503949,exact,0.7771283545503949,172974,exact,1102532.0,6.499494690010804,14.087894574059574,13279636,575350,0.04332573573552769,ok,1.0,
table_2_dataset_summary,stanford_armadillo,Stanford Armadillo,E4,172974,A2_morton,morton,C4_hybrid,hybrid_occupancy,172974,172974,D0,clean,1,none,off,0.20325436699204147,0564dff81fdca0403f51a19c44aa2a6a2c56431bfa53321c40179133966997cc,6 7 6,False,0.8574500471519493,0.003747535371626087,1967472.9169021,,exact,1967472.9169021,172974,exact,6.982916579439665e-11,,exact,6.982916579439665e-11,172974,exact,0.7771283545503949,exact,0.7771283545503949,172974,exact,1109464.0,6.499494690010804,14.087894574059574,11292188,544591,0.04822723461564756,ok,1.0,
table_2_dataset_summary,stanford_armadillo,Stanford Armadillo,E4,172974,A2_morton,morton,C4_hybrid,hybrid_occupancy,172974,172974,D0,clean,2,none,off,0.1989065259695053,0564dff81fdca0403f51a19c44aa2a6a2c56431bfa53321c40179133966997cc,6 7 6,False,0.8574500471519493,0.003747535371626087,1967472.9169021,,exact,1967472.9169021,172974,exact,6.982916579439665e-11,,exact,6.982916579439665e-11,172974,exact,0.7771283545503949,exact,0.7771283545503949,172974,exact,1116360.0,6.499494690010804,14.087894574059574,11768493,553086,0.04699718137233034,ok,1.0,
table_2_dataset_summary,stanford_armadillo,Stanford Armadillo,E4,172974,A2_morton,morton,C4_hybrid,hybrid_occupancy,172974,172974,D0,clean,3,none,off,0.20076395105570555,0564dff81fdca0403f51a19c44aa2a6a2c56431bfa53321c40179133966997cc,6 7 6,False,0.8574500471519493,0.003747535371626087,1967472.9169021,,exact,1967472.9169021,172974,exact,6.982916579439665e-11,,exact,6.982916579439665e-11,172974,exact,0.7771283545503949,exact,0.7771283545503949,172974,exact,1123212.0,6.499494690010804,14.087894574059574,12799308,547127,0.04274660786348762,ok,1.0,
table_2_dataset_summary,stanford_armadillo,Stanford Armadillo,E4,172974,A2_morton,morton,C4_hybrid,hybrid_occupancy,172974,172974,D0,clean,4,none,off,0.20105610706377774,0564dff81fdca0403f51a19c44aa2a6a2c56431bfa53321c40179133966997cc,6 7 6,False,0.8574500471519493,0.003747535371626087,1967472.9169021,,exact,1967472.9169021,172974,exact,6.982916579439665e-11,,exact,6.982916579439665e-11,172974,exact,0.7771283545503949,exact,0.7771283545503949,172974,exact,1129856.0,6.499494690010804,14.087894574059574,12163272,561989,0.04620376819658394,ok,1.0,
table_2_dataset_summary,stanford_armadillo,Stanford Armadillo,E4,172974,A3_isotropic_hilbert,isotropic_hilbert,C0_uniform,uniform,172974,172974,D0,clean,0,none,off,0.2087709860643372,e10e5370074eb1c61cfff40c06a7c55098b433bd3c708d6f7e85599aa7b43579,10 10 10,False,0.6990836851730473,0.0030553859628495027,424165.28744362487,,exact,424165.28744362487,172974,exact,6.982916579439665e-11,,exact,6.982916579439665e-11,172974,exact,0.7827072276758357,exact,0.7827072276758357,172974,exact,1136892.0,5.361186738857145,10.05862342097643,12838251,573988,0.04470920532711192,ok,1.0,
table_2_dataset_summary,stanford_armadillo,Stanford Armadillo,E4,172974,A3_isotropic_hilbert,isotropic_hilbert,C0_uniform,uniform,172974,172974,D0,clean,1,none,off,0.20917302195448428,e10e5370074eb1c61cfff40c06a7c55098b433bd3c708d6f7e85599aa7b43579,10 10 10,False,0.6990836851730473,0.0030553859628495027,424165.28744362487,,exact,424165.28744362487,172974,exact,6.982916579439665e-11,,exact,6.982916579439665e-11,172974,exact,0.7827072276758357,exact,0.7827072276758357,172974,exact,1143528.0,5.361186738857145,10.05862342097643,13829235,558512,0.04038632650323753,ok,1.0,
table_2_dataset_summary,stanford_armadillo,Stanford Armadillo,E4,172974,A3_isotropic_hilbert,isotropic_hilbert,C0_uniform,uniform,172974,172974,D0,clean,2,none,off,0.20827728102449328,e10e5370074eb1c61cfff40c06a7c55098b433bd3c708d6f7e85599aa7b43579,10 10 10,False,0.6990836851730473,0.0030553859628495027,424165.28744362487,,exact,424165.28744362487,172974,exact,6.982916579439665e-11,,exact,6.982916579439665e-11,172974,exact,0.7827072276758357,exact,0.7827072276758357,172974,exact,1150352.0,5.361186738857145,10.05862342097643,11352042,569682,0.05018321813819928,ok,1.0,
table_2_dataset_summary,stanford_armadillo,Stanford Armadillo,E4,172974,A3_isotropic_hilbert,isotropic_hilbert,C0_uniform,uniform,172974,172974,D0,clean,3,none,off,0.21124239300843328,e10e5370074eb1c61cfff40c06a7c55098b433bd3c708d6f7e85599aa7b43579,10 10 10,False,0.6990836851730473,0.0030553859628495027,424165.28744362487,,exact,424165.28744362487,172974,exact,6.982916579439665e-11,,exact,6.982916579439665e-11,172974,exact,0.7827072276758357,exact,0.7827072276758357,172974,exact,1157152.0,5.361186738857145,10.05862342097643,11935085,565847,0.04741038710658533,ok,1.0,
table_2_dataset_summary,stanford_armadillo,Stanford Armadillo,E4,172974,A3_isotropic_hilbert,isotropic_hilbert,C0_uniform,uniform,172974,172974,D0,clean,4,none,off,0.2076780420029536,e10e5370074eb1c61cfff40c06a7c55098b433bd3c708d6f7e85599aa7b43579,10 10 10,False,0.6990836851730473,0.0030553859628495027,424165.28744362487,,exact,424165.28744362487,172974,exact,6.982916579439665e-11,,exact,6.982916579439665e-11,172974,exact,0.7827072276758357,exact,0.7827072276758357,172974,exact,1163952.0,5.361186738857145,10.05862342097643,11527182,559431,0.04853146241639977,ok,1.0,
table_2_dataset_summary,stanford_armadillo,Stanford Armadillo,E4,172974,A3_isotropic_hilbert,isotropic_hilbert,C1_monotone_half,monotone_half,172974,172974,D0,clean,0,none,off,0.21151343802921474,e10e5370074eb1c61cfff40c06a7c55098b433bd3c708d6f7e85599aa7b43579,10 10 10,False,0.6990836851730473,0.0030553859628495027,424165.28744362487,,exact,424165.28744362487,172974,exact,6.982916579439665e-11,,exact,6.982916579439665e-11,172974,exact,0.7827072276758357,exact,0.7827072276758357,172974,exact,1170416.0,5.361186738857145,10.05862342097643,11626407,577287,0.049653087148936036,ok,1.0,
table_2_dataset_summary,stanford_armadillo,Stanford Armadillo,E4,172974,A3_isotropic_hilbert,isotropic_hilbert,C1_monotone_half,monotone_half,172974,172974,D0,clean,1,none,off,0.2075760120060295,e10e5370074eb1c61cfff40c06a7c55098b433bd3c708d6f7e85599aa7b43579,10 10 10,False,0.6990836851730473,0.0030553859628495027,424165.28744362487,,exact,424165.28744362487,172974,exact,6.982916579439665e-11,,exact,6.982916579439665e-11,172974,exact,0.7827072276758357,exact,0.7827072276758357,172974,exact,1177408.0,5.361186738857145,10.05862342097643,11575488,583530,0.050410833651246496,ok,1.0,
table_2_dataset_summary,stanford_armadillo,Stanford Armadillo,E4,172974,A3_isotropic_hilbert,isotropic_hilbert,C1_monotone_half,monotone_half,172974,172974,D0,clean,2,none,off,0.21128799498546869,e10e5370074eb1c61cfff40c06a7c55098b433bd3c708d6f7e85599aa7b43579,10 10 10,False,0.6990836851730473,0.0030553859628495027,424165.28744362487,,exact,424165.28744362487,172974,exact,6.982916579439665e-11,,exact,6.982916579439665e-11,172974,exact,0.7827072276758357,exact,0.7827072276758357,172974,exact,1184464.0,5.361186738857145,10.05862342097643,11347495,577173,0.050863472510893376,ok,1.0,
table_2_dataset_summary,stanford_armadillo,Stanford Armadillo,E4,172974,A3_isotropic_hilbert,isotropic_hilbert,C1_monotone_half,monotone_half,172974,172974,D0,clean,3,none,off,0.2085918199736625,e10e5370074eb1c61cfff40c06a7c55098b433bd3c708d6f7e85599aa7b43579,10 10 10,False,0.6990836851730473,0.0030553859628495027,424165.28744362487,,exact,424165.28744362487,172974,exact,6.982916579439665e-11,,exact,6.982916579439665e-11,172974,exact,0.7827072276758357,exact,0.7827072276758357,172974,exact,1191248.0,5.361186738857145,10.05862342097643,11230012,576975,0.05137795044208323,ok,1.0,
table_2_dataset_summary,stanford_armadillo,Stanford Armadillo,E4,172974,A3_isotropic_hilbert,isotropic_hilbert,C1_monotone_half,monotone_half,172974,172974,D0,clean,4,none,off,0.2103807060047984,e10e5370074eb1c61cfff40c06a7c55098b433bd3c708d6f7e85599aa7b43579,10 10 10,False,0.6990836851730473,0.0030553859628495027,424165.28744362487,,exact,424165.28744362487,172974,exact,6.982916579439665e-11,,exact,6.982916579439665e-11,172974,exact,0.7827072276758357,exact,0.7827072276758357,172974,exact,1197824.0,5.361186738857145,10.05862342097643,12869914,566726,0.04403494848528126,ok,1.0,
table_2_dataset_summary,stanford_armadillo,Stanford Armadillo,E4,172974,A3_isotropic_hilbert,isotropic_hilbert,C2_occupancy_floor1,occupancy_floor1,172974,172974,D0,clean,0,none,off,0.21231722796801478,e10e5370074eb1c61cfff40c06a7c55098b433bd3c708d6f7e85599aa7b43579,10 10 10,False,0.6990836851730473,0.0030553859628495027,424165.28744362487,,exact,424165.28744362487,172974,exact,6.982916579439665e-11,,exact,6.982916579439665e-11,172974,exact,0.7827072276758357,exact,0.7827072276758357,172974,exact,1204596.0,5.361186738857145,10.05862342097643,13995005,578480,0.04133474764746422,ok,1.0,
table_2_dataset_summary,stanford_armadillo,Stanford Armadillo,E4,172974,A3_isotropic_hilbert,isotropic_hilbert,C2_occupancy_floor1,occupancy_floor1,172974,172974,D0,clean,1,none,off,0.21300130698364228,e10e5370074eb1c61cfff40c06a7c55098b433bd3c708d6f7e85599aa7b43579,10 10 10,False,0.6990836851730473,0.0030553859628495027,424165.28744362487,,exact,424165.28744362487,172974,exact,6.982916579439665e-11,,exact,6.982916579439665e-11,172974,exact,0.7827072276758357,exact,0.7827072276758357,172974,exact,1211344.0,5.361186738857145,10.05862342097643,11866704,570887,0.04810830370421307,ok,1.0,
table_2_dataset_summary,stanford_armadillo,Stanford Armadillo,E4,172974,A3_isotropic_hilbert,isotropic_hilbert,C2_occupancy_floor1,occupancy_floor1,172974,172974,D0,clean,2,none,off,0.2083675810135901,e10e5370074eb1c61cfff40c06a7c55098b433bd3c708d6f7e85599aa7b43579,10 10 10,False,0.6990836851730473,0.0030553859628495027,424165.28744362487,,exact,424165.28744362487,172974,exact,6.982916579439665e-11,,exact,6.982916579439665e-11,172974,exact,0.7827072276758357,exact,0.7827072276758357,172974,exact,1218096.0,5.361186738857145,10.05862342097643,11677120,593705,0.05084344427393056,ok,1.0,
table_2_dataset_summary,stanford_armadillo,Stanford Armadillo,E4,172974,A3_isotropic_hilbert,isotropic_hilbert,C2_occupancy_floor1,occupancy_floor1,172974,172974,D0,clean,3,none,off,0.21491676894947886,e10e5370074eb1c61cfff40c06a7c55098b433bd3c708d6f7e85599aa7b43579,10 10 10,False,0.6990836851730473,0.0030553859628495027,424165.28744362487,,exact,424165.28744362487,172974,exact,6.982916579439665e-11,,exact,6.982916579439665e-11,172974,exact,0.7827072276758357,exact,0.7827072276758357,172974,exact,1224988.0,5.361186738857145,10.05862342097643,11753184,586811,0.049927832321862736,ok,1.0,
table_2_dataset_summary,stanford_armadillo,Stanford Armadillo,E4,172974,A3_isotropic_hilbert,isotropic_hilbert,C2_occupancy_floor1,occupancy_floor1,172974,172974,D0,clean,4,none,off,0.20949813397601247,e10e5370074eb1c61cfff40c06a7c55098b433bd3c708d6f7e85599aa7b43579,10 10 10,False,0.6990836851730473,0.0030553859628495027,424165.28744362487,,exact,424165.28744362487,172974,exact,6.982916579439665e-11,,exact,6.982916579439665e-11,172974,exact,0.7827072276758357,exact,0.7827072276758357,172974,exact,1232148.0,5.361186738857145,10.05862342097643,12725791,571426,0.04490298481249613,ok,1.0,
table_2_dataset_summary,stanford_armadillo,Stanford Armadillo,E4,172974,A3_isotropic_hilbert,isotropic_hilbert,C3_frame_core_occupancy,frame_core_occupancy,172974,172974,D0,clean,0,none,off,0.21202951297163963,e10e5370074eb1c61cfff40c06a7c55098b433bd3c708d6f7e85599aa7b43579,10 10 10,False,0.6990836851730473,0.0030553859628495027,424165.28744362487,,exact,424165.28744362487,172974,exact,6.982916579439665e-11,,exact,6.982916579439665e-11,172974,exact,0.7827072276758357,exact,0.7827072276758357,172974,exact,1239020.0,5.361186738857145,10.05862342097643,14303434,581305,0.040640939791101914,ok,1.0,
table_2_dataset_summary,stanford_armadillo,Stanford Armadillo,E4,172974,A3_isotropic_hilbert,isotropic_hilbert,C3_frame_core_occupancy,frame_core_occupancy,172974,172974,D0,clean,1,none,off,0.20770622696727514,e10e5370074eb1c61cfff40c06a7c55098b433bd3c708d6f7e85599aa7b43579,10 10 10,False,0.6990836851730473,0.0030553859628495027,424165.28744362487,,exact,424165.28744362487,172974,exact,6.982916579439665e-11,,exact,6.982916579439665e-11,172974,exact,0.7827072276758357,exact,0.7827072276758357,172974,exact,1245812.0,5.361186738857145,10.05862342097643,11012787,580548,0.05271581117477347,ok,1.0,
table_2_dataset_summary,stanford_armadillo,Stanford Armadillo,E4,172974,A3_isotropic_hilbert,isotropic_hilbert,C3_frame_core_occupancy,frame_core_occupancy,172974,172974,D0,clean,2,none,off,0.21077207091730088,e10e5370074eb1c61cfff40c06a7c55098b433bd3c708d6f7e85599aa7b43579,10 10 10,False,0.6990836851730473,0.0030553859628495027,424165.28744362487,,exact,424165.28744362487,172974,exact,6.982916579439665e-11,,exact,6.982916579439665e-11,172974,exact,0.7827072276758357,exact,0.7827072276758357,172974,exact,1253544.0,5.361186738857145,10.05862342097643,10966037,582711,0.053137792622804395,ok,1.0,
table_2_dataset_summary,stanford_armadillo,Stanford Armadillo,E4,172974,A3_isotropic_hilbert,isotropic_hilbert,C3_frame_core_occupancy,frame_core_occupancy,172974,172974,D0,clean,3,none,off,0.20956415391992778,e10e5370074eb1c61cfff40c06a7c55098b433bd3c708d6f7e85599aa7b43579,10 10 10,False,0.6990836851730473,0.0030553859628495027,424165.28744362487,,exact,424165.28744362487,172974,exact,6.982916579439665e-11,,exact,6.982916579439665e-11,172974,exact,0.7827072276758357,exact,0.7827072276758357,172974,exact,1260136.0,5.361186738857145,10.05862342097643,11255256,584121,0.05189762009855662,ok,1.0,
table_2_dataset_summary,stanford_armadillo,Stanford Armadillo,E4,172974,A3_isotropic_hilbert,isotropic_hilbert,C3_frame_core_occupancy,frame_core_occupancy,172974,172974,D0,clean,4,none,off,0.21174091298598796,e10e5370074eb1c61cfff40c06a7c55098b433bd3c708d6f7e85599aa7b43579,10 10 10,False,0.6990836851730473,0.0030553859628495027,424165.28744362487,,exact,424165.28744362487,172974,exact,6.982916579439665e-11,,exact,6.982916579439665e-11,172974,exact,0.7827072276758357,exact,0.7827072276758357,172974,exact,1267116.0,5.361186738857145,10.05862342097643,13081655,574492,0.04391585009694874,ok,1.0,
table_2_dataset_summary,stanford_armadillo,Stanford Armadillo,E4,172974,A3_isotropic_hilbert,isotropic_hilbert,C4_hybrid,hybrid_occupancy,172974,172974,D0,clean,0,none,off,0.2122905410360545,e10e5370074eb1c61cfff40c06a7c55098b433bd3c708d6f7e85599aa7b43579,10 10 10,False,0.6990836851730473,0.0030553859628495027,424165.28744362487,,exact,424165.28744362487,172974,exact,6.982916579439665e-11,,exact,6.982916579439665e-11,172974,exact,0.7827072276758357,exact,0.7827072276758357,172974,exact,1273544.0,5.361186738857145,10.05862342097643,11362461,561901,0.049452402960943054,ok,1.0,
table_2_dataset_summary,stanford_armadillo,Stanford Armadillo,E4,172974,A3_isotropic_hilbert,isotropic_hilbert,C4_hybrid,hybrid_occupancy,172974,172974,D0,clean,1,none,off,0.21183004800695926,e10e5370074eb1c61cfff40c06a7c55098b433bd3c708d6f7e85599aa7b43579,10 10 10,False,0.6990836851730473,0.0030553859628495027,424165.28744362487,,exact,424165.28744362487,172974,exact,6.982916579439665e-11,,exact,6.982916579439665e-11,172974,exact,0.7827072276758357,exact,0.7827072276758357,172974,exact,1280448.0,5.361186738857145,10.05862342097643,12236480,557363,0.04554929195324146,ok,1.0,
table_2_dataset_summary,stanford_armadillo,Stanford Armadillo,E4,172974,A3_isotropic_hilbert,isotropic_hilbert,C4_hybrid,hybrid_occupancy,172974,172974,D0,clean,2,none,off,0.21134633000474423,e10e5370074eb1c61cfff40c06a7c55098b433bd3c708d6f7e85599aa7b43579,10 10 10,False,0.6990836851730473,0.0030553859628495027,424165.28744362487,,exact,424165.28744362487,172974,exact,6.982916579439665e-11,,exact,6.982916579439665e-11,172974,exact,0.7827072276758357,exact,0.7827072276758357,172974,exact,1287332.0,5.361186738857145,10.05862342097643,11030722,589936,0.053481177388025915,ok,1.0,
table_2_dataset_summary,stanford_armadillo,Stanford Armadillo,E4,172974,A3_isotropic_hilbert,isotropic_hilbert,C4_hybrid,hybrid_occupancy,172974,172974,D0,clean,3,none,off,0.21147089696023613,e10e5370074eb1c61cfff40c06a7c55098b433bd3c708d6f7e85599aa7b43579,10 10 10,False,0.6990836851730473,0.0030553859628495027,424165.28744362487,,exact,424165.28744362487,172974,exact,6.982916579439665e-11,,exact,6.982916579439665e-11,172974,exact,0.7827072276758357,exact,0.7827072276758357,172974,exact,1294228.0,5.361186738857145,10.05862342097643,16274465,568720,0.03494554198863065,ok,1.0,
table_2_dataset_summary,stanford_armadillo,Stanford Armadillo,E4,172974,A3_isotropic_hilbert,isotropic_hilbert,C4_hybrid,hybrid_occupancy,172974,172974,D0,clean,4,none,off,0.20992615004070103,e10e5370074eb1c61cfff40c06a7c55098b433bd3c708d6f7e85599aa7b43579,10 10 10,False,0.6990836851730473,0.0030553859628495027,424165.28744362487,,exact,424165.28744362487,172974,exact,6.982916579439665e-11,,exact,6.982916579439665e-11,172974,exact,0.7827072276758357,exact,0.7827072276758357,172974,exact,1301284.0,5.361186738857145,10.05862342097643,12671442,565633,0.0446384081622281,ok,1.0,
table_2_dataset_summary,stanford_armadillo,Stanford Armadillo,E4,172974,A4_compact_hilbert_aabb,compact_hilbert_aabb,C0_uniform,uniform,172974,172974,D0,clean,0,none,off,0.21346655499655753,1c7d0027b6033b9c0dba565efc5685cb512d5e40fab3dc3f558f7d1e13892293,10 10 10,False,0.6990836851730473,0.0030553859628495027,424165.28744362487,,exact,424165.28744362487,172974,exact,6.982916579439665e-11,,exact,6.982916579439665e-11,172974,exact,0.7827072276758357,exact,0.7827072276758357,172974,exact,1308448.0,5.361186738857145,10.05862342097643,10416416,577891,0.05547887104355279,ok,1.0,
table_2_dataset_summary,stanford_armadillo,Stanford Armadillo,E4,172974,A4_compact_hilbert_aabb,compact_hilbert_aabb,C0_uniform,uniform,172974,172974,D0,clean,1,none,off,0.2140446730190888,1c7d0027b6033b9c0dba565efc5685cb512d5e40fab3dc3f558f7d1e13892293,10 10 10,False,0.6990836851730473,0.0030553859628495027,424165.28744362487,,exact,424165.28744362487,172974,exact,6.982916579439665e-11,,exact,6.982916579439665e-11,172974,exact,0.7827072276758357,exact,0.7827072276758357,172974,exact,1315400.0,5.361186738857145,10.05862342097643,12049015,578803,0.04803737068963729,ok,1.0,
table_2_dataset_summary,stanford_armadillo,Stanford Armadillo,E4,172974,A4_compact_hilbert_aabb,compact_hilbert_aabb,C0_uniform,uniform,172974,172974,D0,clean,2,none,off,0.2147700999630615,1c7d0027b6033b9c0dba565efc5685cb512d5e40fab3dc3f558f7d1e13892293,10 10 10,False,0.6990836851730473,0.0030553859628495027,424165.28744362487,,exact,424165.28744362487,172974,exact,6.982916579439665e-11,,exact,6.982916579439665e-11,172974,exact,0.7827072276758357,exact,0.7827072276758357,172974,exact,1322316.0,5.361186738857145,10.05862342097643,13396605,580133,0.043304479007927756,ok,1.0,
table_2_dataset_summary,stanford_armadillo,Stanford Armadillo,E4,172974,A4_compact_hilbert_aabb,compact_hilbert_aabb,C0_uniform,uniform,172974,172974,D0,clean,3,none,off,0.21555618906859308,1c7d0027b6033b9c0dba565efc5685cb512d5e40fab3dc3f558f7d1e13892293,10 10 10,False,0.6990836851730473,0.0030553859628495027,424165.28744362487,,exact,424165.28744362487,172974,exact,6.982916579439665e-11,,exact,6.982916579439665e-11,172974,exact,0.7827072276758357,exact,0.7827072276758357,172974,exact,1328932.0,5.361186738857145,10.05862342097643,11733571,589256,0.050219664584634977,ok,1.0,
table_2_dataset_summary,stanford_armadillo,Stanford Armadillo,E4,172974,A4_compact_hilbert_aabb,compact_hilbert_aabb,C0_uniform,uniform,172974,172974,D0,clean,4,none,off,0.20388518506661057,1c7d0027b6033b9c0dba565efc5685cb512d5e40fab3dc3f558f7d1e13892293,10 10 10,False,0.6990836851730473,0.0030553859628495027,424165.28744362487,,exact,424165.28744362487,172974,exact,6.982916579439665e-11,,exact,6.982916579439665e-11,172974,exact,0.7827072276758357,exact,0.7827072276758357,172974,exact,1335700.0,5.361186738857145,10.05862342097643,12451013,578411,0.046454935032193764,ok,1.0,
table_2_dataset_summary,stanford_armadillo,Stanford Armadillo,E4,172974,A4_compact_hilbert_aabb,compact_hilbert_aabb,C1_monotone_half,monotone_half,172974,172974,D0,clean,0,none,off,0.2134532369673252,178d2549a77d66005ca92398498e4d720308f88e99a17b3e82762faefb8367ad,4 10 1,False,6.291232373070755,0.027496197507379402,1613537.2158013028,,exact,1613537.2158013028,172974,exact,6.982916579439665e-11,,exact,6.982916579439665e-11,172974,exact,0.2945710048909085,exact,0.2945710048909085,172974,exact,1342652.0,30.489448824119197,67.75325805528176,10988840,527359,0.04799041573086877,ok,1.0,
table_2_dataset_summary,stanford_armadillo,Stanford Armadillo,E4,172974,A4_compact_hilbert_aabb,compact_hilbert_aabb,C1_monotone_half,monotone_half,172974,172974,D0,clean,1,none,off,0.21393119997810572,178d2549a77d66005ca92398498e4d720308f88e99a17b3e82762faefb8367ad,4 10 1,False,6.291232373070755,0.027496197507379402,1613537.2158013028,,exact,1613537.2158013028,172974,exact,6.982916579439665e-11,,exact,6.982916579439665e-11,172974,exact,0.2945710048909085,exact,0.2945710048909085,172974,exact,1349668.0,30.489448824119197,67.75325805528176,11484836,563435,0.04905903749953417,ok,1.0,
table_2_dataset_summary,stanford_armadillo,Stanford Armadillo,E4,172974,A4_compact_hilbert_aabb,compact_hilbert_aabb,C1_monotone_half,monotone_half,172974,172974,D0,clean,2,none,off,0.2129651471041143,178d2549a77d66005ca92398498e4d720308f88e99a17b3e82762faefb8367ad,4 10 1,False,6.291232373070755,0.027496197507379402,1613537.2158013028,,exact,1613537.2158013028,172974,exact,6.982916579439665e-11,,exact,6.982916579439665e-11,172974,exact,0.2945710048909085,exact,0.2945710048909085,172974,exact,1356492.0,30.489448824119197,67.75325805528176,13123093,544516,0.041492962063135574,ok,1.0,
table_2_dataset_summary,stanford_armadillo,Stanford Armadillo,E4,172974,A4_compact_hilbert_aabb,compact_hilbert_aabb,C1_monotone_half,monotone_half,172974,172974,D0,clean,3,none,off,0.21319511393085122,178d2549a77d66005ca92398498e4d720308f88e99a17b3e82762faefb8367ad,4 10 1,False,6.291232373070755,0.027496197507379402,1613537.2158013028,,exact,1613537.2158013028,172974,exact,6.982916579439665e-11,,exact,6.982916579439665e-11,172974,exact,0.2945710048909085,exact,0.2945710048909085,172974,exact,1363516.0,30.489448824119197,67.75325805528176,12922204,543904,0.04209065264718,ok,1.0,
table_2_dataset_summary,stanford_armadillo,Stanford Armadillo,E4,172974,A4_compact_hilbert_aabb,compact_hilbert_aabb,C1_monotone_half,monotone_half,172974,172974,D0,clean,4,none,off,0.21079363697208464,178d2549a77d66005ca92398498e4d720308f88e99a17b3e82762faefb8367ad,4 10 1,False,6.291232373070755,0.027496197507379402,1613537.2158013028,,exact,1613537.2158013028,172974,exact,6.982916579439665e-11,,exact,6.982916579439665e-11,172974,exact,0.2945710048909085,exact,0.2945710048909085,172974,exact,1370272.0,30.489448824119197,67.75325805528176,11556664,561859,0.04861774989737523,ok,1.0,
table_2_dataset_summary,stanford_armadillo,Stanford Armadillo,E4,172974,A4_compact_hilbert_aabb,compact_hilbert_aabb,C2_occupancy_floor1,occupancy_floor1,172974,172974,D0,clean,0,none,off,0.20724293403327465,3cd4774b330dd82d4a08d397c8e7a11c62cb0676351caf800afa93e01ea6afdc,6 7 6,False,0.8299171406438485,0.0036272012001306165,3211168.689095112,,exact,3211168.689095112,172974,exact,6.982916579439665e-11,,exact,6.982916579439665e-11,172974,exact,0.7751410616624463,exact,0.7751410616624463,172974,exact,1377164.0,5.546972438507761,10.37735963171846,13394992,564483,0.042141346556981894,ok,1.0,
table_2_dataset_summary,stanford_armadillo,Stanford Armadillo,E4,172974,A4_compact_hilbert_aabb,compact_hilbert_aabb,C2_occupancy_floor1,occupancy_floor1,172974,172974,D0,clean,1,none,off,0.20996386103797704,3cd4774b330dd82d4a08d397c8e7a11c62cb0676351caf800afa93e01ea6afdc,6 7 6,False,0.8299171406438485,0.0036272012001306165,3211168.689095112,,exact,3211168.689095112,172974,exact,6.982916579439665e-11,,exact,6.982916579439665e-11,172974,exact,0.7751410616624463,exact,0.7751410616624463,172974,exact,1383964.0,5.546972438507761,10.37735963171846,10971296,553062,0.05040990599469743,ok,1.0,
table_2_dataset_summary,stanford_armadillo,Stanford Armadillo,E4,172974,A4_compact_hilbert_aabb,compact_hilbert_aabb,C2_occupancy_floor1,occupancy_floor1,172974,172974,D0,clean,2,none,off,0.20682269800454378,3cd4774b330dd82d4a08d397c8e7a11c62cb0676351caf800afa93e01ea6afdc,6 7 6,False,0.8299171406438485,0.0036272012001306165,3211168.689095112,,exact,3211168.689095112,172974,exact,6.982916579439665e-11,,exact,6.982916579439665e-11,172974,exact,0.7751410616624463,exact,0.7751410616624463,172974,exact,1391144.0,5.546972438507761,10.37735963171846,11907776,569292,0.047808423672061014,ok,1.0,
table_2_dataset_summary,stanford_armadillo,Stanford Armadillo,E4,172974,A4_compact_hilbert_aabb,compact_hilbert_aabb,C2_occupancy_floor1,occupancy_floor1,172974,172974,D0,clean,3,none,off,0.2094144510338083,3cd4774b330dd82d4a08d397c8e7a11c62cb0676351caf800afa93e01ea6afdc,6 7 6,False,0.8299171406438485,0.0036272012001306165,3211168.689095112,,exact,3211168.689095112,172974,exact,6.982916579439665e-11,,exact,6.982916579439665e-11,172974,exact,0.7751410616624463,exact,0.7751410616624463,172974,exact,1397832.0,5.546972438507761,10.37735963171846,12234814,543561,0.044427402002188185,ok,1.0,
table_2_dataset_summary,stanford_armadillo,Stanford Armadillo,E4,172974,A4_compact_hilbert_aabb,compact_hilbert_aabb,C2_occupancy_floor1,occupancy_floor1,172974,172974,D0,clean,4,none,off,0.20840138499625027,3cd4774b330dd82d4a08d397c8e7a11c62cb0676351caf800afa93e01ea6afdc,6 7 6,False,0.8299171406438485,0.0036272012001306165,3211168.689095112,,exact,3211168.689095112,172974,exact,6.982916579439665e-11,,exact,6.982916579439665e-11,172974,exact,0.7751410616624463,exact,0.7751410616624463,172974,exact,1404984.0,5.546972438507761,10.37735963171846,12364811,595836,0.04818803942898925,ok,1.0,
table_2_dataset_summary,stanford_armadillo,Stanford Armadillo,E4,172974,A5_pca_compact_hilbert,pca_compact_hilbert,C0_uniform,uniform,172974,172974,D0,clean,0,sample_covariance,off,0.21653426403645426,35342c7614cf5989b3321b6990173ce4c933241f897a27fd493c8097f9e3f714,10 10 10,False,0.7332850676162046,0.0032048650968118458,1560558.0505786391,,exact,1560558.0505786391,172974,exact,6.982916579439665e-11,,exact,6.982916579439665e-11,172974,exact,0.7707747985246337,exact,0.7707747985246337,172974,exact,1411652.0,5.6843334539880725,11.049828501936343,11854151,574258,0.04844362114165747,ok,1.0,0.0
table_2_dataset_summary,stanford_armadillo,Stanford Armadillo,E4,172974,A5_pca_compact_hilbert,pca_compact_hilbert,C0_uniform,uniform,172974,172974,D0,clean,1,sample_covariance,off,0.2199452300556004,35342c7614cf5989b3321b6990173ce4c933241f897a27fd493c8097f9e3f714,10 10 10,False,0.7332850676162046,0.0032048650968118458,1560558.0505786391,,exact,1560558.0505786391,172974,exact,6.982916579439665e-11,,exact,6.982916579439665e-11,172974,exact,0.7707747985246337,exact,0.7707747985246337,172974,exact,1418644.0,5.6843334539880725,11.049828501936343,11987587,588283,0.049074346655419473,ok,1.0,0.0
table_2_dataset_summary,stanford_armadillo,Stanford Armadillo,E4,172974,A5_pca_compact_hilbert,pca_compact_hilbert,C0_uniform,uniform,172974,172974,D0,clean,2,sample_covariance,off,0.21497106191236526,35342c7614cf5989b3321b6990173ce4c933241f897a27fd493c8097f9e3f714,10 10 10,False,0.7332850676162046,0.0032048650968118458,1560558.0505786391,,exact,1560558.0505786391,172974,exact,6.982916579439665e-11,,exact,6.982916579439665e-11,172974,exact,0.7707747985246337,exact,0.7707747985246337,172974,exact,1425192.0,5.6843334539880725,11.049828501936343,12493943,577943,0.04625785470607638,ok,1.0,0.0
table_2_dataset_summary,stanford_armadillo,Stanford Armadillo,E4,172974,A5_pca_compact_hilbert,pca_compact_hilbert,C0_uniform,uniform,172974,172974,D0,clean,3,sample_covariance,off,0.21530872106086463,35342c7614cf5989b3321b6990173ce4c933241f897a27fd493c8097f9e3f714,10 10 10,False,0.7332850676162046,0.0032048650968118458,1560558.0505786391,,exact,1560558.0505786391,172974,exact,6.982916579439665e-11,,exact,6.982916579439665e-11,172974,exact,0.7707747985246337,exact,0.7707747985246337,172974,exact,1432340.0,5.6843334539880725,11.049828501936343,13129533,602904,0.045919683510449304,ok,1.0,0.0
table_2_dataset_summary,stanford_armadillo,Stanford Armadillo,E4,172974,A5_pca_compact_hilbert,pca_compact_hilbert,C0_uniform,uniform,172974,172974,D0,clean,4,sample_covariance,off,0.21859020297415555,35342c7614cf5989b3321b6990173ce4c933241f897a27fd493c8097f9e3f714,10 10 10,False,0.7332850676162046,0.0032048650968118458,1560558.0505786391,,exact,1560558.0505786391,172974,exact,6.982916579439665e-11,,exact,6.982916579439665e-11,172974,exact,0.7707747985246337,exact,0.7707747985246337,172974,exact,1439040.0,5.6843334539880725,11.049828501936343,12732097,612745,0.04812600783672949,ok,1.0,0.0
table_2_dataset_summary,stanford_armadillo,Stanford Armadillo,E4,172974,A5_pca_compact_hilbert,pca_compact_hilbert,C1_monotone_half,monotone_half,172974,172974,D0,clean,0,sample_covariance,off,0.21441001899074763,5498575913d2f38505851be4e58a6563383993ba7178b8b16c9cba01b110fee7,10 4 1,False,3.9233834180615896,0.01714737573864934,536923.7536602931,,exact,536923.7536602931,172974,exact,6.982916579439665e-11,,exact,6.982916579439665e-11,172974,exact,0.2813204585660273,exact,0.2813204585660273,172974,exact,1446064.0,28.331322847039857,56.46113848547491,12074247,525602,0.043530830535436285,ok,1.0,0.0
table_2_dataset_summary,stanford_armadillo,Stanford Armadillo,E4,172974,A5_pca_compact_hilbert,pca_compact_hilbert,C1_monotone_half,monotone_half,172974,172974,D0,clean,1,sample_covariance,off,0.21467828704044223,5498575913d2f38505851be4e58a6563383993ba7178b8b16c9cba01b110fee7,10 4 1,False,3.9233834180615896,0.01714737573864934,536923.7536602931,,exact,536923.7536602931,172974,exact,6.982916579439665e-11,,exact,6.982916579439665e-11,172974,exact,0.2813204585660273,exact,0.2813204585660273,172974,exact,1452880.0,28.331322847039857,56.46113848547491,13478093,541769,0.04019626515412826,ok,1.0,0.0
table_2_dataset_summary,stanford_armadillo,Stanford Armadillo,E4,172974,A5_pca_compact_hilbert,pca_compact_hilbert,C1_monotone_half,monotone_half,172974,172974,D0,clean,2,sample_covariance,off,0.21509047399740666,5498575913d2f38505851be4e58a6563383993ba7178b8b16c9cba01b110fee7,10 4 1,False,3.9233834180615896,0.01714737573864934,536923.7536602931,,exact,536923.7536602931,172974,exact,6.982916579439665e-11,,exact,6.982916579439665e-11,172974,exact,0.2813204585660273,exact,0.2813204585660273,172974,exact,1459764.0,28.331322847039857,56.46113848547491,11051901,527795,0.04775603762646806,ok,1.0,0.0
table_2_dataset_summary,stanford_armadillo,Stanford Armadillo,E4,172974,A5_pca_compact_hilbert,pca_compact_hilbert,C1_monotone_half,monotone_half,172974,172974,D0,clean,3,sample_covariance,off,0.2151468109805137,5498575913d2f38505851be4e58a6563383993ba7178b8b16c9cba01b110fee7,10 4 1,False,3.9233834180615896,0.01714737573864934,536923.7536602931,,exact,536923.7536602931,172974,exact,6.982916579439665e-11,,exact,6.982916579439665e-11,172974,exact,0.2813204585660273,exact,0.2813204585660273,172974,exact,1466680.0,28.331322847039857,56.46113848547491,12811226,557235,0.04349583716656002,ok,1.0,0.0
table_2_dataset_summary,stanford_armadillo,Stanford Armadillo,E4,172974,A5_pca_compact_hilbert,pca_compact_hilbert,C1_monotone_half,monotone_half,172974,172974,D0,clean,4,sample_covariance,off,0.21568061702419072,5498575913d2f38505851be4e58a6563383993ba7178b8b16c9cba01b110fee7,10 4 1,False,3.9233834180615896,0.01714737573864934,536923.7536602931,,exact,536923.7536602931,172974,exact,6.982916579439665e-11,,exact,6.982916579439665e-11,172974,exact,0.2813204585660273,exact,0.2813204585660273,172974,exact,1473672.0,28.331322847039857,56.46113848547491,12022123,552062,0.04592050838275403,ok,1.0,0.0
table_2_dataset_summary,stanford_armadillo,Stanford Armadillo,E4,172974,A5_pca_compact_hilbert,pca_compact_hilbert,C2_occupancy_floor1,occupancy_floor1,172974,172974,D0,clean,0,sample_covariance,off,0.21509208902716637,e2a7edb59ac7eb82b0df2a26ecca70b1cafc70f97d05dd5343e03ed6c9ebdf21,7 6 6,False,0.8255374821418279,0.003608059647562649,453007.2155877352,,exact,453007.2155877352,172974,exact,6.982916579439665e-11,,exact,6.982916579439665e-11,172974,exact,0.7719397134829512,exact,0.7719397134829512,172974,exact,1480304.0,5.497712843903689,10.473589132125204,11626655,562425,0.048373758402567205,ok,1.0,0.0
table_2_dataset_summary,stanford_armadillo,Stanford Armadillo,E4,172974,A5_pca_compact_hilbert,pca_compact_hilbert,C2_occupancy_floor1,occupancy_floor1,172974,172974,D0,clean,1,sample_covariance,off,0.2135009019402787,e2a7edb59ac7eb82b0df2a26ecca70b1cafc70f97d05dd5343e03ed6c9ebdf21,7 6 6,False,0.8255374821418279,0.003608059647562649,453007.2155877352,,exact,453007.2155877352,172974,exact,6.982916579439665e-11,,exact,6.982916579439665e-11,172974,exact,0.7719397134829512,exact,0.7719397134829512,172974,exact,1487120.0,5.497712843903689,10.473589132125204,11680924,565660,0.0484259635624716,ok,1.0,0.0
table_2_dataset_summary,stanford_armadillo,Stanford Armadillo,E4,172974,A5_pca_compact_hilbert,pca_compact_hilbert,C2_occupancy_floor1,occupancy_floor1,172974,172974,D0,clean,2,sample_covariance,off,0.2116464680293575,e2a7edb59ac7eb82b0df2a26ecca70b1cafc70f97d05dd5343e03ed6c9ebdf21,7 6 6,False,0.8255374821418279,0.003608059647562649,453007.2155877352,,exact,453007.2155877352,172974,exact,6.982916579439665e-11,,exact,6.982916579439665e-11,172974,exact,0.7719397134829512,exact,0.7719397134829512,172974,exact,1493896.0,5.497712843903689,10.473589132125204,11751237,548321,0.0466607047411264,ok,1.0,0.0
table_2_dataset_summary,stanford_armadillo,Stanford Armadillo,E4,172974,A5_pca_compact_hilbert,pca_compact_hilbert,C2_occupancy_floor1,occupancy_floor1,172974,172974,D0,clean,3,sample_covariance,off,0.2042779551120475,e2a7edb59ac7eb82b0df2a26ecca70b1cafc70f97d05dd5343e03ed6c9ebdf21,7 6 6,False,0.8255374821418279,0.003608059647562649,453007.2155877352,,exact,453007.2155877352,172974,exact,6.982916579439665e-11,,exact,6.982916579439665e-11,172974,exact,0.7719397134829512,exact,0.7719397134829512,172974,exact,1500484.0,5.497712843903689,10.473589132125204,11876776,581111,0.04892834553754318,ok,1.0,0.0
table_2_dataset_summary,stanford_armadillo,Stanford Armadillo,E4,172974,A5_pca_compact_hilbert,pca_compact_hilbert,C2_occupancy_floor1,occupancy_floor1,172974,172974,D0,clean,4,sample_covariance,off,0.21450475498568267,e2a7edb59ac7eb82b0df2a26ecca70b1cafc70f97d05dd5343e03ed6c9ebdf21,7 6 6,False,0.8255374821418279,0.003608059647562649,453007.2155877352,,exact,453007.2155877352,172974,exact,6.982916579439665e-11,,exact,6.982916579439665e-11,172974,exact,0.7719397134829512,exact,0.7719397134829512,172974,exact,1507248.0,5.497712843903689,10.473589132125204,12185913,590247,0.048436830297409805,ok,1.0,0.0
table_2_dataset_summary,stanford_armadillo,Stanford Armadillo,E4,172974,A5_pca_compact_hilbert,pca_compact_hilbert,C3_frame_core_occupancy,frame_core_occupancy,172974,172974,D0,clean,0,sample_covariance,off,0.21116446005180478,e412a10c387b399cb71faca7eeb6be07ae7d7869fb2b7714f62843061279b240,7 6 6,False,0.8188876300963912,0.003578996081890073,519296.7464040814,,exact,519296.7464040814,172974,exact,6.982916579439665e-11,,exact,6.982916579439665e-11,172974,exact,0.7772035103541572,exact,0.7772035103541572,172974,exact,1514372.0,5.574270018849779,10.846525413838519,12376741,574859,0.0464467180819248,ok,1.0,0.0
table_2_dataset_summary,stanford_armadillo,Stanford Armadillo,E4,172974,A5_pca_compact_hilbert,pca_compact_hilbert,C3_frame_core_occupancy,frame_core_occupancy,172974,172974,D0,clean,1,sample_covariance,off,0.2146261869929731,e412a10c387b399cb71faca7eeb6be07ae7d7869fb2b7714f62843061279b240,7 6 6,False,0.8188876300963912,0.003578996081890073,519296.7464040814,,exact,519296.7464040814,172974,exact,6.982916579439665e-11,,exact,6.982916579439665e-11,172974,exact,0.7772035103541572,exact,0.7772035103541572,172974,exact,1520988.0,5.574270018849779,10.846525413838519,13301431,572220,0.04301943151830807,ok,1.0,0.0
table_2_dataset_summary,stanford_armadillo,Stanford Armadillo,E4,172974,A5_pca_compact_hilbert,pca_compact_hilbert,C3_frame_core_occupancy,frame_core_occupancy,172974,172974,D0,clean,2,sample_covariance,off,0.21142909792251885,e412a10c387b399cb71faca7eeb6be07ae7d7869fb2b7714f62843061279b240,7 6 6,False,0.8188876300963912,0.003578996081890073,519296.7464040814,,exact,519296.7464040814,172974,exact,6.982916579439665e-11,,exact,6.982916579439665e-11,172974,exact,0.7772035103541572,exact,0.7772035103541572,172974,exact,1527916.0,5.574270018849779,10.846525413838519,11663451,583757,0.050050109525902754,ok,1.0,0.0
table_2_dataset_summary,stanford_armadillo,Stanford Armadillo,E4,172974,A5_pca_compact_hilbert,pca_compact_hilbert,C3_frame_core_occupancy,frame_core_occupancy,172974,172974,D0,clean,3,sample_covariance,off,0.2094271610258147,e412a10c387b399cb71faca7eeb6be07ae7d7869fb2b7714f62843061279b240,7 6 6,False,0.8188876300963912,0.003578996081890073,519296.7464040814,,exact,519296.7464040814,172974,exact,6.982916579439665e-11,,exact,6.982916579439665e-11,172974,exact,0.7772035103541572,exact,0.7772035103541572,172974,exact,1534848.0,5.574270018849779,10.846525413838519,11890900,536694,0.045134851020528305,ok,1.0,0.0
table_2_dataset_summary,stanford_armadillo,Stanford Armadillo,E4,172974,A5_pca_compact_hilbert,pca_compact_hilbert,C3_frame_core_occupancy,frame_core_occupancy,172974,172974,D0,clean,4,sample_covariance,off,0.21176871692296118,e412a10c387b399cb71faca7eeb6be07ae7d7869fb2b7714f62843061279b240,7 6 6,False,0.8188876300963912,0.003578996081890073,519296.7464040814,,exact,519296.7464040814,172974,exact,6.982916579439665e-11,,exact,6.982916579439665e-11,172974,exact,0.7772035103541572,exact,0.7772035103541572,172974,exact,1541692.0,5.574270018849779,10.846525413838519,11589070,554799,0.047872607551770766,ok,1.0,0.0
table_2_dataset_summary,stanford_armadillo,Stanford Armadillo,E4,172974,A5_pca_compact_hilbert,pca_compact_hilbert,C4_hybrid,hybrid_occupancy,172974,172974,D0,clean,0,sample_covariance,off,0.21087091404478997,e2a7edb59ac7eb82b0df2a26ecca70b1cafc70f97d05dd5343e03ed6c9ebdf21,7 6 6,False,0.8255374821418279,0.003608059647562649,453007.2155877352,,exact,453007.2155877352,172974,exact,6.982916579439665e-11,,exact,6.982916579439665e-11,172974,exact,0.7719397134829512,exact,0.7719397134829512,172974,exact,1548260.0,5.497712843903689,10.473589132125204,14559796,564892,0.038798071071874905,ok,1.0,0.0
table_2_dataset_summary,stanford_armadillo,Stanford Armadillo,E4,172974,A5_pca_compact_hilbert,pca_compact_hilbert,C4_hybrid,hybrid_occupancy,172974,172974,D0,clean,1,sample_covariance,off,0.20970244298223406,e2a7edb59ac7eb82b0df2a26ecca70b1cafc70f97d05dd5343e03ed6c9ebdf21,7 6 6,False,0.8255374821418279,0.003608059647562649,453007.2155877352,,exact,453007.2155877352,172974,exact,6.982916579439665e-11,,exact,6.982916579439665e-11,172974,exact,0.7719397134829512,exact,0.7719397134829512,172974,exact,1555092.0,5.497712843903689,10.473589132125204,10895922,581782,0.053394471803304026,ok,1.0,0.0
table_2_dataset_summary,stanford_armadillo,Stanford Armadillo,E4,172974,A5_pca_compact_hilbert,pca_compact_hilbert,C4_hybrid,hybrid_occupancy,172974,172974,D0,clean,2,sample_covariance,off,0.21408864809200168,e2a7edb59ac7eb82b0df2a26ecca70b1cafc70f97d05dd5343e03ed6c9ebdf21,7 6 6,False,0.8255374821418279,0.003608059647562649,453007.2155877352,,exact,453007.2155877352,172974,exact,6.982916579439665e-11,,exact,6.982916579439665e-11,172974,exact,0.7719397134829512,exact,0.7719397134829512,172974,exact,1561932.0,5.497712843903689,10.473589132125204,13963328,563058,0.040324054552038024,ok,1.0,0.0
table_2_dataset_summary,stanford_armadillo,Stanford Armadillo,E4,172974,A5_pca_compact_hilbert,pca_compact_hilbert,C4_hybrid,hybrid_occupancy,172974,172974,D0,clean,3,sample_covariance,off,0.20778952492401004,e2a7edb59ac7eb82b0df2a26ecca70b1cafc70f97d05dd5343e03ed6c9ebdf21,7 6 6,False,0.8255374821418279,0.003608059647562649,453007.2155877352,,exact,453007.2155877352,172974,exact,6.982916579439665e-11,,exact,6.982916579439665e-11,172974,exact,0.7719397134829512,exact,0.7719397134829512,172974,exact,1568940.0,5.497712843903689,10.473589132125204,12675436,575217,0.04538045081841761,ok,1.0,0.0
table_2_dataset_summary,stanford_armadillo,Stanford Armadillo,E4,172974,A5_pca_compact_hilbert,pca_compact_hilbert,C4_hybrid,hybrid_occupancy,172974,172974,D0,clean,4,sample_covariance,off,0.21217056608293205,e2a7edb59ac7eb82b0df2a26ecca70b1cafc70f97d05dd5343e03ed6c9ebdf21,7 6 6,False,0.8255374821418279,0.003608059647562649,453007.2155877352,,exact,453007.2155877352,172974,exact,6.982916579439665e-11,,exact,6.982916579439665e-11,172974,exact,0.7719397134829512,exact,0.7719397134829512,172974,exact,1576000.0,5.497712843903689,10.473589132125204,11330831,588751,0.051960090129311784,ok,1.0,0.0
table_2_dataset_summary,stanford_armadillo,Stanford Armadillo,E4,172974,A5b_robust_frame_morton,robust_frame_morton,C0_uniform,uniform,172974,172974,D0,clean,0,det_mcd,off,4.163833435974084,2c7c469a4a1791cceb6ddbb542cbbf94216c8571cac456922ca5bf3dbc492c9e,10 10 10,False,0.8966968600644607,0.003919065853316251,3232012.8239041115,,exact,3232012.8239041115,172974,exact,6.982916579439665e-11,,exact,6.982916579439665e-11,172974,exact,0.7652862568940997,exact,0.7652862568940997,172974,exact,1582968.0,7.333375257814377,15.076320080338073,11575972,538730,0.04653864055649064,ok,1.0,0.0
table_2_dataset_summary,stanford_armadillo,Stanford Armadillo,E4,172974,A5b_robust_frame_morton,robust_frame_morton,C0_uniform,uniform,172974,172974,D0,clean,1,det_mcd,off,4.19941269303672,2c7c469a4a1791cceb6ddbb542cbbf94216c8571cac456922ca5bf3dbc492c9e,10 10 10,False,0.8966968600644607,0.003919065853316251,3232012.8239041115,,exact,3232012.8239041115,172974,exact,6.982916579439665e-11,,exact,6.982916579439665e-11,172974,exact,0.7652862568940997,exact,0.7652862568940997,172974,exact,1589688.0,7.333375257814377,15.076320080338073,11286590,586612,0.05197424554271928,ok,1.0,0.0
table_2_dataset_summary,stanford_armadillo,Stanford Armadillo,E4,172974,A5b_robust_frame_morton,robust_frame_morton,C0_uniform,uniform,172974,172974,D0,clean,2,det_mcd,off,4.16797608404886,2c7c469a4a1791cceb6ddbb542cbbf94216c8571cac456922ca5bf3dbc492c9e,10 10 10,False,0.8966968600644607,0.003919065853316251,3232012.8239041115,,exact,3232012.8239041115,172974,exact,6.982916579439665e-11,,exact,6.982916579439665e-11,172974,exact,0.7652862568940997,exact,0.7652862568940997,172974,exact,1596544.0,7.333375257814377,15.076320080338073,11492449,572761,0.04983802843066782,ok,1.0,0.0
table_2_dataset_summary,stanford_armadillo,Stanford Armadillo,E4,172974,A5b_robust_frame_morton,robust_frame_morton,C0_uniform,uniform,172974,172974,D0,clean,3,det_mcd,off,4.127679908997379,2c7c469a4a1791cceb6ddbb542cbbf94216c8571cac456922ca5bf3dbc492c9e,10 10 10,False,0.8966968600644607,0.003919065853316251,3232012.8239041115,,exact,3232012.8239041115,172974,exact,6.982916579439665e-11,,exact,6.982916579439665e-11,172974,exact,0.7652862568940997,exact,0.7652862568940997,172974,exact,1603404.0,7.333375257814377,15.076320080338073,11961737,572990,0.047901905885407776,ok,1.0,0.0
table_2_dataset_summary,stanford_armadillo,Stanford Armadillo,E4,172974,A5b_robust_frame_morton,robust_frame_morton,C0_uniform,uniform,172974,172974,D0,clean,4,det_mcd,off,4.1767045320011675,2c7c469a4a1791cceb6ddbb542cbbf94216c8571cac456922ca5bf3dbc492c9e,10 10 10,False,0.8966968600644607,0.003919065853316251,3232012.8239041115,,exact,3232012.8239041115,172974,exact,6.982916579439665e-11,,exact,6.982916579439665e-11,172974,exact,0.7652862568940997,exact,0.7652862568940997,172974,exact,1610128.0,7.333375257814377,15.076320080338073,13971888,581824,0.04164247523312526,ok,1.0,0.0
table_2_dataset_summary,stanford_armadillo,Stanford Armadillo,E4,172974,A5b_robust_frame_morton,robust_frame_morton,C1_monotone_half,monotone_half,172974,172974,D0,clean,0,det_mcd,off,4.182430602959357,818d77e9041e5b26b31dd924d643d2003923d5789cd0860cf6abb9526453373a,10 4 1,False,3.683266834778963,0.016097932226278543,2101657.270188503,,exact,2101657.270188503,172974,exact,6.982916579439665e-11,,exact,6.982916579439665e-11,172974,exact,0.298515961936476,exact,0.298515961936476,172974,exact,1616864.0,27.95636582205759,56.38264236994495,12149684,583166,0.04799845000083953,ok,1.0,0.0
table_2_dataset_summary,stanford_armadillo,Stanford Armadillo,E4,172974,A5b_robust_frame_morton,robust_frame_morton,C1_monotone_half,monotone_half,172974,172974,D0,clean,1,det_mcd,off,4.191286302055232,818d77e9041e5b26b31dd924d643d2003923d5789cd0860cf6abb9526453373a,10 4 1,False,3.683266834778963,0.016097932226278543,2101657.270188503,,exact,2101657.270188503,172974,exact,6.982916579439665e-11,,exact,6.982916579439665e-11,172974,exact,0.298515961936476,exact,0.298515961936476,172974,exact,1623512.0,27.95636582205759,56.38264236994495,12017089,527915,0.043930356178605315,ok,1.0,0.0
table_2_dataset_summary,stanford_armadillo,Stanford Armadillo,E4,172974,A5b_robust_frame_morton,robust_frame_morton,C1_monotone_half,monotone_half,172974,172974,D0,clean,2,det_mcd,off,4.120969315059483,818d77e9041e5b26b31dd924d643d2003923d5789cd0860cf6abb9526453373a,10 4 1,False,3.683266834778963,0.016097932226278543,2101657.270188503,,exact,2101657.270188503,172974,exact,6.982916579439665e-11,,exact,6.982916579439665e-11,172974,exact,0.298515961936476,exact,0.298515961936476,172974,exact,1630384.0,27.95636582205759,56.38264236994495,13361819,545988,0.040861801825035945,ok,1.0,0.0
table_2_dataset_summary,stanford_armadillo,Stanford Armadillo,E4,172974,A5b_robust_frame_morton,robust_frame_morton,C1_monotone_half,monotone_half,172974,172974,D0,clean,3,det_mcd,off,4.11921325896401,818d77e9041e5b26b31dd924d643d2003923d5789cd0860cf6abb9526453373a,10 4 1,False,3.683266834778963,0.016097932226278543,2101657.270188503,,exact,2101657.270188503,172974,exact,6.982916579439665e-11,,exact,6.982916579439665e-11,172974,exact,0.298515961936476,exact,0.298515961936476,172974,exact,1637264.0,27.95636582205759,56.38264236994495,11588732,504558,0.043538671875404486,ok,1.0,0.0
table_2_dataset_summary,stanford_armadillo,Stanford Armadillo,E4,172974,A5b_robust_frame_morton,robust_frame_morton,C1_monotone_half,monotone_half,172974,172974,D0,clean,4,det_mcd,off,4.144428142928518,818d77e9041e5b26b31dd924d643d2003923d5789cd0860cf6abb9526453373a,10 4 1,False,3.683266834778963,0.016097932226278543,2101657.270188503,,exact,2101657.270188503,172974,exact,6.982916579439665e-11,,exact,6.982916579439665e-11,172974,exact,0.298515961936476,exact,0.298515961936476,172974,exact,1644012.0,27.95636582205759,56.38264236994495,13462420,482170,0.03581599742096889,ok,1.0,0.0
table_2_dataset_summary,stanford_armadillo,Stanford Armadillo,E4,172974,A5b_robust_frame_morton,robust_frame_morton,C2_occupancy_floor1,occupancy_floor1,172974,172974,D0,clean,0,det_mcd,off,4.113121545989998,c3c2c5aa543c1972b070b58b292ea482641aed17ee9ecdbb41bfa595dca6e939,7 6 6,False,0.8806365692143008,0.0038488734167545077,1295954.8435354326,,exact,1295954.8435354326,172974,exact,6.982916579439665e-11,,exact,6.982916579439665e-11,172974,exact,0.7666137685432493,exact,0.7666137685432493,172974,exact,1651048.0,6.474468828283759,13.650077614158855,12559858,537007,0.042755817780742424,ok,1.0,0.0
table_2_dataset_summary,stanford_armadillo,Stanford Armadillo,E4,172974,A5b_robust_frame_morton,robust_frame_morton,C2_occupancy_floor1,occupancy_floor1,172974,172974,D0,clean,1,det_mcd,off,4.175337117980234,c3c2c5aa543c1972b070b58b292ea482641aed17ee9ecdbb41bfa595dca6e939,7 6 6,False,0.8806365692143008,0.0038488734167545077,1295954.8435354326,,exact,1295954.8435354326,172974,exact,6.982916579439665e-11,,exact,6.982916579439665e-11,172974,exact,0.7666137685432493,exact,0.7666137685432493,172974,exact,1657840.0,6.474468828283759,13.650077614158855,13105926,597609,0.04559838045781733,ok,1.0,0.0
table_2_dataset_summary,stanford_armadillo,Stanford Armadillo,E4,172974,A5b_robust_frame_morton,robust_frame_morton,C2_occupancy_floor1,occupancy_floor1,172974,172974,D0,clean,2,det_mcd,off,4.1790619030361995,c3c2c5aa543c1972b070b58b292ea482641aed17ee9ecdbb41bfa595dca6e939,7 6 6,False,0.8806365692143008,0.0038488734167545077,1295954.8435354326,,exact,1295954.8435354326,172974,exact,6.982916579439665e-11,,exact,6.982916579439665e-11,172974,exact,0.7666137685432493,exact,0.7666137685432493,172974,exact,1664660.0,6.474468828283759,13.650077614158855,11828530,555178,0.04693550255188092,ok,1.0,0.0
table_2_dataset_summary,stanford_armadillo,Stanford Armadillo,E4,172974,A5b_robust_frame_morton,robust_frame_morton,C2_occupancy_floor1,occupancy_floor1,172974,172974,D0,clean,3,det_mcd,off,4.166982655995525,c3c2c5aa543c1972b070b58b292ea482641aed17ee9ecdbb41bfa595dca6e939,7 6 6,False,0.8806365692143008,0.0038488734167545077,1295954.8435354326,,exact,1295954.8435354326,172974,exact,6.982916579439665e-11,,exact,6.982916579439665e-11,172974,exact,0.7666137685432493,exact,0.7666137685432493,172974,exact,1671280.0,6.474468828283759,13.650077614158855,12176510,537516,0.044143683206435996,ok,1.0,0.0
table_2_dataset_summary,stanford_armadillo,Stanford Armadillo,E4,172974,A5b_robust_frame_morton,robust_frame_morton,C2_occupancy_floor1,occupancy_floor1,172974,172974,D0,clean,4,det_mcd,off,4.161820976063609,c3c2c5aa543c1972b070b58b292ea482641aed17ee9ecdbb41bfa595dca6e939,7 6 6,False,0.8806365692143008,0.0038488734167545077,1295954.8435354326,,exact,1295954.8435354326,172974,exact,6.982916579439665e-11,,exact,6.982916579439665e-11,172974,exact,0.7666137685432493,exact,0.7666137685432493,172974,exact,1677988.0,6.474468828283759,13.650077614158855,11514795,595019,0.0516743024951812,ok,1.0,0.0
table_2_dataset_summary,stanford_armadillo,Stanford Armadillo,E4,172974,A5b_robust_frame_morton,robust_frame_morton,C3_frame_core_occupancy,frame_core_occupancy,172974,172974,D0,clean,0,det_mcd,off,4.155091208987869,bf8ba31501ad8ab077ded41782b10ce10a00241a92afd0809013c17dca6d9b86,7 6 6,False,0.8858256011147295,0.0038715523829006334,1243993.4109932394,,exact,1243993.4109932394,172974,exact,6.982916579439665e-11,,exact,6.982916579439665e-11,172974,exact,0.7719881311642212,exact,0.7719881311642212,172974,exact,1684772.0,6.7495592265086835,14.206543122681632,12996089,555526,0.04274562908887435,ok,1.0,0.0
table_2_dataset_summary,stanford_armadillo,Stanford Armadillo,E4,172974,A5b_robust_frame_morton,robust_frame_morton,C3_frame_core_occupancy,frame_core_occupancy,172974,172974,D0,clean,1,det_mcd,off,4.086586687946692,bf8ba31501ad8ab077ded41782b10ce10a00241a92afd0809013c17dca6d9b86,7 6 6,False,0.8858256011147295,0.0038715523829006334,1243993.4109932394,,exact,1243993.4109932394,172974,exact,6.982916579439665e-11,,exact,6.982916579439665e-11,172974,exact,0.7719881311642212,exact,0.7719881311642212,172974,exact,1691712.0,6.7495592265086835,14.206543122681632,11657016,593910,0.05094871620661754,ok,1.0,0.0
table_2_dataset_summary,stanford_armadillo,Stanford Armadillo,E4,172974,A5b_robust_frame_morton,robust_frame_morton,C3_frame_core_occupancy,frame_core_occupancy,172974,172974,D0,clean,2,det_mcd,off,4.130341365933418,bf8ba31501ad8ab077ded41782b10ce10a00241a92afd0809013c17dca6d9b86,7 6 6,False,0.8858256011147295,0.0038715523829006334,1243993.4109932394,,exact,1243993.4109932394,172974,exact,6.982916579439665e-11,,exact,6.982916579439665e-11,172974,exact,0.7719881311642212,exact,0.7719881311642212,172974,exact,1698452.0,6.7495592265086835,14.206543122681632,11424456,541533,0.047401206674523494,ok,1.0,0.0
table_2_dataset_summary,stanford_armadillo,Stanford Armadillo,E4,172974,A5b_robust_frame_morton,robust_frame_morton,C3_frame_core_occupancy,frame_core_occupancy,172974,172974,D0,clean,3,det_mcd,off,4.174711643019691,bf8ba31501ad8ab077ded41782b10ce10a00241a92afd0809013c17dca6d9b86,7 6 6,False,0.8858256011147295,0.0038715523829006334,1243993.4109932394,,exact,1243993.4109932394,172974,exact,6.982916579439665e-11,,exact,6.982916579439665e-11,172974,exact,0.7719881311642212,exact,0.7719881311642212,172974,exact,1705084.0,6.7495592265086835,14.206543122681632,13470270,519872,0.0385940296668144,ok,1.0,0.0
table_2_dataset_summary,stanford_armadillo,Stanford Armadillo,E4,172974,A5b_robust_frame_morton,robust_frame_morton,C3_frame_core_occupancy,frame_core_occupancy,172974,172974,D0,clean,4,det_mcd,off,4.034498738008551,bf8ba31501ad8ab077ded41782b10ce10a00241a92afd0809013c17dca6d9b86,7 6 6,False,0.8858256011147295,0.0038715523829006334,1243993.4109932394,,exact,1243993.4109932394,172974,exact,6.982916579439665e-11,,exact,6.982916579439665e-11,172974,exact,0.7719881311642212,exact,0.7719881311642212,172974,exact,1711864.0,6.7495592265086835,14.206543122681632,11273150,517666,0.04592026186114795,ok,1.0,0.0
table_2_dataset_summary,stanford_armadillo,Stanford Armadillo,E4,172974,A5b_robust_frame_morton,robust_frame_morton,C4_hybrid,hybrid_occupancy,172974,172974,D0,clean,0,det_mcd,off,4.148298720014282,c3c2c5aa543c1972b070b58b292ea482641aed17ee9ecdbb41bfa595dca6e939,7 6 6,False,0.8806365692143008,0.0038488734167545077,1295954.8435354326,,exact,1295954.8435354326,172974,exact,6.982916579439665e-11,,exact,6.982916579439665e-11,172974,exact,0.7666137685432493,exact,0.7666137685432493,172974,exact,1718280.0,6.474468828283759,13.650077614158855,13118625,561123,0.04277300403052912,ok,1.0,0.0
table_2_dataset_summary,stanford_armadillo,Stanford Armadillo,E4,172974,A5b_robust_frame_morton,robust_frame_morton,C4_hybrid,hybrid_occupancy,172974,172974,D0,clean,1,det_mcd,off,4.041155433980748,c3c2c5aa543c1972b070b58b292ea482641aed17ee9ecdbb41bfa595dca6e939,7 6 6,False,0.8806365692143008,0.0038488734167545077,1295954.8435354326,,exact,1295954.8435354326,172974,exact,6.982916579439665e-11,,exact,6.982916579439665e-11,172974,exact,0.7666137685432493,exact,0.7666137685432493,172974,exact,1725192.0,6.474468828283759,13.650077614158855,11544387,537426,0.046553013165618926,ok,1.0,0.0
table_2_dataset_summary,stanford_armadillo,Stanford Armadillo,E4,172974,A5b_robust_frame_morton,robust_frame_morton,C4_hybrid,hybrid_occupancy,172974,172974,D0,clean,2,det_mcd,off,4.174165592994541,c3c2c5aa543c1972b070b58b292ea482641aed17ee9ecdbb41bfa595dca6e939,7 6 6,False,0.8806365692143008,0.0038488734167545077,1295954.8435354326,,exact,1295954.8435354326,172974,exact,6.982916579439665e-11,,exact,6.982916579439665e-11,172974,exact,0.7666137685432493,exact,0.7666137685432493,172974,exact,1731972.0,6.474468828283759,13.650077614158855,11694029,554783,0.047441561843227856,ok,1.0,0.0
table_2_dataset_summary,stanford_armadillo,Stanford Armadillo,E4,172974,A5b_robust_frame_morton,robust_frame_morton,C4_hybrid,hybrid_occupancy,172974,172974,D0,clean,3,det_mcd,off,4.165577602921985,c3c2c5aa543c1972b070b58b292ea482641aed17ee9ecdbb41bfa595dca6e939,7 6 6,False,0.8806365692143008,0.0038488734167545077,1295954.8435354326,,exact,1295954.8435354326,172974,exact,6.982916579439665e-11,,exact,6.982916579439665e-11,172974,exact,0.7666137685432493,exact,0.7666137685432493,172974,exact,1739060.0,6.474468828283759,13.650077614158855,13588556,552726,0.04067584517442471,ok,1.0,0.0
table_2_dataset_summary,stanford_armadillo,Stanford Armadillo,E4,172974,A5b_robust_frame_morton,robust_frame_morton,C4_hybrid,hybrid_occupancy,172974,172974,D0,clean,4,det_mcd,off,4.185214621014893,c3c2c5aa543c1972b070b58b292ea482641aed17ee9ecdbb41bfa595dca6e939,7 6 6,False,0.8806365692143008,0.0038488734167545077,1295954.8435354326,,exact,1295954.8435354326,172974,exact,6.982916579439665e-11,,exact,6.982916579439665e-11,172974,exact,0.7666137685432493,exact,0.7666137685432493,172974,exact,1745640.0,6.474468828283759,13.650077614158855,11105031,540833,0.04870162001348758,ok,1.0,0.0
table_2_dataset_summary,stanford_armadillo,Stanford Armadillo,E4,172974,A6_rch,rch,C0_uniform,uniform,172974,172974,D0,clean,0,det_mcd,off,4.148648517904803,4fe818f89ec0b63fd77f664b97b16a4ead09d0fb2428213a26f3ab1daa0fc1ca,10 10 10,False,0.7291426306484335,0.003186760334775833,1506630.7818940491,,exact,1506630.7818940491,172974,exact,6.982916579439665e-11,,exact,6.982916579439665e-11,172974,exact,0.7743671014140854,exact,0.7743671014140854,172974,exact,1752660.0,5.757311197923142,11.578886880623779,11957761,549883,0.04598544827915527,ok,1.0,0.0
table_2_dataset_summary,stanford_armadillo,Stanford Armadillo,E4,172974,A6_rch,rch,C0_uniform,uniform,172974,172974,D0,clean,1,det_mcd,off,4.12289888295345,4fe818f89ec0b63fd77f664b97b16a4ead09d0fb2428213a26f3ab1daa0fc1ca,10 10 10,False,0.7291426306484335,0.003186760334775833,1506630.7818940491,,exact,1506630.7818940491,172974,exact,6.982916579439665e-11,,exact,6.982916579439665e-11,172974,exact,0.7743671014140854,exact,0.7743671014140854,172974,exact,1759528.0,5.757311197923142,11.578886880623779,13002248,551157,0.042389362208750364,ok,1.0,0.0
table_2_dataset_summary,stanford_armadillo,Stanford Armadillo,E4,172974,A6_rch,rch,C0_uniform,uniform,172974,172974,D0,clean,2,det_mcd,off,4.05572778894566,4fe818f89ec0b63fd77f664b97b16a4ead09d0fb2428213a26f3ab1daa0fc1ca,10 10 10,False,0.7291426306484335,0.003186760334775833,1506630.7818940491,,exact,1506630.7818940491,172974,exact,6.982916579439665e-11,,exact,6.982916579439665e-11,172974,exact,0.7743671014140854,exact,0.7743671014140854,172974,exact,1766584.0,5.757311197923142,11.578886880623779,11807438,594170,0.05032167012013952,ok,1.0,0.0
table_2_dataset_summary,stanford_armadillo,Stanford Armadillo,E4,172974,A6_rch,rch,C0_uniform,uniform,172974,172974,D0,clean,3,det_mcd,off,4.183750813012011,4fe818f89ec0b63fd77f664b97b16a4ead09d0fb2428213a26f3ab1daa0fc1ca,10 10 10,False,0.7291426306484335,0.003186760334775833,1506630.7818940491,,exact,1506630.7818940491,172974,exact,6.982916579439665e-11,,exact,6.982916579439665e-11,172974,exact,0.7743671014140854,exact,0.7743671014140854,172974,exact,1773416.0,5.757311197923142,11.578886880623779,11433937,562325,0.04918034794139586,ok,1.0,0.0
table_2_dataset_summary,stanford_armadillo,Stanford Armadillo,E4,172974,A6_rch,rch,C0_uniform,uniform,172974,172974,D0,clean,4,det_mcd,off,4.174908735090867,4fe818f89ec0b63fd77f664b97b16a4ead09d0fb2428213a26f3ab1daa0fc1ca,10 10 10,False,0.7291426306484335,0.003186760334775833,1506630.7818940491,,exact,1506630.7818940491,172974,exact,6.982916579439665e-11,,exact,6.982916579439665e-11,172974,exact,0.7743671014140854,exact,0.7743671014140854,172974,exact,1780132.0,5.757311197923142,11.578886880623779,11571980,572341,0.04945921095611987,ok,1.0,0.0
table_2_dataset_summary,stanford_armadillo,Stanford Armadillo,E4,172974,A6_rch,rch,C1_monotone_half,monotone_half,172974,172974,D0,clean,0,det_mcd,off,4.152284707059152,4997b2fded412bfd40413987512eccbb2c4d7b0073668d758e776feeea5b0d0c,10 4 1,False,3.7978574641985383,0.01659875724627024,609257.2318621369,,exact,609257.2318621369,172974,exact,6.982916579439665e-11,,exact,6.982916579439665e-11,172974,exact,0.300146264756553,exact,0.300146264756553,172974,exact,1786864.0,27.724964551458708,56.08459186631022,11698223,558902,0.04777665804455942,ok,1.0,0.0
table_2_dataset_summary,stanford_armadillo,Stanford Armadillo,E4,172974,A6_rch,rch,C1_monotone_half,monotone_half,172974,172974,D0,clean,1,det_mcd,off,4.183623131015338,4997b2fded412bfd40413987512eccbb2c4d7b0073668d758e776feeea5b0d0c,10 4 1,False,3.7978574641985383,0.01659875724627024,609257.2318621369,,exact,609257.2318621369,172974,exact,6.982916579439665e-11,,exact,6.982916579439665e-11,172974,exact,0.300146264756553,exact,0.300146264756553,172974,exact,1794112.0,27.724964551458708,56.08459186631022,10818818,530525,0.049037242330908976,ok,1.0,0.0
table_2_dataset_summary,stanford_armadillo,Stanford Armadillo,E4,172974,A6_rch,rch,C1_monotone_half,monotone_half,172974,172974,D0,clean,2,det_mcd,off,4.146769976010546,4997b2fded412bfd40413987512eccbb2c4d7b0073668d758e776feeea5b0d0c,10 4 1,False,3.7978574641985383,0.01659875724627024,609257.2318621369,,exact,609257.2318621369,172974,exact,6.982916579439665e-11,,exact,6.982916579439665e-11,172974,exact,0.300146264756553,exact,0.300146264756553,172974,exact,1800856.0,27.724964551458708,56.08459186631022,11545197,539109,0.0466955219560134,ok,1.0,0.0
table_2_dataset_summary,stanford_armadillo,Stanford Armadillo,E4,172974,A6_rch,rch,C1_monotone_half,monotone_half,172974,172974,D0,clean,3,det_mcd,off,4.192459760932252,4997b2fded412bfd40413987512eccbb2c4d7b0073668d758e776feeea5b0d0c,10 4 1,False,3.7978574641985383,0.01659875724627024,609257.2318621369,,exact,609257.2318621369,172974,exact,6.982916579439665e-11,,exact,6.982916579439665e-11,172974,exact,0.300146264756553,exact,0.300146264756553,172974,exact,1807772.0,27.724964551458708,56.08459186631022,13047226,539378,0.041340435123910634,ok,1.0,0.0
table_2_dataset_summary,stanford_armadillo,Stanford Armadillo,E4,172974,A6_rch,rch,C1_monotone_half,monotone_half,172974,172974,D0,clean,4,det_mcd,off,4.160044517018832,4997b2fded412bfd40413987512eccbb2c4d7b0073668d758e776feeea5b0d0c,10 4 1,False,3.7978574641985383,0.01659875724627024,609257.2318621369,,exact,609257.2318621369,172974,exact,6.982916579439665e-11,,exact,6.982916579439665e-11,172974,exact,0.300146264756553,exact,0.300146264756553,172974,exact,1814840.0,27.724964551458708,56.08459186631022,11819897,553632,0.046838986837194944,ok,1.0,0.0
table_2_dataset_summary,stanford_armadillo,Stanford Armadillo,E4,172974,A6_rch,rch,C2_occupancy_floor1,occupancy_floor1,172974,172974,D0,clean,0,det_mcd,off,4.147582199075259,799d268e53c6e803babe7f4f5aae955faadb8a157467064a988daf199e6cf6ab,7 6 6,False,0.8488603435520443,0.00370999357175174,697652.059072074,,exact,697652.059072074,172974,exact,6.982916579439665e-11,,exact,6.982916579439665e-11,172974,exact,0.7713933886017552,exact,0.7713933886017552,172974,exact,1821440.0,5.539535690650207,10.591262895526016,13479357,531213,0.039409372420361,ok,1.0,0.0
table_2_dataset_summary,stanford_armadillo,Stanford Armadillo,E4,172974,A6_rch,rch,C2_occupancy_floor1,occupancy_floor1,172974,172974,D0,clean,1,det_mcd,off,4.199023295077495,799d268e53c6e803babe7f4f5aae955faadb8a157467064a988daf199e6cf6ab,7 6 6,False,0.8488603435520443,0.00370999357175174,697652.059072074,,exact,697652.059072074,172974,exact,6.982916579439665e-11,,exact,6.982916579439665e-11,172974,exact,0.7713933886017552,exact,0.7713933886017552,172974,exact,1828236.0,5.539535690650207,10.591262895526016,11889251,579009,0.04870020828057209,ok,1.0,0.0
table_2_dataset_summary,stanford_armadillo,Stanford Armadillo,E4,172974,A6_rch,rch,C2_occupancy_floor1,occupancy_floor1,172974,172974,D0,clean,2,det_mcd,off,4.162114156060852,799d268e53c6e803babe7f4f5aae955faadb8a157467064a988daf199e6cf6ab,7 6 6,False,0.8488603435520443,0.00370999357175174,697652.059072074,,exact,697652.059072074,172974,exact,6.982916579439665e-11,,exact,6.982916579439665e-11,172974,exact,0.7713933886017552,exact,0.7713933886017552,172974,exact,1835176.0,5.539535690650207,10.591262895526016,13278306,547848,0.04125887745018077,ok,1.0,0.0
table_2_dataset_summary,stanford_armadillo,Stanford Armadillo,E4,172974,A6_rch,rch,C2_occupancy_floor1,occupancy_floor1,172974,172974,D0,clean,3,det_mcd,off,4.169716737931594,799d268e53c6e803babe7f4f5aae955faadb8a157467064a988daf199e6cf6ab,7 6 6,False,0.8488603435520443,0.00370999357175174,697652.059072074,,exact,697652.059072074,172974,exact,6.982916579439665e-11,,exact,6.982916579439665e-11,172974,exact,0.7713933886017552,exact,0.7713933886017552,172974,exact,1841964.0,5.539535690650207,10.591262895526016,11680125,532955,0.045629220577690734,ok,1.0,0.0
table_2_dataset_summary,stanford_armadillo,Stanford Armadillo,E4,172974,A6_rch,rch,C2_occupancy_floor1,occupancy_floor1,172974,172974,D0,clean,4,det_mcd,off,4.167149313958362,799d268e53c6e803babe7f4f5aae955faadb8a157467064a988daf199e6cf6ab,7 6 6,False,0.8488603435520443,0.00370999357175174,697652.059072074,,exact,697652.059072074,172974,exact,6.982916579439665e-11,,exact,6.982916579439665e-11,172974,exact,0.7713933886017552,exact,0.7713933886017552,172974,exact,1849060.0,5.539535690650207,10.591262895526016,12562612,565624,0.045024394608382395,ok,1.0,0.0
table_2_dataset_summary,stanford_armadillo,Stanford Armadillo,E4,172974,A6_rch,rch,C3_frame_core_occupancy,frame_core_occupancy,172974,172974,D0,clean,0,det_mcd,off,4.200699836015701,b8b4085dbd80e0d39a00ef2954c728df47d290515257f47bf5aaf5ab0a8acd33,7 6 6,False,0.8459901153234526,0.003697449072107691,689423.2904794817,,exact,689423.2904794817,172974,exact,6.982916579439665e-11,,exact,6.982916579439665e-11,172974,exact,0.7739956583070288,exact,0.7739956583070288,172974,exact,1856028.0,5.666700397615538,11.327057126445794,11824993,565078,0.047786751332537784,ok,1.0,0.0
table_2_dataset_summary,stanford_armadillo,Stanford Armadillo,E4,172974,A6_rch,rch,C3_frame_core_occupancy,frame_core_occupancy,172974,172974,D0,clean,1,det_mcd,off,4.16235294402577,b8b4085dbd80e0d39a00ef2954c728df47d290515257f47bf5aaf5ab0a8acd33,7 6 6,False,0.8459901153234526,0.003697449072107691,689423.2904794817,,exact,689423.2904794817,172974,exact,6.982916579439665e-11,,exact,6.982916579439665e-11,172974,exact,0.7739956583070288,exact,0.7739956583070288,172974,exact,1862672.0,5.666700397615538,11.327057126445794,11070658,560790,0.05065552562458347,ok,1.0,0.0
table_2_dataset_summary,stanford_armadillo,Stanford Armadillo,E4,172974,A6_rch,rch,C3_frame_core_occupancy,frame_core_occupancy,172974,172974,D0,clean,2,det_mcd,off,4.149871886940673,b8b4085dbd80e0d39a00ef2954c728df47d290515257f47bf5aaf5ab0a8acd33,7 6 6,False,0.8459901153234526,0.003697449072107691,689423.2904794817,,exact,689423.2904794817,172974,exact,6.982916579439665e-11,,exact,6.982916579439665e-11,172974,exact,0.7739956583070288,exact,0.7739956583070288,172974,exact,1869456.0,5.666700397615538,11.327057126445794,11438402,534842,0.04675845454636059,ok,1.0,0.0
table_2_dataset_summary,stanford_armadillo,Stanford Armadillo,E4,172974,A6_rch,rch,C3_frame_core_occupancy,frame_core_occupancy,172974,172974,D0,clean,3,det_mcd,off,4.139198419987224,b8b4085dbd80e0d39a00ef2954c728df47d290515257f47bf5aaf5ab0a8acd33,7 6 6,False,0.8459901153234526,0.003697449072107691,689423.2904794817,,exact,689423.2904794817,172974,exact,6.982916579439665e-11,,exact,6.982916579439665e-11,172974,exact,0.7739956583070288,exact,0.7739956583070288,172974,exact,1876296.0,5.666700397615538,11.327057126445794,12129604,570533,0.04703640778379904,ok,1.0,0.0
table_2_dataset_summary,stanford_armadillo,Stanford Armadillo,E4,172974,A6_rch,rch,C3_frame_core_occupancy,frame_core_occupancy,172974,172974,D0,clean,4,det_mcd,off,4.195254312013276,b8b4085dbd80e0d39a00ef2954c728df47d290515257f47bf5aaf5ab0a8acd33,7 6 6,False,0.8459901153234526,0.003697449072107691,689423.2904794817,,exact,689423.2904794817,172974,exact,6.982916579439665e-11,,exact,6.982916579439665e-11,172974,exact,0.7739956583070288,exact,0.7739956583070288,172974,exact,1883196.0,5.666700397615538,11.327057126445794,11652174,557171,0.04781691382226184,ok,1.0,0.0
table_2_dataset_summary,stanford_armadillo,Stanford Armadillo,E4,172974,A6_rch,rch,C4_hybrid,hybrid_occupancy,172974,172974,D0,clean,0,det_mcd,off,4.200028687948361,799d268e53c6e803babe7f4f5aae955faadb8a157467064a988daf199e6cf6ab,7 6 6,False,0.8488603435520443,0.00370999357175174,697652.059072074,,exact,697652.059072074,172974,exact,6.982916579439665e-11,,exact,6.982916579439665e-11,172974,exact,0.7713933886017552,exact,0.7713933886017552,172974,exact,1889828.0,5.539535690650207,10.591262895526016,11428785,568936,0.04978096971812839,ok,1.0,0.0
table_2_dataset_summary,stanford_armadillo,Stanford Armadillo,E4,172974,A6_rch,rch,C4_hybrid,hybrid_occupancy,172974,172974,D0,clean,1,det_mcd,off,4.135179157019593,799d268e53c6e803babe7f4f5aae955faadb8a157467064a988daf199e6cf6ab,7 6 6,False,0.8488603435520443,0.00370999357175174,697652.059072074,,exact,697652.059072074,172974,exact,6.982916579439665e-11,,exact,6.982916579439665e-11,172974,exact,0.7713933886017552,exact,0.7713933886017552,172974,exact,1896548.0,5.539535690650207,10.591262895526016,11865319,536415,0.045208645464989185,ok,1.0,0.0
table_2_dataset_summary,stanford_armadillo,Stanford Armadillo,E4,172974,A6_rch,rch,C4_hybrid,hybrid_occupancy,172974,172974,D0,clean,2,det_mcd,off,4.153959659975953,799d268e53c6e803babe7f4f5aae955faadb8a157467064a988daf199e6cf6ab,7 6 6,False,0.8488603435520443,0.00370999357175174,697652.059072074,,exact,697652.059072074,172974,exact,6.982916579439665e-11,,exact,6.982916579439665e-11,172974,exact,0.7713933886017552,exact,0.7713933886017552,172974,exact,1903348.0,5.539535690650207,10.591262895526016,13912694,587163,0.04220340072167188,ok,1.0,0.0
table_2_dataset_summary,stanford_armadillo,Stanford Armadillo,E4,172974,A6_rch,rch,C4_hybrid,hybrid_occupancy,172974,172974,D0,clean,3,det_mcd,off,4.166932399966754,799d268e53c6e803babe7f4f5aae955faadb8a157467064a988daf199e6cf6ab,7 6 6,False,0.8488603435520443,0.00370999357175174,697652.059072074,,exact,697652.059072074,172974,exact,6.982916579439665e-11,,exact,6.982916579439665e-11,172974,exact,0.7713933886017552,exact,0.7713933886017552,172974,exact,1910360.0,5.539535690650207,10.591262895526016,12435371,557042,0.04479496429981864,ok,1.0,0.0
table_2_dataset_summary,stanford_armadillo,Stanford Armadillo,E4,172974,A6_rch,rch,C4_hybrid,hybrid_occupancy,172974,172974,D0,clean,4,det_mcd,off,4.201959629892372,799d268e53c6e803babe7f4f5aae955faadb8a157467064a988daf199e6cf6ab,7 6 6,False,0.8488603435520443,0.00370999357175174,697652.059072074,,exact,697652.059072074,172974,exact,6.982916579439665e-11,,exact,6.982916579439665e-11,172974,exact,0.7713933886017552,exact,0.7713933886017552,172974,exact,1917060.0,5.539535690650207,10.591262895526016,11711821,556075,0.04747980694035539,ok,1.0,0.0
table_2_dataset_summary,stanford_armadillo,Stanford Armadillo,E4,172974,A6_rch_b2_mrcd,rch,C0_uniform,uniform,172974,172974,D0,clean,0,mrcd,off,4.211584405042231,0e5adbdd17fac982957f1ba2eed3c16adf8d729660beaa419361d679ac74e1b2,10 10 10,False,0.7291085683618606,0.003186611463568473,1506630.7818940491,,exact,1506630.7818940491,172974,exact,6.982916579439665e-11,,exact,6.982916579439665e-11,172974,exact,0.7743627655023299,exact,0.7743627655023299,172974,exact,1924292.0,5.7579984640986535,11.51776829904947,11406093,561221,0.04920361424372044,ok,1.0,0.0
table_2_dataset_summary,stanford_armadillo,Stanford Armadillo,E4,172974,A6_rch_b2_mrcd,rch,C0_uniform,uniform,172974,172974,D0,clean,1,mrcd,off,4.229070611996576,0e5adbdd17fac982957f1ba2eed3c16adf8d729660beaa419361d679ac74e1b2,10 10 10,False,0.7291085683618606,0.003186611463568473,1506630.7818940491,,exact,1506630.7818940491,172974,exact,6.982916579439665e-11,,exact,6.982916579439665e-11,172974,exact,0.7743627655023299,exact,0.7743627655023299,172974,exact,1930776.0,5.7579984640986535,11.51776829904947,11140978,570840,0.05123787157644508,ok,1.0,0.0
table_2_dataset_summary,stanford_armadillo,Stanford Armadillo,E4,172974,A6_rch_b2_mrcd,rch,C0_uniform,uniform,172974,172974,D0,clean,2,mrcd,off,4.2209282770054415,0e5adbdd17fac982957f1ba2eed3c16adf8d729660beaa419361d679ac74e1b2,10 10 10,False,0.7291085683618606,0.003186611463568473,1506630.7818940491,,exact,1506630.7818940491,172974,exact,6.982916579439665e-11,,exact,6.982916579439665e-11,172974,exact,0.7743627655023299,exact,0.7743627655023299,172974,exact,1937624.0,5.7579984640986535,11.51776829904947,10938317,546941,0.050002299256823514,ok,1.0,0.0
table_2_dataset_summary,stanford_armadillo,Stanford Armadillo,E4,172974,A6_rch_b2_mrcd,rch,C0_uniform,uniform,172974,172974,D0,clean,3,mrcd,off,4.195426088990644,0e5adbdd17fac982957f1ba2eed3c16adf8d729660beaa419361d679ac74e1b2,10 10 10,False,0.7291085683618606,0.003186611463568473,1506630.7818940491,,exact,1506630.7818940491,172974,exact,6.982916579439665e-11,,exact,6.982916579439665e-11,172974,exact,0.7743627655023299,exact,0.7743627655023299,172974,exact,1944384.0,5.7579984640986535,11.51776829904947,11277068,569233,0.050477038889895846,ok,1.0,0.0
table_2_dataset_summary,stanford_armadillo,Stanford Armadillo,E4,172974,A6_rch_b2_mrcd,rch,C0_uniform,uniform,172974,172974,D0,clean,4,mrcd,off,4.187750099925324,0e5adbdd17fac982957f1ba2eed3c16adf8d729660beaa419361d679ac74e1b2,10 10 10,False,0.7291085683618606,0.003186611463568473,1506630.7818940491,,exact,1506630.7818940491,172974,exact,6.982916579439665e-11,,exact,6.982916579439665e-11,172974,exact,0.7743627655023299,exact,0.7743627655023299,172974,exact,1951576.0,5.7579984640986535,11.51776829904947,10646486,583741,0.05482945264756841,ok,1.0,0.0
table_2_dataset_summary,stanford_armadillo,Stanford Armadillo,E4,172974,A6_rch_b2_mrcd,rch,C1_monotone_half,monotone_half,172974,172974,D0,clean,0,mrcd,off,4.175268094055355,5be6ae054747802e5682e8ad68d69c96265812ef363921659356a9f2424e2594,10 4 1,False,3.797242940758423,0.016596071435783465,609257.2318621369,,exact,609257.2318621369,172974,exact,6.982916579439665e-11,,exact,6.982916579439665e-11,172974,exact,0.30014120619283824,exact,0.30014120619283824,172974,exact,1958620.0,27.71733637110242,56.08459186631022,12752663,549887,0.043119386123510045,ok,1.0,0.0
table_2_dataset_summary,stanford_armadillo,Stanford Armadillo,E4,172974,A6_rch_b2_mrcd,rch,C1_monotone_half,monotone_half,172974,172974,D0,clean,1,mrcd,off,4.2029729360947385,5be6ae054747802e5682e8ad68d69c96265812ef363921659356a9f2424e2594,10 4 1,False,3.797242940758423,0.016596071435783465,609257.2318621369,,exact,609257.2318621369,172974,exact,6.982916579439665e-11,,exact,6.982916579439665e-11,172974,exact,0.30014120619283824,exact,0.30014120619283824,172974,exact,1965252.0,27.71733637110242,56.08459186631022,12636331,581929,0.04605205419199608,ok,1.0,0.0
table_2_dataset_summary,stanford_armadillo,Stanford Armadillo,E4,172974,A6_rch_b2_mrcd,rch,C1_monotone_half,monotone_half,172974,172974,D0,clean,2,mrcd,off,4.200724993017502,5be6ae054747802e5682e8ad68d69c96265812ef363921659356a9f2424e2594,10 4 1,False,3.797242940758423,0.016596071435783465,609257.2318621369,,exact,609257.2318621369,172974,exact,6.982916579439665e-11,,exact,6.982916579439665e-11,172974,exact,0.30014120619283824,exact,0.30014120619283824,172974,exact,1972436.0,27.71733637110242,56.08459186631022,11426343,576132,0.050421381539132865,ok,1.0,0.0
table_2_dataset_summary,stanford_armadillo,Stanford Armadillo,E4,172974,A6_rch_b2_mrcd,rch,C1_monotone_half,monotone_half,172974,172974,D0,clean,3,mrcd,off,4.220792936044745,5be6ae054747802e5682e8ad68d69c96265812ef363921659356a9f2424e2594,10 4 1,False,3.797242940758423,0.016596071435783465,609257.2318621369,,exact,609257.2318621369,172974,exact,6.982916579439665e-11,,exact,6.982916579439665e-11,172974,exact,0.30014120619283824,exact,0.30014120619283824,172974,exact,1978968.0,27.71733637110242,56.08459186631022,11093625,591588,0.05332684311935909,ok,1.0,0.0
table_2_dataset_summary,stanford_armadillo,Stanford Armadillo,E4,172974,A6_rch_b2_mrcd,rch,C1_monotone_half,monotone_half,172974,172974,D0,clean,4,mrcd,off,4.09387639106717,5be6ae054747802e5682e8ad68d69c96265812ef363921659356a9f2424e2594,10 4 1,False,3.797242940758423,0.016596071435783465,609257.2318621369,,exact,609257.2318621369,172974,exact,6.982916579439665e-11,,exact,6.982916579439665e-11,172974,exact,0.30014120619283824,exact,0.30014120619283824,172974,exact,1985848.0,27.71733637110242,56.08459186631022,11710247,576469,0.049227740456712826,ok,1.0,0.0
table_2_dataset_summary,stanford_armadillo,Stanford Armadillo,E4,172974,A6_rch_b2_mrcd,rch,C2_occupancy_floor1,occupancy_floor1,172974,172974,D0,clean,0,mrcd,off,4.178499536006711,5dbff6a130ba3dc5157c73c4f6180f05778db7e9b1b5ac2e66940c44677ab4a9,7 6 6,False,0.8488562958412708,0.003709975880996053,697652.059072074,,exact,697652.059072074,172974,exact,6.982916579439665e-11,,exact,6.982916579439665e-11,172974,exact,0.7713904979939181,exact,0.7713904979939181,172974,exact,1992692.0,5.540836403375586,10.647177665960317,11124298,565478,0.05083269074596887,ok,1.0,0.0
table_2_dataset_summary,stanford_armadillo,Stanford Armadillo,E4,172974,A6_rch_b2_mrcd,rch,C2_occupancy_floor1,occupancy_floor1,172974,172974,D0,clean,1,mrcd,off,4.17915548698511,5dbff6a130ba3dc5157c73c4f6180f05778db7e9b1b5ac2e66940c44677ab4a9,7 6 6,False,0.8488562958412708,0.003709975880996053,697652.059072074,,exact,697652.059072074,172974,exact,6.982916579439665e-11,,exact,6.982916579439665e-11,172974,exact,0.7713904979939181,exact,0.7713904979939181,172974,exact,1999472.0,5.540836403375586,10.647177665960317,11814558,559686,0.04737257204205185,ok,1.0,0.0
table_2_dataset_summary,stanford_armadillo,Stanford Armadillo,E4,172974,A6_rch_b2_mrcd,rch,C2_occupancy_floor1,occupancy_floor1,172974,172974,D0,clean,2,mrcd,off,4.193090648972429,5dbff6a130ba3dc5157c73c4f6180f05778db7e9b1b5ac2e66940c44677ab4a9,7 6 6,False,0.8488562958412708,0.003709975880996053,697652.059072074,,exact,697652.059072074,172974,exact,6.982916579439665e-11,,exact,6.982916579439665e-11,172974,exact,0.7713904979939181,exact,0.7713904979939181,172974,exact,2006148.0,5.540836403375586,10.647177665960317,13871824,594942,0.04288851992355151,ok,1.0,0.0
table_2_dataset_summary,stanford_armadillo,Stanford Armadillo,E4,172974,A6_rch_b2_mrcd,rch,C2_occupancy_floor1,occupancy_floor1,172974,172974,D0,clean,3,mrcd,off,4.187510823016055,5dbff6a130ba3dc5157c73c4f6180f05778db7e9b1b5ac2e66940c44677ab4a9,7 6 6,False,0.8488562958412708,0.003709975880996053,697652.059072074,,exact,697652.059072074,172974,exact,6.982916579439665e-11,,exact,6.982916579439665e-11,172974,exact,0.7713904979939181,exact,0.7713904979939181,172974,exact,2012864.0,5.540836403375586,10.647177665960317,10568281,558435,0.05284066538351885,ok,1.0,0.0
table_2_dataset_summary,stanford_armadillo,Stanford Armadillo,E4,172974,A6_rch_b2_mrcd,rch,C2_occupancy_floor1,occupancy_floor1,172974,172974,D0,clean,4,mrcd,off,4.2036361950449646,5dbff6a130ba3dc5157c73c4f6180f05778db7e9b1b5ac2e66940c44677ab4a9,7 6 6,False,0.8488562958412708,0.003709975880996053,697652.059072074,,exact,697652.059072074,172974,exact,6.982916579439665e-11,,exact,6.982916579439665e-11,172974,exact,0.7713904979939181,exact,0.7713904979939181,172974,exact,2019700.0,5.540836403375586,10.647177665960317,11920396,561335,0.04709029800687829,ok,1.0,0.0
table_2_dataset_summary,stanford_armadillo,Stanford Armadillo,E4,172974,A6_rch_b2_mrcd,rch,C3_frame_core_occupancy,frame_core_occupancy,172974,172974,D0,clean,0,mrcd,off,4.202892045956105,f649bc324889ffe967d06b59a3770c97a06ef0a0339454d1d55a648a4d7af0af,7 6 6,False,0.8460157326115618,0.0036975610339574027,689423.2904794817,,exact,689423.2904794817,172974,exact,6.982916579439665e-11,,exact,6.982916579439665e-11,172974,exact,0.7739971036109473,exact,0.7739971036109473,172974,exact,2026400.0,5.663808452512201,11.296843338099627,12924070,612392,0.047383834968396175,ok,1.0,0.0
table_2_dataset_summary,stanford_armadillo,Stanford Armadillo,E4,172974,A6_rch_b2_mrcd,rch,C3_frame_core_occupancy,frame_core_occupancy,172974,172974,D0,clean,1,mrcd,off,4.2010352809447795,f649bc324889ffe967d06b59a3770c97a06ef0a0339454d1d55a648a4d7af0af,7 6 6,False,0.8460157326115618,0.0036975610339574027,689423.2904794817,,exact,689423.2904794817,172974,exact,6.982916579439665e-11,,exact,6.982916579439665e-11,172974,exact,0.7739971036109473,exact,0.7739971036109473,172974,exact,2033128.0,5.663808452512201,11.296843338099627,11847885,563610,0.04757051575027948,ok,1.0,0.0
table_2_dataset_summary,stanford_armadillo,Stanford Armadillo,E4,172974,A6_rch_b2_mrcd,rch,C3_frame_core_occupancy,frame_core_occupancy,172974,172974,D0,clean,2,mrcd,off,4.1622084429254755,f649bc324889ffe967d06b59a3770c97a06ef0a0339454d1d55a648a4d7af0af,7 6 6,False,0.8460157326115618,0.0036975610339574027,689423.2904794817,,exact,689423.2904794817,172974,exact,6.982916579439665e-11,,exact,6.982916579439665e-11,172974,exact,0.7739971036109473,exact,0.7739971036109473,172974,exact,2039644.0,5.663808452512201,11.296843338099627,11399033,572010,0.05018057233451294,ok,1.0,0.0
table_2_dataset_summary,stanford_armadillo,Stanford Armadillo,E4,172974,A6_rch_b2_mrcd,rch,C3_frame_core_occupancy,frame_core_occupancy,172974,172974,D0,clean,3,mrcd,off,4.213867750018835,f649bc324889ffe967d06b59a3770c97a06ef0a0339454d1d55a648a4d7af0af,7 6 6,False,0.8460157326115618,0.0036975610339574027,689423.2904794817,,exact,689423.2904794817,172974,exact,6.982916579439665e-11,,exact,6.982916579439665e-11,172974,exact,0.7739971036109473,exact,0.7739971036109473,172974,exact,2046360.0,5.663808452512201,11.296843338099627,11087094,582919,0.05257635589632414,ok,1.0,0.0
table_2_dataset_summary,stanford_armadillo,Stanford Armadillo,E4,172974,A6_rch_b2_mrcd,rch,C3_frame_core_occupancy,frame_core_occupancy,172974,172974,D0,clean,4,mrcd,off,4.1509005120024085,f649bc324889ffe967d06b59a3770c97a06ef0a0339454d1d55a648a4d7af0af,7 6 6,False,0.8460157326115618,0.0036975610339574027,689423.2904794817,,exact,689423.2904794817,172974,exact,6.982916579439665e-11,,exact,6.982916579439665e-11,172974,exact,0.7739971036109473,exact,0.7739971036109473,172974,exact,2053172.0,5.663808452512201,11.296843338099627,12093127,563283,0.04657877156173089,ok,1.0,0.0
table_2_dataset_summary,stanford_armadillo,Stanford Armadillo,E4,172974,A6_rch_b2_mrcd,rch,C4_hybrid,hybrid_occupancy,172974,172974,D0,clean,0,mrcd,off,4.203717221040279,5dbff6a130ba3dc5157c73c4f6180f05778db7e9b1b5ac2e66940c44677ab4a9,7 6 6,False,0.8488562958412708,0.003709975880996053,697652.059072074,,exact,697652.059072074,172974,exact,6.982916579439665e-11,,exact,6.982916579439665e-11,172974,exact,0.7713904979939181,exact,0.7713904979939181,172974,exact,2059912.0,5.540836403375586,10.647177665960317,11911516,565189,0.047448956119439376,ok,1.0,0.0
table_2_dataset_summary,stanford_armadillo,Stanford Armadillo,E4,172974,A6_rch_b2_mrcd,rch,C4_hybrid,hybrid_occupancy,172974,172974,D0,clean,1,mrcd,off,4.224711172049865,5dbff6a130ba3dc5157c73c4f6180f05778db7e9b1b5ac2e66940c44677ab4a9,7 6 6,False,0.8488562958412708,0.003709975880996053,697652.059072074,,exact,697652.059072074,172974,exact,6.982916579439665e-11,,exact,6.982916579439665e-11,172974,exact,0.7713904979939181,exact,0.7713904979939181,172974,exact,2066888.0,5.540836403375586,10.647177665960317,12007301,527824,0.043958588195631976,ok,1.0,0.0
table_2_dataset_summary,stanford_armadillo,Stanford Armadillo,E4,172974,A6_rch_b2_mrcd,rch,C4_hybrid,hybrid_occupancy,172974,172974,D0,clean,2,mrcd,off,4.172998914960772,5dbff6a130ba3dc5157c73c4f6180f05778db7e9b1b5ac2e66940c44677ab4a9,7 6 6,False,0.8488562958412708,0.003709975880996053,697652.059072074,,exact,697652.059072074,172974,exact,6.982916579439665e-11,,exact,6.982916579439665e-11,172974,exact,0.7713904979939181,exact,0.7713904979939181,172974,exact,2073544.0,5.540836403375586,10.647177665960317,11860633,512705,0.04322745674703871,ok,1.0,0.0
table_2_dataset_summary,stanford_armadillo,Stanford Armadillo,E4,172974,A6_rch_b2_mrcd,rch,C4_hybrid,hybrid_occupancy,172974,172974,D0,clean,3,mrcd,off,4.179425214999355,5dbff6a130ba3dc5157c73c4f6180f05778db7e9b1b5ac2e66940c44677ab4a9,7 6 6,False,0.8488562958412708,0.003709975880996053,697652.059072074,,exact,697652.059072074,172974,exact,6.982916579439665e-11,,exact,6.982916579439665e-11,172974,exact,0.7713904979939181,exact,0.7713904979939181,172974,exact,2080328.0,5.540836403375586,10.647177665960317,10972333,535635,0.048816874223558474,ok,1.0,0.0
table_2_dataset_summary,stanford_armadillo,Stanford Armadillo,E4,172974,A6_rch_b2_mrcd,rch,C4_hybrid,hybrid_occupancy,172974,172974,D0,clean,4,mrcd,off,4.162561784964055,5dbff6a130ba3dc5157c73c4f6180f05778db7e9b1b5ac2e66940c44677ab4a9,7 6 6,False,0.8488562958412708,0.003709975880996053,697652.059072074,,exact,697652.059072074,172974,exact,6.982916579439665e-11,,exact,6.982916579439665e-11,172974,exact,0.7713904979939181,exact,0.7713904979939181,172974,exact,2087008.0,5.540836403375586,10.647177665960317,11476105,521616,0.04545235513268657,ok,1.0,0.0
table_2_dataset_summary,stanford_armadillo,Stanford Armadillo,E4,172974,A6_rch_b3_ogk,rch,C0_uniform,uniform,172974,172974,D0,clean,0,ogk,off,0.4802516879281029,4518995a9218261b2e1e19f974cb2a6e204cf2e44c3b4bbc31d87dcf337a7833,10 10 10,False,0.7390374172929445,0.0032300060761087123,1048055.0141543135,,exact,1048055.0141543135,172974,exact,6.982916579439665e-11,,exact,6.982916579439665e-11,172974,exact,0.7720697908356169,exact,0.7720697908356169,172974,exact,2094072.0,5.808045568818255,11.219813335963316,12136520,620417,0.05111984324995963,ok,1.0,0.0
table_2_dataset_summary,stanford_armadillo,Stanford Armadillo,E4,172974,A6_rch_b3_ogk,rch,C0_uniform,uniform,172974,172974,D0,clean,1,ogk,off,0.47265388793312013,4518995a9218261b2e1e19f974cb2a6e204cf2e44c3b4bbc31d87dcf337a7833,10 10 10,False,0.7390374172929445,0.0032300060761087123,1048055.0141543135,,exact,1048055.0141543135,172974,exact,6.982916579439665e-11,,exact,6.982916579439665e-11,172974,exact,0.7720697908356169,exact,0.7720697908356169,172974,exact,2100812.0,5.808045568818255,11.219813335963316,10911053,542025,0.04967669023328913,ok,1.0,0.0
table_2_dataset_summary,stanford_armadillo,Stanford Armadillo,E4,172974,A6_rch_b3_ogk,rch,C0_uniform,uniform,172974,172974,D0,clean,2,ogk,off,0.48141605395358056,4518995a9218261b2e1e19f974cb2a6e204cf2e44c3b4bbc31d87dcf337a7833,10 10 10,False,0.7390374172929445,0.0032300060761087123,1048055.0141543135,,exact,1048055.0141543135,172974,exact,6.982916579439665e-11,,exact,6.982916579439665e-11,172974,exact,0.7720697908356169,exact,0.7720697908356169,172974,exact,2107600.0,5.808045568818255,11.219813335963316,11728193,573939,0.048936694680928254,ok,1.0,0.0
table_2_dataset_summary,stanford_armadillo,Stanford Armadillo,E4,172974,A6_rch_b3_ogk,rch,C0_uniform,uniform,172974,172974,D0,clean,3,ogk,off,0.4717099569970742,4518995a9218261b2e1e19f974cb2a6e204cf2e44c3b4bbc31d87dcf337a7833,10 10 10,False,0.7390374172929445,0.0032300060761087123,1048055.0141543135,,exact,1048055.0141543135,172974,exact,6.982916579439665e-11,,exact,6.982916579439665e-11,172974,exact,0.7720697908356169,exact,0.7720697908356169,172974,exact,2114548.0,5.808045568818255,11.219813335963316,12792383,581934,0.04549066424918641,ok,1.0,0.0
table_2_dataset_summary,stanford_armadillo,Stanford Armadillo,E4,172974,A6_rch_b3_ogk,rch,C0_uniform,uniform,172974,172974,D0,clean,4,ogk,off,0.4774428750388324,4518995a9218261b2e1e19f974cb2a6e204cf2e44c3b4bbc31d87dcf337a7833,10 10 10,False,0.7390374172929445,0.0032300060761087123,1048055.0141543135,,exact,1048055.0141543135,172974,exact,6.982916579439665e-11,,exact,6.982916579439665e-11,172974,exact,0.7720697908356169,exact,0.7720697908356169,172974,exact,2121228.0,5.808045568818255,11.219813335963316,10870861,558441,0.05137044802614991,ok,1.0,0.0
table_2_dataset_summary,stanford_armadillo,Stanford Armadillo,E4,172974,A6_rch_b3_ogk,rch,C1_monotone_half,monotone_half,172974,172974,D0,clean,0,ogk,off,0.4789841310121119,93d94af3f6d309a933a947b962676310039a80ca3eea244a0fe1dc321863d172,10 4 1,False,4.686002817032666,0.020480448239170033,794575.9535889792,,exact,794575.9535889792,172974,exact,6.982916579439665e-11,,exact,6.982916579439665e-11,172974,exact,0.29170641252442564,exact,0.29170641252442564,172974,exact,2128436.0,28.429869123971546,56.36663679297214,13352075,528232,0.03956179095758525,ok,1.0,0.0
table_2_dataset_summary,stanford_armadillo,Stanford Armadillo,E4,172974,A6_rch_b3_ogk,rch,C1_monotone_half,monotone_half,172974,172974,D0,clean,1,ogk,off,0.47765663103200495,93d94af3f6d309a933a947b962676310039a80ca3eea244a0fe1dc321863d172,10 4 1,False,4.686002817032666,0.020480448239170033,794575.9535889792,,exact,794575.9535889792,172974,exact,6.982916579439665e-11,,exact,6.982916579439665e-11,172974,exact,0.29170641252442564,exact,0.29170641252442564,172974,exact,2134888.0,28.429869123971546,56.36663679297214,10592929,533974,0.05040853195560926,ok,1.0,0.0
table_2_dataset_summary,stanford_armadillo,Stanford Armadillo,E4,172974,A6_rch_b3_ogk,rch,C1_monotone_half,monotone_half,172974,172974,D0,clean,2,ogk,off,0.47708316799253225,93d94af3f6d309a933a947b962676310039a80ca3eea244a0fe1dc321863d172,10 4 1,False,4.686002817032666,0.020480448239170033,794575.9535889792,,exact,794575.9535889792,172974,exact,6.982916579439665e-11,,exact,6.982916579439665e-11,172974,exact,0.29170641252442564,exact,0.29170641252442564,172974,exact,2141920.0,28.429869123971546,56.36663679297214,11222783,514581,0.04585146126410891,ok,1.0,0.0
table_2_dataset_summary,stanford_armadillo,Stanford Armadillo,E4,172974,A6_rch_b3_ogk,rch,C1_monotone_half,monotone_half,172974,172974,D0,clean,3,ogk,off,0.473513328935951,93d94af3f6d309a933a947b962676310039a80ca3eea244a0fe1dc321863d172,10 4 1,False,4.686002817032666,0.020480448239170033,794575.9535889792,,exact,794575.9535889792,172974,exact,6.982916579439665e-11,,exact,6.982916579439665e-11,172974,exact,0.29170641252442564,exact,0.29170641252442564,172974,exact,2149044.0,28.429869123971546,56.36663679297214,11417499,550173,0.048186822700838426,ok,1.0,0.0
table_2_dataset_summary,stanford_armadillo,Stanford Armadillo,E4,172974,A6_rch_b3_ogk,rch,C1_monotone_half,monotone_half,172974,172974,D0,clean,4,ogk,off,0.471527217887342,93d94af3f6d309a933a947b962676310039a80ca3eea244a0fe1dc321863d172,10 4 1,False,4.686002817032666,0.020480448239170033,794575.9535889792,,exact,794575.9535889792,172974,exact,6.982916579439665e-11,,exact,6.982916579439665e-11,172974,exact,0.29170641252442564,exact,0.29170641252442564,172974,exact,2155860.0,28.429869123971546,56.36663679297214,12321109,560764,0.04551246158117747,ok,1.0,0.0
table_2_dataset_summary,stanford_armadillo,Stanford Armadillo,E4,172974,A6_rch_b3_ogk,rch,C2_occupancy_floor1,occupancy_floor1,172974,172974,D0,clean,0,ogk,off,0.4679420579923317,b579d338fa620b67974a2abe4b23d72e16d684befe9a9c0da6b581e524898c36,7 6 6,False,0.8506907771820751,0.0037179935885419176,561212.3880302408,,exact,561212.3880302408,172974,exact,6.982916579439665e-11,,exact,6.982916579439665e-11,172974,exact,0.7710775896955612,exact,0.7710775896955612,172974,exact,2162632.0,5.531736683094308,10.96496886969039,11861890,556453,0.04691098973266486,ok,1.0,0.0
table_2_dataset_summary,stanford_armadillo,Stanford Armadillo,E4,172974,A6_rch_b3_ogk,rch,C2_occupancy_floor1,occupancy_floor1,172974,172974,D0,clean,1,ogk,off,0.4717193089891225,b579d338fa620b67974a2abe4b23d72e16d684befe9a9c0da6b581e524898c36,7 6 6,False,0.8506907771820751,0.0037179935885419176,561212.3880302408,,exact,561212.3880302408,172974,exact,6.982916579439665e-11,,exact,6.982916579439665e-11,172974,exact,0.7710775896955612,exact,0.7710775896955612,172974,exact,2169512.0,5.531736683094308,10.96496886969039,10797862,531994,0.049268457033438656,ok,1.0,0.0
table_2_dataset_summary,stanford_armadillo,Stanford Armadillo,E4,172974,A6_rch_b3_ogk,rch,C2_occupancy_floor1,occupancy_floor1,172974,172974,D0,clean,2,ogk,off,0.45337835198733956,b579d338fa620b67974a2abe4b23d72e16d684befe9a9c0da6b581e524898c36,7 6 6,False,0.8506907771820751,0.0037179935885419176,561212.3880302408,,exact,561212.3880302408,172974,exact,6.982916579439665e-11,,exact,6.982916579439665e-11,172974,exact,0.7710775896955612,exact,0.7710775896955612,172974,exact,2175900.0,5.531736683094308,10.96496886969039,11226325,590220,0.05257464040992934,ok,1.0,0.0
table_2_dataset_summary,stanford_armadillo,Stanford Armadillo,E4,172974,A6_rch_b3_ogk,rch,C2_occupancy_floor1,occupancy_floor1,172974,172974,D0,clean,3,ogk,off,0.47520421096123755,b579d338fa620b67974a2abe4b23d72e16d684befe9a9c0da6b581e524898c36,7 6 6,False,0.8506907771820751,0.0037179935885419176,561212.3880302408,,exact,561212.3880302408,172974,exact,6.982916579439665e-11,,exact,6.982916579439665e-11,172974,exact,0.7710775896955612,exact,0.7710775896955612,172974,exact,2183020.0,5.531736683094308,10.96496886969039,10921087,564734,0.05171042040046014,ok,1.0,0.0
table_2_dataset_summary,stanford_armadillo,Stanford Armadillo,E4,172974,A6_rch_b3_ogk,rch,C2_occupancy_floor1,occupancy_floor1,172974,172974,D0,clean,4,ogk,off,0.4651266180444509,b579d338fa620b67974a2abe4b23d72e16d684befe9a9c0da6b581e524898c36,7 6 6,False,0.8506907771820751,0.0037179935885419176,561212.3880302408,,exact,561212.3880302408,172974,exact,6.982916579439665e-11,,exact,6.982916579439665e-11,172974,exact,0.7710775896955612,exact,0.7710775896955612,172974,exact,2189704.0,5.531736683094308,10.96496886969039,11879721,580306,0.04884845359583782,ok,1.0,0.0
table_2_dataset_summary,stanford_armadillo,Stanford Armadillo,E4,172974,A6_rch_b3_ogk,rch,C3_frame_core_occupancy,frame_core_occupancy,172974,172974,D0,clean,0,ogk,off,0.47343443892896175,5fbc4f38be675e49d26e95bbab45dc5c5ff9c230631060c420fa000801df97a4,7 6 5,False,0.8937404723053313,0.0039061447884257893,188799.2489606423,,exact,188799.2489606423,172974,exact,6.982916579439665e-11,,exact,6.982916579439665e-11,172974,exact,0.771191046053164,exact,0.771191046053164,172974,exact,2196608.0,5.573246982168673,10.322084454452737,12350480,542371,0.04391497334516553,ok,1.0,0.0
table_2_dataset_summary,stanford_armadillo,Stanford Armadillo,E4,172974,A6_rch_b3_ogk,rch,C3_frame_core_occupancy,frame_core_occupancy,172974,172974,D0,clean,1,ogk,off,0.47455487202387303,5fbc4f38be675e49d26e95bbab45dc5c5ff9c230631060c420fa000801df97a4,7 6 5,False,0.8937404723053313,0.0039061447884257893,188799.2489606423,,exact,188799.2489606423,172974,exact,6.982916579439665e-11,,exact,6.982916579439665e-11,172974,exact,0.771191046053164,exact,0.771191046053164,172974,exact,2203588.0,5.573246982168673,10.322084454452737,11488791,558397,0.048603634620910066,ok,1.0,0.0
table_2_dataset_summary,stanford_armadillo,Stanford Armadillo,E4,172974,A6_rch_b3_ogk,rch,C3_frame_core_occupancy,frame_core_occupancy,172974,172974,D0,clean,2,ogk,off,0.47599165001884103,5fbc4f38be675e49d26e95bbab45dc5c5ff9c230631060c420fa000801df97a4,7 6 5,False,0.8937404723053313,0.0039061447884257893,188799.2489606423,,exact,188799.2489606423,172974,exact,6.982916579439665e-11,,exact,6.982916579439665e-11,172974,exact,0.771191046053164,exact,0.771191046053164,172974,exact,2210260.0,5.573246982168673,10.322084454452737,13281272,560664,0.04221463124917553,ok,1.0,0.0
table_2_dataset_summary,stanford_armadillo,Stanford Armadillo,E4,172974,A6_rch_b3_ogk,rch,C3_frame_core_occupancy,frame_core_occupancy,172974,172974,D0,clean,3,ogk,off,0.4741131109185517,5fbc4f38be675e49d26e95bbab45dc5c5ff9c230631060c420fa000801df97a4,7 6 5,False,0.8937404723053313,0.0039061447884257893,188799.2489606423,,exact,188799.2489606423,172974,exact,6.982916579439665e-11,,exact,6.982916579439665e-11,172974,exact,0.771191046053164,exact,0.771191046053164,172974,exact,2216832.0,5.573246982168673,10.322084454452737,12300206,544659,0.0442804779041912,ok,1.0,0.0
table_2_dataset_summary,stanford_armadillo,Stanford Armadillo,E4,172974,A6_rch_b3_ogk,rch,C3_frame_core_occupancy,frame_core_occupancy,172974,172974,D0,clean,4,ogk,off,0.476235167006962,5fbc4f38be675e49d26e95bbab45dc5c5ff9c230631060c420fa000801df97a4,7 6 5,False,0.8937404723053313,0.0039061447884257893,188799.2489606423,,exact,188799.2489606423,172974,exact,6.982916579439665e-11,,exact,6.982916579439665e-11,172974,exact,0.771191046053164,exact,0.771191046053164,172974,exact,2223652.0,5.573246982168673,10.322084454452737,11034818,574529,0.052065108821912606,ok,1.0,0.0
table_2_dataset_summary,stanford_armadillo,Stanford Armadillo,E4,172974,A6_rch_b3_ogk,rch,C4_hybrid,hybrid_occupancy,172974,172974,D0,clean,0,ogk,off,0.4767838130937889,b579d338fa620b67974a2abe4b23d72e16d684befe9a9c0da6b581e524898c36,7 6 6,False,0.8506907771820751,0.0037179935885419176,561212.3880302408,,exact,561212.3880302408,172974,exact,6.982916579439665e-11,,exact,6.982916579439665e-11,172974,exact,0.7710775896955612,exact,0.7710775896955612,172974,exact,2230296.0,5.531736683094308,10.96496886969039,11203444,550678,0.04915256415795,ok,1.0,0.0
table_2_dataset_summary,stanford_armadillo,Stanford Armadillo,E4,172974,A6_rch_b3_ogk,rch,C4_hybrid,hybrid_occupancy,172974,172974,D0,clean,1,ogk,off,0.4654360950225964,b579d338fa620b67974a2abe4b23d72e16d684befe9a9c0da6b581e524898c36,7 6 6,False,0.8506907771820751,0.0037179935885419176,561212.3880302408,,exact,561212.3880302408,172974,exact,6.982916579439665e-11,,exact,6.982916579439665e-11,172974,exact,0.7710775896955612,exact,0.7710775896955612,172974,exact,2237284.0,5.531736683094308,10.96496886969039,14243318,590865,0.041483662725216135,ok,1.0,0.0
table_2_dataset_summary,stanford_armadillo,Stanford Armadillo,E4,172974,A6_rch_b3_ogk,rch,C4_hybrid,hybrid_occupancy,172974,172974,D0,clean,2,ogk,off,0.47661923500709236,b579d338fa620b67974a2abe4b23d72e16d684befe9a9c0da6b581e524898c36,7 6 6,False,0.8506907771820751,0.0037179935885419176,561212.3880302408,,exact,561212.3880302408,172974,exact,6.982916579439665e-11,,exact,6.982916579439665e-11,172974,exact,0.7710775896955612,exact,0.7710775896955612,172974,exact,2243904.0,5.531736683094308,10.96496886969039,12625560,548002,0.04340417375546114,ok,1.0,0.0
table_2_dataset_summary,stanford_armadillo,Stanford Armadillo,E4,172974,A6_rch_b3_ogk,rch,C4_hybrid,hybrid_occupancy,172974,172974,D0,clean,3,ogk,off,0.47140242997556925,b579d338fa620b67974a2abe4b23d72e16d684befe9a9c0da6b581e524898c36,7 6 6,False,0.8506907771820751,0.0037179935885419176,561212.3880302408,,exact,561212.3880302408,172974,exact,6.982916579439665e-11,,exact,6.982916579439665e-11,172974,exact,0.7710775896955612,exact,0.7710775896955612,172974,exact,2250748.0,5.531736683094308,10.96496886969039,12494477,577556,0.04622490401158848,ok,1.0,0.0
table_2_dataset_summary,stanford_armadillo,Stanford Armadillo,E4,172974,A6_rch_b3_ogk,rch,C4_hybrid,hybrid_occupancy,172974,172974,D0,clean,4,ogk,off,0.47164668899495155,b579d338fa620b67974a2abe4b23d72e16d684befe9a9c0da6b581e524898c36,7 6 6,False,0.8506907771820751,0.0037179935885419176,561212.3880302408,,exact,561212.3880302408,172974,exact,6.982916579439665e-11,,exact,6.982916579439665e-11,172974,exact,0.7710775896955612,exact,0.7710775896955612,172974,exact,2257776.0,5.531736683094308,10.96496886969039,11204460,552582,0.04931803942358668,ok,1.0,0.0
table_2_dataset_summary,stanford_armadillo,Stanford Armadillo,E4,172974,A7_cgal_spatial_sort,external_cgal_spatial_sort,C2_occupancy_floor1,occupancy_floor1,172974,172974,D0,clean,0,none,external,0.16422544489614666,78c45d901e9a48306fbcc9f76bb686729e03e2a430a5f4dd8a5210d028c39d57,0 0 0,False,1.555297030343049,0.006797516256434131,2969073.999260412,,exact,2969073.999260412,172974,exact,4.0480347455458514e-13,,exact,4.0480347455458514e-13,172974,exact,0.5846919190167308,exact,0.5846919190167308,172974,exact,2264340.0,10.461165842735502,31.5817489500247,11562189,558134,0.04827234704431834,ok,1.0,
table_2_dataset_summary,stanford_armadillo,Stanford Armadillo,E4,172974,A7_cgal_spatial_sort,external_cgal_spatial_sort,C2_occupancy_floor1,occupancy_floor1,172974,172974,D0,clean,1,none,external,0.16625311190728098,78c45d901e9a48306fbcc9f76bb686729e03e2a430a5f4dd8a5210d028c39d57,0 0 0,False,1.555297030343049,0.006797516256434131,2969073.999260412,,exact,2969073.999260412,172974,exact,4.0480347455458514e-13,,exact,4.0480347455458514e-13,172974,exact,0.5846919190167308,exact,0.5846919190167308,172974,exact,2271012.0,10.461165842735502,31.5817489500247,11950719,560257,0.046880610279599076,ok,1.0,
table_2_dataset_summary,stanford_armadillo,Stanford Armadillo,E4,172974,A7_cgal_spatial_sort,external_cgal_spatial_sort,C2_occupancy_floor1,occupancy_floor1,172974,172974,D0,clean,2,none,external,0.17205126397311687,78c45d901e9a48306fbcc9f76bb686729e03e2a430a5f4dd8a5210d028c39d57,0 0 0,False,1.555297030343049,0.006797516256434131,2969073.999260412,,exact,2969073.999260412,172974,exact,4.0480347455458514e-13,,exact,4.0480347455458514e-13,172974,exact,0.5846919190167308,exact,0.5846919190167308,172974,exact,2277872.0,10.461165842735502,31.5817489500247,13740717,554132,0.04032773544495531,ok,1.0,
table_2_dataset_summary,stanford_armadillo,Stanford Armadillo,E4,172974,A7_cgal_spatial_sort,external_cgal_spatial_sort,C2_occupancy_floor1,occupancy_floor1,172974,172974,D0,clean,3,none,external,0.1653605680912733,78c45d901e9a48306fbcc9f76bb686729e03e2a430a5f4dd8a5210d028c39d57,0 0 0,False,1.555297030343049,0.006797516256434131,2969073.999260412,,exact,2969073.999260412,172974,exact,4.0480347455458514e-13,,exact,4.0480347455458514e-13,172974,exact,0.5846919190167308,exact,0.5846919190167308,172974,exact,2284628.0,10.461165842735502,31.5817489500247,12589419,582692,0.0462842645875874,ok,1.0,
table_2_dataset_summary,stanford_armadillo,Stanford Armadillo,E4,172974,A7_cgal_spatial_sort,external_cgal_spatial_sort,C2_occupancy_floor1,occupancy_floor1,172974,172974,D0,clean,4,none,external,0.16550575394649059,78c45d901e9a48306fbcc9f76bb686729e03e2a430a5f4dd8a5210d028c39d57,0 0 0,False,1.555297030343049,0.006797516256434131,2969073.999260412,,exact,2969073.999260412,172974,exact,4.0480347455458514e-13,,exact,4.0480347455458514e-13,172974,exact,0.5846919190167308,exact,0.5846919190167308,172974,exact,2291860.0,10.461165842735502,31.5817489500247,12306081,554704,0.04507560124137002,ok,1.0,
table_2_dataset_summary,stanford_armadillo,Stanford Armadillo,E4,172974,A7_cgal_spatial_sort,external_cgal_spatial_sort,C3_frame_core_occupancy,frame_core_occupancy,172974,172974,D0,clean,0,none,external,0.16484181804116815,78c45d901e9a48306fbcc9f76bb686729e03e2a430a5f4dd8a5210d028c39d57,0 0 0,False,1.555297030343049,0.006797516256434131,2969073.999260412,,exact,2969073.999260412,172974,exact,4.0480347455458514e-13,,exact,4.0480347455458514e-13,172974,exact,0.5846919190167308,exact,0.5846919190167308,172974,exact,2298376.0,10.461165842735502,31.5817489500247,11230903,592342,0.052742152612305526,ok,1.0,
table_2_dataset_summary,stanford_armadillo,Stanford Armadillo,E4,172974,A7_cgal_spatial_sort,external_cgal_spatial_sort,C3_frame_core_occupancy,frame_core_occupancy,172974,172974,D0,clean,1,none,external,0.16835338703822345,78c45d901e9a48306fbcc9f76bb686729e03e2a430a5f4dd8a5210d028c39d57,0 0 0,False,1.555297030343049,0.006797516256434131,2969073.999260412,,exact,2969073.999260412,172974,exact,4.0480347455458514e-13,,exact,4.0480347455458514e-13,172974,exact,0.5846919190167308,exact,0.5846919190167308,172974,exact,2305300.0,10.461165842735502,31.5817489500247,12744177,545564,0.042808884402656996,ok,1.0,
table_2_dataset_summary,stanford_armadillo,Stanford Armadillo,E4,172974,A7_cgal_spatial_sort,external_cgal_spatial_sort,C3_frame_core_occupancy,frame_core_occupancy,172974,172974,D0,clean,2,none,external,0.16515677492134273,78c45d901e9a48306fbcc9f76bb686729e03e2a430a5f4dd8a5210d028c39d57,0 0 0,False,1.555297030343049,0.006797516256434131,2969073.999260412,,exact,2969073.999260412,172974,exact,4.0480347455458514e-13,,exact,4.0480347455458514e-13,172974,exact,0.5846919190167308,exact,0.5846919190167308,172974,exact,2312272.0,10.461165842735502,31.5817489500247,11129637,581382,0.0522372832105845,ok,1.0,
table_2_dataset_summary,stanford_armadillo,Stanford Armadillo,E4,172974,A7_cgal_spatial_sort,external_cgal_spatial_sort,C3_frame_core_occupancy,frame_core_occupancy,172974,172974,D0,clean,3,none,external,0.16521695000119507,78c45d901e9a48306fbcc9f76bb686729e03e2a430a5f4dd8a5210d028c39d57,0 0 0,False,1.555297030343049,0.006797516256434131,2969073.999260412,,exact,2969073.999260412,172974,exact,4.0480347455458514e-13,,exact,4.0480347455458514e-13,172974,exact,0.5846919190167308,exact,0.5846919190167308,172974,exact,2318992.0,10.461165842735502,31.5817489500247,13408569,582998,0.04347950926008585,ok,1.0,
table_2_dataset_summary,stanford_armadillo,Stanford Armadillo,E4,172974,A7_cgal_spatial_sort,external_cgal_spatial_sort,C3_frame_core_occupancy,frame_core_occupancy,172974,172974,D0,clean,4,none,external,0.16575869196094573,78c45d901e9a48306fbcc9f76bb686729e03e2a430a5f4dd8a5210d028c39d57,0 0 0,False,1.555297030343049,0.006797516256434131,2969073.999260412,,exact,2969073.999260412,172974,exact,4.0480347455458514e-13,,exact,4.0480347455458514e-13,172974,exact,0.5846919190167308,exact,0.5846919190167308,172974,exact,2325848.0,10.461165842735502,31.5817489500247,11625322,525967,0.045243219929736136,ok,1.0,
table_2_dataset_summary,stanford_armadillo,Stanford Armadillo,E4,172974,A7_cgal_spatial_sort,external_cgal_spatial_sort,C4_hybrid,hybrid_occupancy,172974,172974,D0,clean,0,none,external,0.16425188002176583,78c45d901e9a48306fbcc9f76bb686729e03e2a430a5f4dd8a5210d028c39d57,0 0 0,False,1.555297030343049,0.006797516256434131,2969073.999260412,,exact,2969073.999260412,172974,exact,4.0480347455458514e-13,,exact,4.0480347455458514e-13,172974,exact,0.5846919190167308,exact,0.5846919190167308,172974,exact,2332836.0,10.461165842735502,31.5817489500247,12268880,567732,0.04627415053370805,ok,1.0,
table_2_dataset_summary,stanford_armadillo,Stanford Armadillo,E4,172974,A7_cgal_spatial_sort,external_cgal_spatial_sort,C4_hybrid,hybrid_occupancy,172974,172974,D0,clean,1,none,external,0.16273244202602655,78c45d901e9a48306fbcc9f76bb686729e03e2a430a5f4dd8a5210d028c39d57,0 0 0,False,1.555297030343049,0.006797516256434131,2969073.999260412,,exact,2969073.999260412,172974,exact,4.0480347455458514e-13,,exact,4.0480347455458514e-13,172974,exact,0.5846919190167308,exact,0.5846919190167308,172974,exact,2339412.0,10.461165842735502,31.5817489500247,11217417,590354,0.05262833680873235,ok,1.0,
table_2_dataset_summary,stanford_armadillo,Stanford Armadillo,E4,172974,A7_cgal_spatial_sort,external_cgal_spatial_sort,C4_hybrid,hybrid_occupancy,172974,172974,D0,clean,2,none,external,0.16776848200242966,78c45d901e9a48306fbcc9f76bb686729e03e2a430a5f4dd8a5210d028c39d57,0 0 0,False,1.555297030343049,0.006797516256434131,2969073.999260412,,exact,2969073.999260412,172974,exact,4.0480347455458514e-13,,exact,4.0480347455458514e-13,172974,exact,0.5846919190167308,exact,0.5846919190167308,172974,exact,2346460.0,10.461165842735502,31.5817489500247,11501784,560333,0.04871705119831845,ok,1.0,
table_2_dataset_summary,stanford_armadillo,Stanford Armadillo,E4,172974,A7_cgal_spatial_sort,external_cgal_spatial_sort,C4_hybrid,hybrid_occupancy,172974,172974,D0,clean,3,none,external,0.16995588596910238,78c45d901e9a48306fbcc9f76bb686729e03e2a430a5f4dd8a5210d028c39d57,0 0 0,False,1.555297030343049,0.006797516256434131,2969073.999260412,,exact,2969073.999260412,172974,exact,4.0480347455458514e-13,,exact,4.0480347455458514e-13,172974,exact,0.5846919190167308,exact,0.5846919190167308,172974,exact,2353280.0,10.461165842735502,31.5817489500247,21771251,538793,0.02474791182187923,ok,1.0,
table_2_dataset_summary,stanford_armadillo,Stanford Armadillo,E4,172974,A7_cgal_spatial_sort,external_cgal_spatial_sort,C4_hybrid,hybrid_occupancy,172974,172974,D0,clean,4,none,external,0.16428850300144404,78c45d901e9a48306fbcc9f76bb686729e03e2a430a5f4dd8a5210d028c39d57,0 0 0,False,1.555297030343049,0.006797516256434131,2969073.999260412,,exact,2969073.999260412,172974,exact,4.0480347455458514e-13,,exact,4.0480347455458514e-13,172974,exact,0.5846919190167308,exact,0.5846919190167308,172974,exact,2360060.0,10.461165842735502,31.5817489500247,16268713,530432,0.03260442298047793,ok,1.0,
