algorithm_id,bit_rule,contamination_id,geometry_id,point_count,m1_l1_locality,m1_l2_locality,recall_8_64,miad
A0_input,C0_uniform,D0,E0,256.0,152.099 ± 88.6,2.66444e-06 ± 1.17e-06,0.232422 ± 0.00902,2.23004 ± 0.0779
A0_input,C0_uniform,D0,E0,384.0,163.725 ± 81.2,8.46978e-07 ± 1.01e-06,0.156706 ± 0.00759,2.23582 ± 0.0749
A0_input,C0_uniform,D0,E1,256.0,10750.6 ± 1.15e+03,1.65817e-05 ± 1.2e-05,0.225879 ± 0.0127,5.89928 ± 0.209
A0_input,C0_uniform,D0,E1,384.0,11887.6 ± 3.06e+03,6.78659e-06 ± 8.14e-06,0.156706 ± 0.00568,5.91171 ± 0.234
A0_input,C0_uniform,D0,E2,256.0,85587 ± 9.41e+03,4.0983e-05 ± 4.16e-05,0.230273 ± 0.0107,11.043 ± 0.432
A0_input,C0_uniform,D0,E2,384.0,94548.5 ± 2.44e+04,1.54352e-05 ± 2.33e-05,0.157161 ± 0.00408,11.0682 ± 0.439
A0_input,C0_uniform,D0,E5,256.0,15.6523 ± 0.00844,6.12269e-07 ± 9.83e-08,0.135937 ± 0.00252,1.39406 ± 0.000109
A0_input,C0_uniform,D0,E5,384.0,16.7122 ± 0.00128,9.903e-08 ± 2.72e-08,0.0315755 ± 0.000948,1.39448 ± 9.72e-05
A0_input,C0_uniform,D0,E6,256.0,17.5742 ± 0,2.72261e-06 ± 4.85e-07,0.169531 ± 0.00079,1.74411 ± 0.00116
A0_input,C0_uniform,D0,E6,384.0,17.5742 ± 0,1.12798e-06 ± 7.81e-07,0.0787109 ± 0.000723,1.74285 ± 0.00118
A0_input,C0_uniform,D0,E7,256.0,69.0126 ± 0,3.27114e-06 ± 1.64e-06,0.100391 ± 0.00266,1.99271 ± 0.000287
A0_input,C0_uniform,D0,E7,384.0,69.0126 ± 0,9.22657e-07 ± 5.02e-07,0.033724 ± 0.000542,1.99459 ± 0.00264
A0_input,C0_uniform,D0,E8,256.0,211.873 ± 62.2,7.8825e-07 ± 8.31e-07,0.23252 ± 0.0157,2.35721 ± 0.0878
A0_input,C0_uniform,D0,E8,384.0,218.015 ± 49.3,3.64608e-07 ± 4.62e-07,0.157292 ± 0.00877,2.40484 ± 0.0441
A0_input,C0_uniform,D1,E0,269.0,37634.9 ± 7.87e+03,2.66444e-06 ± 1.17e-06,0.241729 ± 0.0112,3.08413 ± 0.192
A0_input,C0_uniform,D1,E0,403.0,40757.6 ± 6.87e+03,8.46978e-07 ± 1.01e-06,0.173077 ± 0.00733,3.07085 ± 0.155
A0_input,C0_uniform,D1,E1,269.0,1.1881e+06 ± 5.29e+05,1.65817e-05 ± 1.2e-05,0.240335 ± 0.017,8.15933 ± 0.485
A0_input,C0_uniform,D1,E1,403.0,1.73702e+06 ± 9.22e+05,6.78659e-06 ± 8.14e-06,0.17866 ± 0.0104,8.31296 ± 0.748
A0_input,C0_uniform,D1,E2,269.0,8.99739e+06 ± 4.4e+06,4.0983e-05 ± 4.16e-05,0.245539 ± 0.019,15.3028 ± 0.914
A0_input,C0_uniform,D1,E2,403.0,1.3503e+07 ± 7.57e+06,1.54352e-05 ± 2.33e-05,0.180149 ± 0.00766,15.7014 ± 1.63
A0_input,C0_uniform,D1,E5,269.0,1169.42 ± 424,6.12269e-07 ± 9.83e-08,0.147955 ± 0.00635,1.60067 ± 0.0277
A0_input,C0_uniform,D1,E5,403.0,1172.19 ± 422,9.903e-08 ± 2.72e-08,0.0529777 ± 0.00298,1.59031 ± 0.0252
A0_input,C0_uniform,D1,E6,269.0,2517.25 ± 913,2.72261e-06 ± 4.85e-07,0.180855 ± 0.00515,2.01476 ± 0.0337
A0_input,C0_uniform,D1,E6,403.0,2543.05 ± 926,1.12798e-06 ± 7.81e-07,0.0993176 ± 0.00255,1.99962 ± 0.0335
A0_input,C0_uniform,D1,E7,269.0,5417.29 ± 1.82e+03,3.27114e-06 ± 1.64e-06,0.121375 ± 0.0106,2.29338 ± 0.104
A0_input,C0_uniform,D1,E7,403.0,5873.87 ± 1.76e+03,9.22657e-07 ± 5.02e-07,0.0629653 ± 0.00573,2.27451 ± 0.04
A0_input,C0_uniform,D1,E8,269.0,41147.7 ± 1.15e+04,7.8825e-07 ± 8.31e-07,0.240242 ± 0.0153,3.19349 ± 0.204
A0_input,C0_uniform,D1,E8,403.0,48086.5 ± 1.3e+04,3.64608e-07 ± 4.62e-07,0.173821 ± 0.0112,3.24209 ± 0.141
A0_input,C0_uniform,D2,E0,294.0,51082.7 ± 2.16e+04,2.66444e-06 ± 1.17e-06,0.296344 ± 0.00817,4.60827 ± 0.149
A0_input,C0_uniform,D2,E0,442.0,56059.5 ± 2.02e+04,8.46978e-07 ± 1.01e-06,0.229581 ± 0.0115,4.7418 ± 0.149
A0_input,C0_uniform,D2,E1,294.0,1.46479e+06 ± 4.71e+05,1.65817e-05 ± 1.2e-05,0.29966 ± 0.0162,12.7383 ± 0.33
A0_input,C0_uniform,D2,E1,442.0,1.93066e+06 ± 7.63e+05,6.78659e-06 ± 8.14e-06,0.229977 ± 0.0101,13.4059 ± 1.14
A0_input,C0_uniform,D2,E2,294.0,1.10963e+07 ± 4.06e+06,4.0983e-05 ± 4.16e-05,0.305697 ± 0.0183,24.1191 ± 0.661
A0_input,C0_uniform,D2,E2,442.0,1.50139e+07 ± 6.53e+06,1.54352e-05 ± 2.33e-05,0.231391 ± 0.00557,25.644 ± 2.65
A0_input,C0_uniform,D2,E5,294.0,1307.05 ± 570,6.12269e-07 ± 9.83e-08,0.213776 ± 0.00693,1.95983 ± 0.0386
A0_input,C0_uniform,D2,E5,442.0,1423.32 ± 439,9.903e-08 ± 2.72e-08,0.11759 ± 0.00654,1.98536 ± 0.0696
A0_input,C0_uniform,D2,E6,294.0,2811.07 ± 1.23e+03,2.72261e-06 ± 4.85e-07,0.246769 ± 0.00645,2.47804 ± 0.052
A0_input,C0_uniform,D2,E6,442.0,3094.6 ± 966,1.12798e-06 ± 7.81e-07,0.160181 ± 0.0057,2.51093 ± 0.0927
A0_input,C0_uniform,D2,E7,294.0,6234.43 ± 933,3.27114e-06 ± 1.64e-06,0.18784 ± 0.0112,2.88839 ± 0.0407
A0_input,C0_uniform,D2,E7,442.0,6234.43 ± 933,9.22657e-07 ± 5.02e-07,0.115328 ± 0.0089,2.88152 ± 0.0268
A0_input,C0_uniform,D2,E8,294.0,51460.3 ± 1.25e+04,7.8825e-07 ± 8.31e-07,0.294813 ± 0.0109,4.69416 ± 0.191
A0_input,C0_uniform,D2,E8,442.0,60269.5 ± 1.45e+04,3.64608e-07 ± 4.62e-07,0.22879 ± 0.0085,4.91823 ± 0.214
A0_input,C0_uniform,D3,E0,320.0,51082.7 ± 2.16e+04,2.66444e-06 ± 1.17e-06,0.323516 ± 0.0109,5.88869 ± 0.353
A0_input,C0_uniform,D3,E0,480.0,58191.1 ± 1.79e+04,8.46978e-07 ± 1.01e-06,0.23526 ± 0.0112,6.11326 ± 0.225
A0_input,C0_uniform,D3,E1,320.0,1.46479e+06 ± 4.71e+05,1.65817e-05 ± 1.2e-05,0.316875 ± 0.0109,16.3296 ± 1.18
A0_input,C0_uniform,D3,E1,480.0,1.95976e+06 ± 7.64e+05,6.78659e-06 ± 8.14e-06,0.231979 ± 0.00689,17.4526 ± 1.72
A0_input,C0_uniform,D3,E2,320.0,1.10963e+07 ± 4.06e+06,4.0983e-05 ± 4.16e-05,0.320547 ± 0.0127,30.9766 ± 2.26
A0_input,C0_uniform,D3,E2,480.0,1.5241e+07 ± 6.48e+06,1.54352e-05 ± 2.33e-05,0.232135 ± 0.00694,33.4991 ± 4.01
A0_input,C0_uniform,D3,E5,320.0,1421.73 ± 441,6.12269e-07 ± 9.83e-08,0.240078 ± 0.00905,2.27606 ± 0.0974
A0_input,C0_uniform,D3,E5,480.0,1643.54 ± 323,9.903e-08 ± 2.72e-08,0.128281 ± 0.000874,2.30475 ± 0.0729
A0_input,C0_uniform,D3,E6,320.0,3063.97 ± 956,2.72261e-06 ± 4.85e-07,0.268047 ± 0.00889,2.88683 ± 0.126
A0_input,C0_uniform,D3,E6,480.0,3586.05 ± 717,1.12798e-06 ± 7.81e-07,0.165365 ± 0.00341,2.92394 ± 0.0964
A0_input,C0_uniform,D3,E7,320.0,6234.43 ± 933,3.27114e-06 ± 1.64e-06,0.205547 ± 0.0123,3.33788 ± 0.0672
A0_input,C0_uniform,D3,E7,480.0,6467.17 ± 662,9.22657e-07 ± 5.02e-07,0.123906 ± 0.00759,3.38765 ± 0.066
A0_input,C0_uniform,D3,E8,320.0,51460.3 ± 1.25e+04,7.8825e-07 ± 8.31e-07,0.320391 ± 0.0129,5.95858 ± 0.351
A0_input,C0_uniform,D3,E8,480.0,60269.5 ± 1.45e+04,3.64608e-07 ± 4.62e-07,0.234219 ± 0.0123,6.28013 ± 0.269
A0_input,C0_uniform,D4,E0,320.0,39535.4 ± 9.15e+03,1.10784e-06 ± 7.64e-07,0.336406 ± 0.01,1.96403 ± 0.058
A0_input,C0_uniform,D4,E0,480.0,44254.8 ± 1.17e+04,1.49672e-07 ± 6.53e-08,0.23625 ± 0.00992,1.9381 ± 0.0619
A0_input,C0_uniform,D4,E1,320.0,1.04786e+06 ± 3.18e+05,7.14231e-06 ± 4.23e-06,0.329688 ± 0.013,5.2465 ± 0.184
A0_input,C0_uniform,D4,E1,480.0,1.26512e+06 ± 4.88e+05,3.05717e-06 ± 2.18e-06,0.23651 ± 0.0101,5.18057 ± 0.226
A0_input,C0_uniform,D4,E2,320.0,7.6643e+06 ± 2.72e+06,2.21381e-05 ± 1.87e-05,0.333516 ± 0.0115,9.85122 ± 0.396
A0_input,C0_uniform,D4,E2,480.0,9.56932e+06 ± 4.19e+06,6.27739e-06 ± 3.19e-06,0.236875 ± 0.00593,9.73553 ± 0.448
A0_input,C0_uniform,D4,E5,320.0,1245.76 ± 28.1,1.43984e-08 ± 1.44e-08,0.259609 ± 0.00412,1.17016 ± 0.00157
A0_input,C0_uniform,D4,E5,480.0,1354.34 ± 29.5,5.00941e-09 ± 6.5e-09,0.135625 ± 0.00521,1.16012 ± 0.00128
A0_input,C0_uniform,D4,E6,320.0,2087.22 ± 544,2.80321e-08 ± 2.95e-08,0.286484 ± 0.00597,1.46244 ± 0.00584
A0_input,C0_uniform,D4,E6,480.0,2120.73 ± 521,7.86012e-09 ± 8.18e-09,0.174115 ± 0.00604,1.44865 ± 0.00417
A0_input,C0_uniform,D4,E7,320.0,3005.47 ± 727,1.54297e-08 ± 6.97e-09,0.230234 ± 0.0047,1.66842 ± 0.00273
A0_input,C0_uniform,D4,E7,480.0,3447.96 ± 1.01e+03,6.80815e-09 ± 5.13e-09,0.139115 ± 0.00438,1.65609 ± 0.00499
A0_input,C0_uniform,D4,E8,320.0,40382.4 ± 6.34e+03,4.13262e-07 ± 3.64e-07,0.336172 ± 0.00982,2.06717 ± 0.0645
A0_input,C0_uniform,D4,E8,480.0,48125.6 ± 1.26e+04,1.24223e-07 ± 1.22e-07,0.23849 ± 0.0041,2.07675 ± 0.0311
A1_lexicographic,C0_uniform,D0,E0,256.0,128.739 ± 38.4,9.63144e-05 ± 4.98e-05,0.741211 ± 0.0241,1.77326 ± 0.0457
A1_lexicographic,C0_uniform,D0,E0,384.0,138.605 ± 55.3,2.86192e-05 ± 2.83e-05,0.63724 ± 0.0157,1.74376 ± 0.0616
A1_lexicographic,C0_uniform,D0,E1,256.0,2167.98 ± 2.81e+03,0.000334804 ± 0.000215,0.786133 ± 0.235,3.50487 ± 1.95
A1_lexicographic,C0_uniform,D0,E1,384.0,2391.01 ± 3.64e+03,0.000185695 ± 0.000108,0.705794 ± 0.25,3.47877 ± 1.8
A1_lexicographic,C0_uniform,D0,E2,256.0,11758 ± 2.88e+04,0.000861533 ± 0.000391,0.85332 ± 0.29,4.47653 ± 4.04
A1_lexicographic,C0_uniform,D0,E2,384.0,9320.16 ± 2.08e+04,0.000514775 ± 0.000219,0.790625 ± 0.309,4.43229 ± 3.84
A1_lexicographic,C0_uniform,D0,E5,256.0,6.27446 ± 0.00393,3.85729e-05 ± 6.19e-06,0.99375 ± 0.000996,0.889569 ± 5.89e-05
A1_lexicographic,C0_uniform,D0,E5,384.0,6.27446 ± 0.00393,7.74202e-06 ± 1.86e-06,0.970247 ± 0.00133,0.896722 ± 0.000103
A1_lexicographic,C0_uniform,D0,E6,256.0,15.8264 ± 0,5.09892e-05 ± 0,0.94707 ± 0.000542,0.940412 ± 0.00984
A1_lexicographic,C0_uniform,D0,E6,384.0,15.8264 ± 0,3.3601e-05 ± 5.62e-06,0.885156 ± 0.000443,0.930072 ± 0.0039
A1_lexicographic,C0_uniform,D0,E7,256.0,50.1317 ± 0,6.85384e-05 ± 2.75e-05,0.608691 ± 0.006,1.71369 ± 0.00539
A1_lexicographic,C0_uniform,D0,E7,384.0,43.3806 ± 0,2.2042e-05 ± 3.33e-06,0.537435 ± 0.000857,1.73962 ± 0.00404
A1_lexicographic,C0_uniform,D0,E8,256.0,85.4272 ± 56.9,2.53653e-05 ± 1.78e-05,0.818066 ± 0.0369,1.53837 ± 0.0644
A1_lexicographic,C0_uniform,D0,E8,384.0,79.9082 ± 10.9,7.90768e-06 ± 1.07e-05,0.715039 ± 0.011,1.57737 ± 0.0414
A1_lexicographic,C0_uniform,D1,E0,269.0,16656.6 ± 9.06e+03,9.63144e-05 ± 4.98e-05,0.733271 ± 0.0276,2.49758 ± 0.146
A1_lexicographic,C0_uniform,D1,E0,403.0,26811.9 ± 5.85e+03,2.86192e-05 ± 2.83e-05,0.633002 ± 0.0204,2.47118 ± 0.0868
A1_lexicographic,C0_uniform,D1,E1,269.0,679693 ± 2.51e+05,0.000334804 ± 0.000215,0.774535 ± 0.235,5.66536 ± 2.19
A1_lexicographic,C0_uniform,D1,E1,403.0,1.11208e+06 ± 6.35e+05,0.000185695 ± 0.000108,0.699442 ± 0.251,5.90297 ± 2.27
A1_lexicographic,C0_uniform,D1,E2,269.0,5.12193e+06 ± 2.02e+06,0.000861533 ± 0.000391,0.83987 ± 0.284,8.65666 ± 4.29
A1_lexicographic,C0_uniform,D1,E2,403.0,8.70601e+06 ± 5.22e+06,0.000514775 ± 0.000219,0.781886 ± 0.307,9.22176 ± 4.57
A1_lexicographic,C0_uniform,D1,E5,269.0,500.289 ± 321,3.85729e-05 ± 6.19e-06,0.982249 ± 0.00407,1.04227 ± 0.0253
A1_lexicographic,C0_uniform,D1,E5,403.0,601.782 ± 230,7.636e-06 ± 1.68e-06,0.956762 ± 0.00489,1.03772 ± 0.0188
A1_lexicographic,C0_uniform,D1,E6,269.0,1091.28 ± 700,5.09892e-05 ± 0,0.93197 ± 0.00599,1.14865 ± 0.035
A1_lexicographic,C0_uniform,D1,E6,403.0,1313.98 ± 503,3.27827e-05 ± 7.24e-06,0.871402 ± 0.00459,1.11961 ± 0.0216
A1_lexicographic,C0_uniform,D1,E7,269.0,4048.04 ± 2.22e+03,6.65142e-05 ± 2.72e-05,0.594517 ± 0.00897,2.02376 ± 0.0412
A1_lexicographic,C0_uniform,D1,E7,403.0,4553.22 ± 1.78e+03,2.09891e-05 ± 3.45e-06,0.524566 ± 0.00477,2.05579 ± 0.0509
A1_lexicographic,C0_uniform,D1,E8,269.0,13978.6 ± 1.16e+04,2.53653e-05 ± 1.78e-05,0.810874 ± 0.0389,2.2059 ± 0.171
A1_lexicographic,C0_uniform,D1,E8,403.0,23221.2 ± 1.34e+04,7.51186e-06 ± 9.71e-06,0.708623 ± 0.0159,2.27101 ± 0.0993
A1_lexicographic,C0_uniform,D2,E0,294.0,32276.1 ± 1.35e+04,9.63144e-05 ± 4.98e-05,0.732568 ± 0.0302,3.80546 ± 0.283
A1_lexicographic,C0_uniform,D2,E0,442.0,35563.8 ± 1.02e+04,2.86192e-05 ± 2.83e-05,0.648756 ± 0.0205,3.91194 ± 0.23
A1_lexicographic,C0_uniform,D2,E1,294.0,1.11543e+06 ± 8.4e+05,0.000334804 ± 0.000215,0.766667 ± 0.226,9.88587 ± 3.31
A1_lexicographic,C0_uniform,D2,E1,442.0,1.49307e+06 ± 9.11e+05,0.000185695 ± 0.000108,0.701584 ± 0.242,10.5636 ± 3.2
A1_lexicographic,C0_uniform,D2,E2,294.0,8.45803e+06 ± 6.71e+06,0.000861533 ± 0.000391,0.827126 ± 0.273,16.9795 ± 6.51
A1_lexicographic,C0_uniform,D2,E2,442.0,1.16476e+07 ± 7.57e+06,0.000514775 ± 0.000219,0.776188 ± 0.298,18.5271 ± 6.41
A1_lexicographic,C0_uniform,D2,E5,294.0,687.291 ± 193,3.84806e-05 ± 5.94e-06,0.969303 ± 0.00515,1.30037 ± 0.0565
A1_lexicographic,C0_uniform,D2,E5,442.0,773.399 ± 78.3,7.56867e-06 ± 1.56e-06,0.942081 ± 0.0122,1.35026 ± 0.0468
A1_lexicographic,C0_uniform,D2,E6,294.0,1495.84 ± 425,5.09892e-05 ± 0,0.921854 ± 0.0096,1.49725 ± 0.0668
A1_lexicographic,C0_uniform,D2,E6,442.0,1687.33 ± 190,3.27827e-05 ± 7.24e-06,0.863688 ± 0.0128,1.53749 ± 0.0511
A1_lexicographic,C0_uniform,D2,E7,294.0,5629.59 ± 1.08e+03,6.46587e-05 ± 2.41e-05,0.584524 ± 0.0176,2.63968 ± 0.129
A1_lexicographic,C0_uniform,D2,E7,442.0,5853.87 ± 900,2.02702e-05 ± 3.71e-06,0.517534 ± 0.0139,2.63569 ± 0.124
A1_lexicographic,C0_uniform,D2,E8,294.0,22614.4 ± 4.01e+03,2.53653e-05 ± 1.78e-05,0.809014 ± 0.0357,3.40201 ± 0.264
A1_lexicographic,C0_uniform,D2,E8,442.0,29999.7 ± 6.72e+03,7.51186e-06 ± 9.71e-06,0.722172 ± 0.0174,3.62569 ± 0.213
A1_lexicographic,C0_uniform,D3,E0,320.0,32099.4 ± 1.05e+04,8.70902e-05 ± 3.9e-05,0.745313 ± 0.0337,4.91472 ± 0.364
A1_lexicographic,C0_uniform,D3,E0,480.0,35966.5 ± 1.34e+04,2.84999e-05 ± 2.84e-05,0.660156 ± 0.0203,5.01073 ± 0.322
A1_lexicographic,C0_uniform,D3,E1,320.0,1.15499e+06 ± 8.55e+05,0.000334804 ± 0.000215,0.77 ± 0.224,13.2735 ± 4.02
A1_lexicographic,C0_uniform,D3,E1,480.0,1.46468e+06 ± 9.83e+05,0.000183908 ± 0.000105,0.705729 ± 0.234,14.3835 ± 4.54
A1_lexicographic,C0_uniform,D3,E2,320.0,8.8538e+06 ± 6.96e+06,0.000861533 ± 0.000391,0.8225 ± 0.277,23.7395 ± 8.08
A1_lexicographic,C0_uniform,D3,E2,480.0,1.15098e+07 ± 8.12e+06,0.00051105 ± 0.000223,0.773385 ± 0.287,26.0911 ± 9.18
A1_lexicographic,C0_uniform,D3,E5,320.0,743.938 ± 64.7,3.84806e-05 ± 5.94e-06,0.959375 ± 0.0144,1.54866 ± 0.0492
A1_lexicographic,C0_uniform,D3,E5,480.0,731.682 ± 119,7.52887e-06 ± 1.5e-06,0.931042 ± 0.0115,1.55429 ± 0.0579
A1_lexicographic,C0_uniform,D3,E6,320.0,1617.66 ± 151,4.98561e-05 ± 3.15e-06,0.919063 ± 0.0155,1.83072 ± 0.0513
A1_lexicographic,C0_uniform,D3,E6,480.0,1586.15 ± 260,3.10029e-05 ± 7.58e-06,0.858021 ± 0.0151,1.81317 ± 0.0778
A1_lexicographic,C0_uniform,D3,E7,320.0,5853.87 ± 900,6.37797e-05 ± 2.25e-05,0.584219 ± 0.0241,3.09613 ± 0.222
A1_lexicographic,C0_uniform,D3,E7,480.0,5906.01 ± 924,1.88916e-05 ± 3.31e-06,0.522813 ± 0.0134,3.15266 ± 0.197
A1_lexicographic,C0_uniform,D3,E8,320.0,23409.4 ± 3.41e+03,2.53653e-05 ± 1.78e-05,0.819922 ± 0.0365,4.40825 ± 0.246
A1_lexicographic,C0_uniform,D3,E8,480.0,30198.3 ± 8.24e+03,7.51186e-06 ± 9.71e-06,0.729583 ± 0.0185,4.66678 ± 0.422
A1_lexicographic,C0_uniform,D4,E0,320.0,31160 ± 7.13e+03,7.14537e-06 ± 6.26e-06,0.792344 ± 0.0196,1.57327 ± 0.0475
A1_lexicographic,C0_uniform,D4,E0,480.0,32806.2 ± 7.54e+03,2.05029e-06 ± 8.63e-07,0.705573 ± 0.014,1.52005 ± 0.0522
A1_lexicographic,C0_uniform,D4,E1,320.0,793532 ± 2.33e+05,7.41264e-05 ± 7.66e-05,0.825156 ± 0.193,3.26038 ± 1.6
A1_lexicographic,C0_uniform,D4,E1,480.0,1.05351e+06 ± 6.26e+05,3.7809e-05 ± 3.99e-05,0.749115 ± 0.216,3.16939 ± 1.46
A1_lexicographic,C0_uniform,D4,E2,320.0,5.78116e+06 ± 1.87e+06,0.000382986 ± 0.000361,0.875703 ± 0.243,4.46393 ± 3.32
A1_lexicographic,C0_uniform,D4,E2,480.0,8.40915e+06 ± 6.22e+06,0.000252953 ± 0.000267,0.813594 ± 0.27,4.30463 ± 3.09
A1_lexicographic,C0_uniform,D4,E5,320.0,941.43 ± 16.9,1.00094e-07 ± 9.33e-08,0.995 ± 0.000797,0.756013 ± 0.000805
A1_lexicographic,C0_uniform,D4,E5,480.0,941.966 ± 22.4,4.69464e-08 ± 3.9e-08,0.976042 ± 0.0011,0.751927 ± 0.00113
A1_lexicographic,C0_uniform,D4,E6,320.0,1754.54 ± 31,2.01074e-07 ± 1.96e-07,0.957656 ± 0.000434,0.807694 ± 0.0083
A1_lexicographic,C0_uniform,D4,E6,480.0,1787.35 ± 38.5,8.86971e-08 ± 8.51e-08,0.908125 ± 0.000354,0.787451 ± 0.00389
A1_lexicographic,C0_uniform,D4,E7,320.0,3239.68 ± 65.8,8.61724e-08 ± 5.2e-08,0.67625 ± 0.00393,1.44409 ± 0.00718
A1_lexicographic,C0_uniform,D4,E7,480.0,3233.53 ± 55.3,4.36526e-08 ± 4.25e-08,0.599271 ± 0.00459,1.44927 ± 0.00336
A1_lexicographic,C0_uniform,D4,E8,320.0,30428.4 ± 3.6e+03,5.9199e-06 ± 6.19e-06,0.854453 ± 0.0295,1.3798 ± 0.0558
A1_lexicographic,C0_uniform,D4,E8,480.0,36483.2 ± 6.28e+03,2.04035e-06 ± 6.91e-07,0.769948 ± 0.00916,1.38643 ± 0.0402
A2_morton,C0_uniform,D0,E0,256.0,167.183 ± 88.5,4.95831e-05 ± 1.98e-05,0.762793 ± 0.0123,0.834334 ± 0.0249
A2_morton,C0_uniform,D0,E0,384.0,184.944 ± 43.6,1.19493e-05 ± 6.06e-06,0.736133 ± 0.0176,0.748442 ± 0.017
A2_morton,C0_uniform,D0,E1,256.0,3961.64 ± 7.78e+03,0.000275205 ± 0.000158,0.771191 ± 0.116,1.63054 ± 0.407
A2_morton,C0_uniform,D0,E1,384.0,4777.59 ± 7.39e+03,6.90845e-05 ± 7.72e-05,0.725456 ± 0.0877,1.47686 ± 0.28
A2_morton,C0_uniform,D0,E2,256.0,18654.6 ± 3.37e+04,0.000487785 ± 0.000527,0.772461 ± 0.195,2.45402 ± 0.965
A2_morton,C0_uniform,D0,E2,384.0,28550.5 ± 3.62e+04,0.000210824 ± 0.000317,0.725195 ± 0.189,2.18763 ± 0.806
A2_morton,C0_uniform,D0,E5,256.0,8.31343 ± 0.75,2.74602e-06 ± 2.12e-07,0.799316 ± 0.00629,0.250613 ± 0.00602
A2_morton,C0_uniform,D0,E5,384.0,9.039 ± 1.2,7.98331e-07 ± 4.09e-07,0.804167 ± 0.00995,0.201807 ± 0.00364
A2_morton,C0_uniform,D0,E6,256.0,12.8202 ± 0,1.11503e-05 ± 1.71e-07,0.757227 ± 0.00322,0.416864 ± 0.00247
A2_morton,C0_uniform,D0,E6,384.0,16.6526 ± 0,3.7725e-06 ± 1.02e-06,0.770508 ± 0.00268,0.367279 ± 0.00194
A2_morton,C0_uniform,D0,E7,256.0,8.7186 ± 0,1.27756e-05 ± 1.41e-07,0.837109 ± 0.0014,0.376914 ± 0.0027
A2_morton,C0_uniform,D0,E7,384.0,8.7186 ± 0,3.47803e-06 ± 1.1e-06,0.780208 ± 0.00172,0.320575 ± 0.000425
A2_morton,C0_uniform,D0,E8,256.0,224.092 ± 95.5,9.14831e-06 ± 4e-06,0.76123 ± 0.0186,0.731316 ± 0.0228
A2_morton,C0_uniform,D0,E8,384.0,190.295 ± 36.3,6.71983e-06 ± 3.91e-06,0.735547 ± 0.0221,0.659441 ± 0.0236
A2_morton,C0_uniform,D1,E0,269.0,9044.93 ± 5.65e+03,5.33529e-05 ± 3.68e-05,0.762546 ± 0.0304,1.57368 ± 0.0723
A2_morton,C0_uniform,D1,E0,403.0,13242.2 ± 9.47e+03,1.36032e-05 ± 7.2e-06,0.722829 ± 0.0184,1.3955 ± 0.0676
A2_morton,C0_uniform,D1,E1,269.0,216423 ± 1.17e+05,0.000398972 ± 0.000175,0.759201 ± 0.0812,3.56101 ± 0.696
A2_morton,C0_uniform,D1,E1,403.0,429373 ± 3.14e+05,0.000146765 ± 0.000125,0.697146 ± 0.0905,3.39178 ± 0.43
A2_morton,C0_uniform,D1,E2,269.0,1.56779e+06 ± 8.99e+05,0.000631435 ± 0.000446,0.766636 ± 0.137,6.11726 ± 1.54
A2_morton,C0_uniform,D1,E2,403.0,3.29176e+06 ± 2.72e+06,0.000220617 ± 0.000283,0.716873 ± 0.164,5.73152 ± 1.18
A2_morton,C0_uniform,D1,E5,269.0,407.506 ± 396,3.13727e-06 ± 9.45e-07,0.7579 ± 0.0304,0.468069 ± 0.0262
A2_morton,C0_uniform,D1,E5,403.0,454.161 ± 384,5.85669e-07 ± 2.61e-07,0.776303 ± 0.00692,0.386246 ± 0.0172
A2_morton,C0_uniform,D1,E6,269.0,868.441 ± 859,5.80916e-06 ± 2.66e-06,0.713755 ± 0.0536,0.718768 ± 0.0288
A2_morton,C0_uniform,D1,E6,403.0,987.564 ± 836,3.19406e-06 ± 6.31e-07,0.725993 ± 0.0272,0.609096 ± 0.0265
A2_morton,C0_uniform,D1,E7,269.0,640.367 ± 278,1.45808e-05 ± 7.85e-06,0.805019 ± 0.0291,0.660953 ± 0.0752
A2_morton,C0_uniform,D1,E7,403.0,814.833 ± 176,3.19693e-06 ± 4.42e-07,0.771898 ± 0.0237,0.563585 ± 0.0385
A2_morton,C0_uniform,D1,E8,269.0,12978.7 ± 1.23e+04,1.13771e-05 ± 1.77e-05,0.766914 ± 0.0535,1.47459 ± 0.116
A2_morton,C0_uniform,D1,E8,403.0,20988.8 ± 1.54e+04,5.20358e-06 ± 5.55e-06,0.729094 ± 0.0276,1.3313 ± 0.116
A2_morton,C0_uniform,D2,E0,294.0,16924.8 ± 7.37e+03,2.56583e-05 ± 1.07e-05,0.720323 ± 0.0167,2.1989 ± 0.139
A2_morton,C0_uniform,D2,E0,442.0,27007.4 ± 7.35e+03,1.20939e-05 ± 1.9e-06,0.71793 ± 0.0127,1.96057 ± 0.0822
A2_morton,C0_uniform,D2,E1,294.0,398404 ± 4.15e+05,0.000382166 ± 0.000453,0.72602 ± 0.0905,5.40611 ± 0.966
A2_morton,C0_uniform,D2,E1,442.0,669327 ± 7.8e+05,9.66586e-05 ± 8.8e-05,0.681391 ± 0.0821,4.9101 ± 0.77
A2_morton,C0_uniform,D2,E2,294.0,3.85742e+06 ± 5.1e+06,0.00041852 ± 0.000574,0.723895 ± 0.169,9.38099 ± 2.2
A2_morton,C0_uniform,D2,E2,442.0,5.52729e+06 ± 6.2e+06,0.000124339 ± 0.00015,0.69474 ± 0.164,8.81669 ± 1.68
A2_morton,C0_uniform,D2,E5,294.0,710.112 ± 308,3.21592e-06 ± 5.38e-07,0.749405 ± 0.0101,0.658877 ± 0.0315
A2_morton,C0_uniform,D2,E5,442.0,1051.64 ± 355,6.11663e-07 ± 2.48e-07,0.761256 ± 0.00878,0.575621 ± 0.0193
A2_morton,C0_uniform,D2,E6,294.0,1524.78 ± 662,6.84299e-06 ± 2.84e-06,0.709864 ± 0.00913,0.964811 ± 0.0481
A2_morton,C0_uniform,D2,E6,442.0,2292.45 ± 776,3.08715e-06 ± 4.37e-07,0.722907 ± 0.00745,0.847191 ± 0.0339
A2_morton,C0_uniform,D2,E7,294.0,750.507 ± 89.7,1.83196e-05 ± 4.32e-06,0.745238 ± 0.0134,0.84063 ± 0.0604
A2_morton,C0_uniform,D2,E7,442.0,727.64 ± 185,2.51198e-06 ± 8.51e-07,0.747398 ± 0.00681,0.696902 ± 0.0275
A2_morton,C0_uniform,D2,E8,294.0,22511 ± 1.06e+04,1.60969e-05 ± 2.06e-05,0.758418 ± 0.0278,2.13895 ± 0.131
A2_morton,C0_uniform,D2,E8,442.0,32681.8 ± 1.04e+04,7.03551e-06 ± 6.28e-06,0.73371 ± 0.0173,1.94009 ± 0.074
A2_morton,C0_uniform,D3,E0,320.0,27098.8 ± 6.36e+03,2.51154e-05 ± 1.02e-05,0.722187 ± 0.0131,2.51062 ± 0.185
A2_morton,C0_uniform,D3,E0,480.0,30021.5 ± 1.24e+04,8.89059e-06 ± 3.89e-06,0.715052 ± 0.0161,2.22219 ± 0.111
A2_morton,C0_uniform,D3,E1,320.0,580240 ± 7.82e+05,0.000255712 ± 0.000289,0.719531 ± 0.113,6.21164 ± 1.12
A2_morton,C0_uniform,D3,E1,480.0,466671 ± 2.62e+05,8.51838e-05 ± 6.65e-05,0.687969 ± 0.105,5.63144 ± 0.794
A2_morton,C0_uniform,D3,E2,320.0,4.41562e+06 ± 6.38e+06,0.000551588 ± 0.000596,0.728594 ± 0.171,11.1143 ± 2.36
A2_morton,C0_uniform,D3,E2,480.0,3.53241e+06 ± 2.19e+06,0.000177659 ± 9.4e-05,0.68599 ± 0.209,10.2832 ± 1.95
A2_morton,C0_uniform,D3,E5,320.0,1123.13 ± 293,2.72027e-06 ± 6.74e-07,0.726953 ± 0.0159,0.77142 ± 0.0219
A2_morton,C0_uniform,D3,E5,480.0,1162.84 ± 377,4.12259e-07 ± 1.41e-07,0.748646 ± 0.00548,0.659051 ± 0.0278
A2_morton,C0_uniform,D3,E6,320.0,2423.54 ± 635,6.66148e-06 ± 3.25e-06,0.682344 ± 0.0119,1.10617 ± 0.0358
A2_morton,C0_uniform,D3,E6,480.0,2537.68 ± 819,2.96143e-06 ± 5.75e-07,0.712031 ± 0.0185,0.939567 ± 0.0388
A2_morton,C0_uniform,D3,E7,320.0,754.215 ± 186,1.02817e-05 ± 3.1e-06,0.726016 ± 0.0259,0.91505 ± 0.0319
A2_morton,C0_uniform,D3,E7,480.0,790.447 ± 148,2.38009e-06 ± 8.76e-07,0.750208 ± 0.00547,0.77601 ± 0.0339
A2_morton,C0_uniform,D3,E8,320.0,31797.7 ± 9.82e+03,1.46264e-05 ± 1.57e-05,0.750703 ± 0.0151,2.4862 ± 0.0704
A2_morton,C0_uniform,D3,E8,480.0,35919.1 ± 1.56e+04,6.62579e-06 ± 6e-06,0.73974 ± 0.0108,2.22414 ± 0.12
A2_morton,C0_uniform,D4,E0,320.0,29077 ± 8.09e+03,4.42824e-06 ± 7.42e-06,0.809141 ± 0.0141,0.801829 ± 0.03
A2_morton,C0_uniform,D4,E0,480.0,32377.6 ± 7.06e+03,2.84762e-06 ± 3.99e-06,0.75901 ± 0.0157,0.699834 ± 0.013
A2_morton,C0_uniform,D4,E1,320.0,704360 ± 1.78e+05,3.63509e-05 ± 3.51e-05,0.805156 ± 0.11,1.69186 ± 0.346
A2_morton,C0_uniform,D4,E1,480.0,942135 ± 3.96e+05,2.85324e-05 ± 2.81e-05,0.753229 ± 0.0867,1.47327 ± 0.228
A2_morton,C0_uniform,D4,E2,320.0,5.25944e+06 ± 1.55e+06,0.000159149 ± 0.00024,0.802344 ± 0.177,2.68214 ± 0.881
A2_morton,C0_uniform,D4,E2,480.0,7.38927e+06 ± 4.03e+06,0.000106794 ± 0.000136,0.753906 ± 0.181,2.30402 ± 0.627
A2_morton,C0_uniform,D4,E5,320.0,648.786 ± 10.2,6.97547e-08 ± 7.4e-08,0.804609 ± 0.0138,0.236335 ± 0.00356
A2_morton,C0_uniform,D4,E5,480.0,644.465 ± 4.94,3.08028e-08 ± 2.94e-08,0.779167 ± 0.00844,0.190038 ± 0.00338
A2_morton,C0_uniform,D4,E6,320.0,1564.43 ± 9.56,1.10158e-07 ± 1.03e-07,0.77 ± 0.0156,0.389832 ± 0.00154
A2_morton,C0_uniform,D4,E6,480.0,1583.29 ± 9.64,5.36828e-08 ± 5.54e-08,0.747135 ± 0.0118,0.327911 ± 0.00127
A2_morton,C0_uniform,D4,E7,320.0,2071.78 ± 27.4,5.51602e-08 ± 3.71e-08,0.861016 ± 0.00331,0.355395 ± 0.00244
A2_morton,C0_uniform,D4,E7,480.0,2071.78 ± 27.4,4.15886e-08 ± 3.37e-08,0.804896 ± 0.00442,0.290365 ± 0.00137
A2_morton,C0_uniform,D4,E8,320.0,31447.2 ± 2.74e+03,3.67798e-06 ± 4.12e-06,0.801719 ± 0.0133,0.725523 ± 0.0175
A2_morton,C0_uniform,D4,E8,480.0,34741.1 ± 8.46e+03,3.05901e-06 ± 3.85e-06,0.762604 ± 0.0107,0.629595 ± 0.0211
A2_morton,C1_monotone_half,D0,E0,256.0,107.714 ± 33.7,8.61271e-05 ± 3.61e-05,0.765527 ± 0.0185,1.63379 ± 0.0801
A2_morton,C1_monotone_half,D0,E0,384.0,104.635 ± 24.1,2.22775e-05 ± 2.6e-05,0.644727 ± 0.0189,1.60134 ± 0.0538
A2_morton,C1_monotone_half,D0,E1,256.0,194.762 ± 141,0.000708609 ± 0.000572,0.993359 ± 0.00603,1.89154 ± 0.181
A2_morton,C1_monotone_half,D0,E1,384.0,178.267 ± 133,0.000316873 ± 0.000222,0.969076 ± 0.0232,1.84011 ± 0.126
A2_morton,C1_monotone_half,D0,E2,256.0,605.314 ± 181,0.00145045 ± 0.00146,0.999805 ± 0.000542,1.90744 ± 0.178
A2_morton,C1_monotone_half,D0,E2,384.0,581.292 ± 315,0.000622348 ± 0.000226,0.997331 ± 0.00432,1.87722 ± 0.155
A2_morton,C1_monotone_half,D0,E5,256.0,6.8558 ± 0.00651,2.21955e-05 ± 1.17e-06,0.979883 ± 0.00124,0.953894 ± 3.88e-05
A2_morton,C1_monotone_half,D0,E5,384.0,6.85703 ± 0.00215,8.55105e-06 ± 2.23e-06,0.938867 ± 0.00188,0.805086 ± 0.000151
A2_morton,C1_monotone_half,D0,E6,256.0,14.9246 ± 0,7.55818e-05 ± 8.22e-06,0.953418 ± 0.00323,0.851364 ± 0.00306
A2_morton,C1_monotone_half,D0,E6,384.0,16.0264 ± 0,3.45352e-05 ± 1.03e-05,0.870768 ± 0.00204,0.865017 ± 0.000975
A2_morton,C1_monotone_half,D0,E7,256.0,1.00018 ± 0,0.000101287 ± 9.88e-06,0.999805 ± 0.000332,0.817462 ± 0.02
A2_morton,C1_monotone_half,D0,E7,384.0,1.00018 ± 0,4.57635e-05 ± 8.35e-06,0.995833 ± 0.000338,0.763287 ± 0.0225
A2_morton,C1_monotone_half,D0,E8,256.0,88.2691 ± 61,2.04033e-05 ± 1.31e-05,0.814746 ± 0.0332,1.30262 ± 0.0964
A2_morton,C1_monotone_half,D0,E8,384.0,141.242 ± 110,8.84303e-06 ± 1.01e-05,0.705794 ± 0.019,1.29572 ± 0.154
A2_morton,C1_monotone_half,D1,E0,269.0,13123.5 ± 3.54e+03,9.21964e-05 ± 7.65e-05,0.74619 ± 0.0208,2.18636 ± 0.079
A2_morton,C1_monotone_half,D1,E0,403.0,21250.6 ± 8.3e+03,2.21648e-05 ± 1.7e-05,0.620782 ± 0.0242,2.1868 ± 0.0739
A2_morton,C1_monotone_half,D1,E1,269.0,195576 ± 1.85e+05,0.000570104 ± 0.000234,0.986896 ± 0.0136,3.16437 ± 0.701
A2_morton,C1_monotone_half,D1,E1,403.0,235302 ± 2.19e+05,0.00024667 ± 0.000201,0.95335 ± 0.0322,3.19839 ± 0.773
A2_morton,C1_monotone_half,D1,E2,269.0,1.29086e+06 ± 1.43e+06,0.00121398 ± 0.000972,0.995167 ± 0.00607,4.38662 ± 1.39
A2_morton,C1_monotone_half,D1,E2,403.0,1.7076e+06 ± 1.8e+06,0.000719481 ± 0.000359,0.986414 ± 0.0161,4.52245 ± 1.61
A2_morton,C1_monotone_half,D1,E5,269.0,518.282 ± 292,2.0654e-05 ± 6.83e-06,0.973699 ± 0.00429,0.796429 ± 0.0943
A2_morton,C1_monotone_half,D1,E5,403.0,513.028 ± 240,5.12905e-06 ± 2.21e-06,0.949628 ± 0.0197,0.669431 ± 0.0897
A2_morton,C1_monotone_half,D1,E6,269.0,1111.57 ± 614,5.10614e-05 ± 1.22e-05,0.935502 ± 0.0018,0.90423 ± 0.0704
A2_morton,C1_monotone_half,D1,E6,403.0,1116.94 ± 516,2.66718e-05 ± 1.41e-05,0.858251 ± 0.00976,0.816913 ± 0.076
A2_morton,C1_monotone_half,D1,E7,269.0,162.468 ± 53,0.000125851 ± 5.3e-05,0.998885 ± 0.00145,0.804111 ± 0.00638
A2_morton,C1_monotone_half,D1,E7,403.0,156.573 ± 61.6,2.58521e-05 ± 1.01e-05,0.99206 ± 0.00394,0.728215 ± 0.0194
A2_morton,C1_monotone_half,D1,E8,269.0,14339.2 ± 1.12e+04,1.16846e-05 ± 1.12e-05,0.795911 ± 0.0345,1.88821 ± 0.197
A2_morton,C1_monotone_half,D1,E8,403.0,20016.5 ± 9.96e+03,6.95892e-06 ± 8.16e-06,0.698635 ± 0.0296,1.85093 ± 0.119
A2_morton,C1_monotone_half,D2,E0,294.0,23616.8 ± 9.59e+03,7.58669e-05 ± 5.22e-05,0.747874 ± 0.0334,3.34833 ± 0.286
A2_morton,C1_monotone_half,D2,E0,442.0,23442.5 ± 6.53e+03,2.8203e-05 ± 3.42e-05,0.638971 ± 0.0255,3.44153 ± 0.115
A2_morton,C1_monotone_half,D2,E1,294.0,213749 ± 1.77e+05,0.000666691 ± 0.000614,0.977976 ± 0.0208,5.42781 ± 1.49
A2_morton,C1_monotone_half,D2,E1,442.0,293010 ± 2.01e+05,0.000213075 ± 0.000141,0.949943 ± 0.0288,5.79618 ± 1.88
A2_morton,C1_monotone_half,D2,E2,294.0,1.34269e+06 ± 1.41e+06,0.0012863 ± 0.000773,0.988946 ± 0.0128,8.36982 ± 3.46
A2_morton,C1_monotone_half,D2,E2,442.0,2.04876e+06 ± 1.76e+06,0.000515755 ± 0.000458,0.982127 ± 0.0162,9.43596 ± 4.53
A2_morton,C1_monotone_half,D2,E5,294.0,645.693 ± 224,1.89535e-05 ± 1.1e-05,0.953571 ± 0.012,0.991884 ± 0.0807
A2_morton,C1_monotone_half,D2,E5,442.0,755.63 ± 132,5.24773e-06 ± 2.21e-06,0.927262 ± 0.0103,1.00929 ± 0.0613
A2_morton,C1_monotone_half,D2,E6,294.0,1385.36 ± 491,3.68874e-05 ± 1.94e-05,0.919048 ± 0.00732,1.18421 ± 0.0884
A2_morton,C1_monotone_half,D2,E6,442.0,1632.49 ± 279,2.27924e-05 ± 9.14e-06,0.852941 ± 0.0177,1.20895 ± 0.0718
A2_morton,C1_monotone_half,D2,E7,294.0,162.514 ± 3.72,0.000144955 ± 8.95e-05,0.997534 ± 0.0026,0.983795 ± 0.0489
A2_morton,C1_monotone_half,D2,E7,442.0,193.878 ± 36.5,1.94099e-05 ± 8.14e-06,0.989706 ± 0.00504,0.924487 ± 0.0185
A2_morton,C1_monotone_half,D2,E8,294.0,22194.1 ± 6.3e+03,1.63675e-05 ± 1.47e-05,0.795833 ± 0.0279,3.16575 ± 0.357
A2_morton,C1_monotone_half,D2,E8,442.0,28066.2 ± 6.66e+03,1.12041e-05 ± 1.02e-05,0.7125 ± 0.0236,3.24232 ± 0.228
A2_morton,C1_monotone_half,D3,E0,320.0,25276.3 ± 1.06e+04,6.26438e-05 ± 2.57e-05,0.759062 ± 0.0355,4.38274 ± 0.464
A2_morton,C1_monotone_half,D3,E0,480.0,31719.8 ± 1.14e+04,2.20895e-05 ± 2.69e-05,0.661302 ± 0.0222,4.47868 ± 0.166
A2_morton,C1_monotone_half,D3,E1,320.0,237329 ± 1.71e+05,0.000628811 ± 0.000659,0.974219 ± 0.0229,7.35044 ± 2.21
A2_morton,C1_monotone_half,D3,E1,480.0,305569 ± 2.01e+05,0.000275423 ± 4.27e-05,0.947448 ± 0.0301,7.74571 ± 2.49
A2_morton,C1_monotone_half,D3,E2,320.0,1.46373e+06 ± 1.37e+06,0.00127431 ± 0.00079,0.985469 ± 0.0155,11.7748 ± 5.21
A2_morton,C1_monotone_half,D3,E2,480.0,2.12717e+06 ± 1.74e+06,0.000586898 ± 0.000346,0.977344 ± 0.0239,12.9389 ± 6.4
A2_morton,C1_monotone_half,D3,E5,320.0,754.229 ± 133,1.66256e-05 ± 1.09e-05,0.948125 ± 0.021,1.30695 ± 0.117
A2_morton,C1_monotone_half,D3,E5,480.0,721.803 ± 183,4.29803e-06 ± 2.08e-06,0.920729 ± 0.0146,1.21219 ± 0.107
A2_morton,C1_monotone_half,D3,E6,320.0,1609.03 ± 272,3.89016e-05 ± 1.25e-05,0.916328 ± 0.0136,1.54857 ± 0.129
A2_morton,C1_monotone_half,D3,E6,480.0,1669.3 ± 341,2.34323e-05 ± 5.85e-06,0.839219 ± 0.0206,1.50205 ± 0.113
A2_morton,C1_monotone_half,D3,E7,320.0,182.588 ± 45.1,0.000162115 ± 8.66e-05,0.994687 ± 0.0044,1.12937 ± 0.0288
A2_morton,C1_monotone_half,D3,E7,480.0,192.996 ± 65.5,2.5248e-05 ± 9.93e-06,0.985677 ± 0.00724,1.08328 ± 0.0255
A2_morton,C1_monotone_half,D3,E8,320.0,26284.1 ± 8.56e+03,1.52845e-05 ± 1.63e-05,0.793828 ± 0.0215,4.13152 ± 0.463
A2_morton,C1_monotone_half,D3,E8,480.0,30847.3 ± 5.2e+03,9.03335e-06 ± 8.55e-06,0.723594 ± 0.0172,4.16299 ± 0.345
A2_morton,C1_monotone_half,D4,E0,320.0,30352.5 ± 5.49e+03,7.15798e-06 ± 6.23e-06,0.812031 ± 0.0159,1.46165 ± 0.0439
A2_morton,C1_monotone_half,D4,E0,480.0,33709.1 ± 5.02e+03,2.63737e-06 ± 1.88e-06,0.71224 ± 0.0173,1.38461 ± 0.044
A2_morton,C1_monotone_half,D4,E1,320.0,624006 ± 1.1e+05,0.000150823 ± 0.000241,0.994297 ± 0.00536,1.86205 ± 0.165
A2_morton,C1_monotone_half,D4,E1,480.0,816906 ± 3.57e+05,6.37732e-05 ± 5.53e-05,0.97474 ± 0.0188,1.75898 ± 0.159
A2_morton,C1_monotone_half,D4,E2,320.0,4.41081e+06 ± 8.85e+05,0.000685985 ± 0.000824,0.999766 ± 0.000651,2.20968 ± 0.212
A2_morton,C1_monotone_half,D4,E2,480.0,6.14389e+06 ± 3.18e+06,0.000390704 ± 0.000395,0.997344 ± 0.00494,2.04714 ± 0.283
A2_morton,C1_monotone_half,D4,E5,320.0,892.718 ± 29.3,8.5293e-08 ± 6.68e-08,0.987109 ± 0.00573,0.77597 ± 0.103
A2_morton,C1_monotone_half,D4,E5,480.0,880.583 ± 15.7,4.9318e-08 ± 2.76e-08,0.950417 ± 0.00195,0.675941 ± 0.00455
A2_morton,C1_monotone_half,D4,E6,320.0,1674.96 ± 27.9,1.24247e-07 ± 9.05e-08,0.961016 ± 0.000719,0.745845 ± 0.00704
A2_morton,C1_monotone_half,D4,E6,480.0,1692.44 ± 29.5,9.04358e-08 ± 5.32e-08,0.8975 ± 0.00189,0.745759 ± 0.00854
A2_morton,C1_monotone_half,D4,E7,320.0,2034.73 ± 5.49,2.39742e-07 ± 2.92e-07,0.999609 ± 0,0.702655 ± 0.00971
A2_morton,C1_monotone_half,D4,E7,480.0,2035.64 ± 4.94,1.54743e-07 ± 2.67e-07,0.996563 ± 0.000354,0.640343 ± 0.0151
A2_morton,C1_monotone_half,D4,E8,320.0,30499.1 ± 3.6e+03,5.70934e-06 ± 6.27e-06,0.852812 ± 0.0286,1.21451 ± 0.0893
A2_morton,C1_monotone_half,D4,E8,480.0,37140.9 ± 7.68e+03,1.85857e-06 ± 1.1e-06,0.764062 ± 0.0159,1.14957 ± 0.108
A2_morton,C2_occupancy_floor1,D0,E0,256.0,167.183 ± 88.5,4.90144e-05 ± 1.96e-05,0.763574 ± 0.0136,0.828915 ± 0.0164
A2_morton,C2_occupancy_floor1,D0,E0,384.0,171.83 ± 41.1,1.54175e-05 ± 7.27e-06,0.73431 ± 0.0236,0.760622 ± 0.0494
A2_morton,C2_occupancy_floor1,D0,E1,256.0,303.13 ± 190,0.000339459 ± 8.1e-05,0.866309 ± 0.0918,1.38445 ± 0.0724
A2_morton,C2_occupancy_floor1,D0,E1,384.0,401.193 ± 366,0.000105168 ± 0.000102,0.787044 ± 0.057,1.2535 ± 0.0626
A2_morton,C2_occupancy_floor1,D0,E2,256.0,1634.58 ± 1.23e+03,0.000600828 ± 0.000534,0.926465 ± 0.0737,1.80797 ± 0.172
A2_morton,C2_occupancy_floor1,D0,E2,384.0,2166.22 ± 2.93e+03,0.000345848 ± 0.000265,0.877669 ± 0.0895,1.687 ± 0.275
A2_morton,C2_occupancy_floor1,D0,E5,256.0,5.74217 ± 0.307,2.70566e-06 ± 4.72e-07,0.896289 ± 0.00185,0.207541 ± 0.00198
A2_morton,C2_occupancy_floor1,D0,E5,384.0,5.46798 ± 0.317,9.7979e-07 ± 8.75e-08,0.847396 ± 0.000922,0.170947 ± 0.00184
A2_morton,C2_occupancy_floor1,D0,E6,256.0,14.9685 ± 0,6.29428e-06 ± 0,0.84541 ± 0.00146,0.307212 ± 0.000549
A2_morton,C2_occupancy_floor1,D0,E6,384.0,14.9685 ± 0,2.98927e-06 ± 1.45e-06,0.832096 ± 0.000527,0.260641 ± 0.000318
A2_morton,C2_occupancy_floor1,D0,E7,256.0,2.57721 ± 0,1.67186e-05 ± 9.34e-06,0.871191 ± 0.00272,0.336487 ± 0.00085
A2_morton,C2_occupancy_floor1,D0,E7,384.0,1.32517 ± 0,8.06097e-06 ± 2.65e-07,0.764779 ± 0.000973,0.295351 ± 0.00144
A2_morton,C2_occupancy_floor1,D0,E8,256.0,227.988 ± 88.7,8.67305e-06 ± 3.87e-06,0.759668 ± 0.0186,0.728238 ± 0.0275
A2_morton,C2_occupancy_floor1,D0,E8,384.0,172.282 ± 74.1,7.42475e-06 ± 4.83e-06,0.754102 ± 0.025,0.638197 ± 0.0287
A2_morton,C2_occupancy_floor1,D1,E0,269.0,9413.36 ± 5.26e+03,4.97271e-05 ± 2.71e-05,0.795167 ± 0.0407,1.91338 ± 0.0428
A2_morton,C2_occupancy_floor1,D1,E0,403.0,10919.6 ± 4.3e+03,1.61112e-05 ± 7.95e-06,0.769541 ± 0.037,1.76856 ± 0.0912
A2_morton,C2_occupancy_floor1,D1,E1,269.0,134716 ± 6.32e+04,0.000268082 ± 0.000109,0.805948 ± 0.0491,3.31647 ± 0.541
A2_morton,C2_occupancy_floor1,D1,E1,403.0,296699 ± 2.19e+05,9.11952e-05 ± 5.3e-05,0.757816 ± 0.0336,3.45022 ± 0.921
A2_morton,C2_occupancy_floor1,D1,E2,269.0,858911 ± 4.03e+05,0.000390662 ± 0.000218,0.85697 ± 0.106,5.23039 ± 0.806
A2_morton,C2_occupancy_floor1,D1,E2,403.0,1.34389e+06 ± 1.3e+06,0.000427839 ± 0.00029,0.82866 ± 0.0424,5.1225 ± 1.92
A2_morton,C2_occupancy_floor1,D1,E5,269.0,410.186 ± 376,3.17287e-06 ± 4.85e-07,0.831877 ± 0.0314,0.428899 ± 0.0194
A2_morton,C2_occupancy_floor1,D1,E5,403.0,699.691 ± 291,6.31585e-07 ± 2.39e-07,0.812221 ± 0.0158,0.377894 ± 0.0174
A2_morton,C2_occupancy_floor1,D1,E6,269.0,935.234 ± 753,7.87925e-06 ± 4.9e-06,0.772584 ± 0.0191,0.558653 ± 0.0295
A2_morton,C2_occupancy_floor1,D1,E6,403.0,1490.28 ± 633,2.5838e-06 ± 5.02e-07,0.768362 ± 0.0173,0.483628 ± 0.0349
A2_morton,C2_occupancy_floor1,D1,E7,269.0,239.157 ± 88.7,1.58613e-05 ± 7.95e-06,0.80539 ± 0.0278,0.550077 ± 0.145
A2_morton,C2_occupancy_floor1,D1,E7,403.0,209.713 ± 21.4,3.28474e-06 ± 7.74e-07,0.801551 ± 0.0115,0.447443 ± 0.0257
A2_morton,C2_occupancy_floor1,D1,E8,269.0,13585.1 ± 1.23e+04,1.51877e-05 ± 2.2e-05,0.810595 ± 0.0239,1.71103 ± 0.213
A2_morton,C2_occupancy_floor1,D1,E8,403.0,19846.1 ± 1.4e+04,6.7577e-06 ± 8.7e-06,0.79361 ± 0.0234,1.59538 ± 0.208
A2_morton,C2_occupancy_floor1,D2,E0,294.0,16434.2 ± 6.77e+03,2.80847e-05 ± 1.81e-05,0.767432 ± 0.0149,2.48728 ± 0.174
A2_morton,C2_occupancy_floor1,D2,E0,442.0,27119.7 ± 6.39e+03,1.23787e-05 ± 3.74e-06,0.786652 ± 0.0139,2.243 ± 0.0817
A2_morton,C2_occupancy_floor1,D2,E1,294.0,317916 ± 4.47e+05,0.000168398 ± 0.00017,0.79966 ± 0.0731,4.81382 ± 0.94
A2_morton,C2_occupancy_floor1,D2,E1,442.0,488266 ± 5.82e+05,9.25231e-05 ± 8.21e-05,0.778846 ± 0.0506,4.68007 ± 0.93
A2_morton,C2_occupancy_floor1,D2,E2,294.0,2.22857e+06 ± 3.43e+06,0.00035733 ± 0.000325,0.821003 ± 0.104,7.73547 ± 1.86
A2_morton,C2_occupancy_floor1,D2,E2,442.0,2.32831e+06 ± 2.52e+06,0.000164319 ± 0.000201,0.828903 ± 0.0657,7.40291 ± 2.68
A2_morton,C2_occupancy_floor1,D2,E5,294.0,669.25 ± 241,3.25973e-06 ± 1.04e-06,0.813605 ± 0.0101,0.554488 ± 0.0223
A2_morton,C2_occupancy_floor1,D2,E5,442.0,693.026 ± 241,6.69887e-07 ± 4.42e-07,0.813518 ± 0.0128,0.490003 ± 0.0118
A2_morton,C2_occupancy_floor1,D2,E6,294.0,1415.1 ± 508,7.04285e-06 ± 3.55e-06,0.791497 ± 0.0174,0.711621 ± 0.036
A2_morton,C2_occupancy_floor1,D2,E6,442.0,1485.27 ± 509,2.30753e-06 ± 4.78e-07,0.763179 ± 0.00501,0.601266 ± 0.0178
A2_morton,C2_occupancy_floor1,D2,E7,294.0,273.177 ± 85.9,2.04111e-05 ± 4.16e-06,0.82483 ± 0.0207,0.654556 ± 0.0267
A2_morton,C2_occupancy_floor1,D2,E7,442.0,226.007 ± 59.8,2.42747e-06 ± 8.2e-07,0.809389 ± 0.00329,0.586631 ± 0.00525
A2_morton,C2_occupancy_floor1,D2,E8,294.0,21501.8 ± 7.84e+03,1.55266e-05 ± 1.84e-05,0.777466 ± 0.0489,2.40498 ± 0.258
A2_morton,C2_occupancy_floor1,D2,E8,442.0,25810.9 ± 1.05e+04,6.67727e-06 ± 6.79e-06,0.764536 ± 0.0257,2.07888 ± 0.164
A2_morton,C2_occupancy_floor1,D3,E0,320.0,25042 ± 5.26e+03,2.18243e-05 ± 8.95e-06,0.770937 ± 0.0119,2.72106 ± 0.139
A2_morton,C2_occupancy_floor1,D3,E0,480.0,31079.5 ± 7.98e+03,9.37595e-06 ± 4.93e-06,0.764479 ± 0.0325,2.5197 ± 0.0835
A2_morton,C2_occupancy_floor1,D3,E1,320.0,424784 ± 6.2e+05,0.000148411 ± 0.000116,0.814922 ± 0.0454,5.62285 ± 0.77
A2_morton,C2_occupancy_floor1,D3,E1,480.0,520801 ± 6.03e+05,9.89095e-05 ± 4.13e-05,0.785312 ± 0.0494,5.48566 ± 1.17
A2_morton,C2_occupancy_floor1,D3,E2,320.0,1.56476e+06 ± 1.54e+06,0.000588818 ± 0.000522,0.858437 ± 0.0754,8.92562 ± 2.23
A2_morton,C2_occupancy_floor1,D3,E2,480.0,2.36822e+06 ± 2.47e+06,0.000279082 ± 0.000169,0.834479 ± 0.0554,8.90069 ± 3.36
A2_morton,C2_occupancy_floor1,D3,E5,320.0,636.909 ± 241,2.94606e-06 ± 1.67e-06,0.822578 ± 0.0133,0.620098 ± 0.019
A2_morton,C2_occupancy_floor1,D3,E5,480.0,794.767 ± 84.9,5.85923e-07 ± 3.48e-07,0.82125 ± 0.0215,0.542994 ± 0.017
A2_morton,C2_occupancy_floor1,D3,E6,320.0,1344.37 ± 501,5.25376e-06 ± 2.21e-06,0.810781 ± 0.0262,0.776473 ± 0.024
A2_morton,C2_occupancy_floor1,D3,E6,480.0,1696.62 ± 176,2.59511e-06 ± 3.87e-07,0.770677 ± 0.00887,0.666607 ± 0.0209
A2_morton,C2_occupancy_floor1,D3,E7,320.0,213.755 ± 81.2,1.15073e-05 ± 4.01e-06,0.839844 ± 0.0129,0.757518 ± 0.0147
A2_morton,C2_occupancy_floor1,D3,E7,480.0,254.527 ± 74.3,2.44423e-06 ± 8.47e-07,0.821042 ± 0.00604,0.678472 ± 0.0153
A2_morton,C2_occupancy_floor1,D3,E8,320.0,28029.5 ± 1.12e+04,1.58253e-05 ± 1.66e-05,0.78125 ± 0.0292,2.61847 ± 0.153
A2_morton,C2_occupancy_floor1,D3,E8,480.0,31028.1 ± 1.11e+04,6.57016e-06 ± 7.02e-06,0.770938 ± 0.0178,2.34789 ± 0.296
A2_morton,C2_occupancy_floor1,D4,E0,320.0,30468.7 ± 5.55e+03,7.05119e-06 ± 6.39e-06,0.836484 ± 0.0217,1.01892 ± 0.0339
A2_morton,C2_occupancy_floor1,D4,E0,480.0,32655.6 ± 5.76e+03,2.05029e-06 ± 8.63e-07,0.803438 ± 0.0175,0.911973 ± 0.0665
A2_morton,C2_occupancy_floor1,D4,E1,320.0,665200 ± 1.08e+05,7.0268e-05 ± 7.32e-05,0.893672 ± 0.0384,1.91566 ± 0.225
A2_morton,C2_occupancy_floor1,D4,E1,480.0,902148 ± 4.53e+05,3.11686e-05 ± 3.14e-05,0.86 ± 0.0575,1.85551 ± 0.273
A2_morton,C2_occupancy_floor1,D4,E2,320.0,4.71213e+06 ± 8.67e+05,0.000395352 ± 0.000374,0.932891 ± 0.0576,2.90418 ± 0.487
A2_morton,C2_occupancy_floor1,D4,E2,480.0,6.55237e+06 ± 3.82e+06,0.000200944 ± 0.000222,0.907031 ± 0.0648,2.63863 ± 0.649
A2_morton,C2_occupancy_floor1,D4,E5,320.0,688.474 ± 12.8,1.00094e-07 ± 9.33e-08,0.88625 ± 0.00135,0.233524 ± 0.000726
A2_morton,C2_occupancy_floor1,D4,E5,480.0,686.222 ± 16.6,4.69464e-08 ± 3.9e-08,0.868021 ± 0.000622,0.212395 ± 0.00103
A2_morton,C2_occupancy_floor1,D4,E6,320.0,1559.57 ± 26.8,2.01074e-07 ± 1.96e-07,0.861172 ± 0.0019,0.385962 ± 0.000458
A2_morton,C2_occupancy_floor1,D4,E6,480.0,1569.85 ± 33.4,8.86971e-08 ± 8.51e-08,0.87151 ± 0.000369,0.341992 ± 0.0014
A2_morton,C2_occupancy_floor1,D4,E7,320.0,2257.92 ± 50.9,8.61724e-08 ± 5.2e-08,0.888516 ± 0.00383,0.299915 ± 0.00368
A2_morton,C2_occupancy_floor1,D4,E7,480.0,2253.07 ± 42.7,4.36526e-08 ± 4.25e-08,0.778698 ± 0.00486,0.25857 ± 0.00116
A2_morton,C2_occupancy_floor1,D4,E8,320.0,31896.7 ± 6.24e+03,5.69431e-06 ± 5.42e-06,0.854375 ± 0.0178,0.904038 ± 0.0764
A2_morton,C2_occupancy_floor1,D4,E8,480.0,34795.8 ± 9.5e+03,2.16329e-06 ± 5.73e-07,0.831771 ± 0.0205,0.81594 ± 0.083
A2_morton,C3_frame_core_occupancy,D0,E0,256.0,167.183 ± 88.5,4.90144e-05 ± 1.96e-05,0.763574 ± 0.0136,0.828915 ± 0.0164
A2_morton,C3_frame_core_occupancy,D0,E0,384.0,171.83 ± 41.1,1.54175e-05 ± 7.27e-06,0.73431 ± 0.0236,0.760622 ± 0.0494
A2_morton,C3_frame_core_occupancy,D0,E1,256.0,303.13 ± 190,0.000339459 ± 8.1e-05,0.866309 ± 0.0918,1.38445 ± 0.0724
A2_morton,C3_frame_core_occupancy,D0,E1,384.0,401.193 ± 366,0.000105168 ± 0.000102,0.787044 ± 0.057,1.2535 ± 0.0626
A2_morton,C3_frame_core_occupancy,D0,E2,256.0,1634.58 ± 1.23e+03,0.000600828 ± 0.000534,0.926465 ± 0.0737,1.80797 ± 0.172
A2_morton,C3_frame_core_occupancy,D0,E2,384.0,2166.22 ± 2.93e+03,0.000345848 ± 0.000265,0.877669 ± 0.0895,1.687 ± 0.275
A2_morton,C3_frame_core_occupancy,D0,E5,256.0,5.74217 ± 0.307,2.70566e-06 ± 4.72e-07,0.896289 ± 0.00185,0.207541 ± 0.00198
A2_morton,C3_frame_core_occupancy,D0,E5,384.0,5.46798 ± 0.317,9.7979e-07 ± 8.75e-08,0.847396 ± 0.000922,0.170947 ± 0.00184
A2_morton,C3_frame_core_occupancy,D0,E6,256.0,14.9685 ± 0,6.29428e-06 ± 0,0.84541 ± 0.00146,0.307212 ± 0.000549
A2_morton,C3_frame_core_occupancy,D0,E6,384.0,14.9685 ± 0,2.98927e-06 ± 1.45e-06,0.832096 ± 0.000527,0.260641 ± 0.000318
A2_morton,C3_frame_core_occupancy,D0,E7,256.0,2.57721 ± 0,1.67186e-05 ± 9.34e-06,0.871191 ± 0.00272,0.336487 ± 0.00085
A2_morton,C3_frame_core_occupancy,D0,E7,384.0,1.32517 ± 0,8.06097e-06 ± 2.65e-07,0.764779 ± 0.000973,0.295351 ± 0.00144
A2_morton,C3_frame_core_occupancy,D0,E8,256.0,227.988 ± 88.7,8.67305e-06 ± 3.87e-06,0.759668 ± 0.0186,0.728238 ± 0.0275
A2_morton,C3_frame_core_occupancy,D0,E8,384.0,172.282 ± 74.1,7.42475e-06 ± 4.83e-06,0.754102 ± 0.025,0.638197 ± 0.0287
A2_morton,C3_frame_core_occupancy,D1,E0,269.0,9413.36 ± 5.26e+03,4.97271e-05 ± 2.71e-05,0.795167 ± 0.0407,1.91338 ± 0.0428
A2_morton,C3_frame_core_occupancy,D1,E0,403.0,10919.6 ± 4.3e+03,1.61112e-05 ± 7.95e-06,0.769541 ± 0.037,1.76856 ± 0.0912
A2_morton,C3_frame_core_occupancy,D1,E1,269.0,134716 ± 6.32e+04,0.000268082 ± 0.000109,0.805948 ± 0.0491,3.31647 ± 0.541
A2_morton,C3_frame_core_occupancy,D1,E1,403.0,296699 ± 2.19e+05,9.11952e-05 ± 5.3e-05,0.757816 ± 0.0336,3.45022 ± 0.921
A2_morton,C3_frame_core_occupancy,D1,E2,269.0,858911 ± 4.03e+05,0.000390662 ± 0.000218,0.85697 ± 0.106,5.23039 ± 0.806
A2_morton,C3_frame_core_occupancy,D1,E2,403.0,1.34389e+06 ± 1.3e+06,0.000427839 ± 0.00029,0.82866 ± 0.0424,5.1225 ± 1.92
A2_morton,C3_frame_core_occupancy,D1,E5,269.0,410.186 ± 376,3.17287e-06 ± 4.85e-07,0.831877 ± 0.0314,0.428899 ± 0.0194
A2_morton,C3_frame_core_occupancy,D1,E5,403.0,699.691 ± 291,6.31585e-07 ± 2.39e-07,0.812221 ± 0.0158,0.377894 ± 0.0174
A2_morton,C3_frame_core_occupancy,D1,E6,269.0,935.234 ± 753,7.87925e-06 ± 4.9e-06,0.772584 ± 0.0191,0.558653 ± 0.0295
A2_morton,C3_frame_core_occupancy,D1,E6,403.0,1490.28 ± 633,2.5838e-06 ± 5.02e-07,0.768362 ± 0.0173,0.483628 ± 0.0349
A2_morton,C3_frame_core_occupancy,D1,E7,269.0,239.157 ± 88.7,1.58613e-05 ± 7.95e-06,0.80539 ± 0.0278,0.550077 ± 0.145
A2_morton,C3_frame_core_occupancy,D1,E7,403.0,209.713 ± 21.4,3.28474e-06 ± 7.74e-07,0.801551 ± 0.0115,0.447443 ± 0.0257
A2_morton,C3_frame_core_occupancy,D1,E8,269.0,13585.1 ± 1.23e+04,1.51877e-05 ± 2.2e-05,0.810595 ± 0.0239,1.71103 ± 0.213
A2_morton,C3_frame_core_occupancy,D1,E8,403.0,19846.1 ± 1.4e+04,6.7577e-06 ± 8.7e-06,0.79361 ± 0.0234,1.59538 ± 0.208
A2_morton,C3_frame_core_occupancy,D2,E0,294.0,16434.2 ± 6.77e+03,2.80847e-05 ± 1.81e-05,0.767432 ± 0.0149,2.48728 ± 0.174
A2_morton,C3_frame_core_occupancy,D2,E0,442.0,27119.7 ± 6.39e+03,1.23787e-05 ± 3.74e-06,0.786652 ± 0.0139,2.243 ± 0.0817
A2_morton,C3_frame_core_occupancy,D2,E1,294.0,317916 ± 4.47e+05,0.000168398 ± 0.00017,0.79966 ± 0.0731,4.81382 ± 0.94
A2_morton,C3_frame_core_occupancy,D2,E1,442.0,488266 ± 5.82e+05,9.25231e-05 ± 8.21e-05,0.778846 ± 0.0506,4.68007 ± 0.93
A2_morton,C3_frame_core_occupancy,D2,E2,294.0,2.22857e+06 ± 3.43e+06,0.00035733 ± 0.000325,0.821003 ± 0.104,7.73547 ± 1.86
A2_morton,C3_frame_core_occupancy,D2,E2,442.0,2.32831e+06 ± 2.52e+06,0.000164319 ± 0.000201,0.828903 ± 0.0657,7.40291 ± 2.68
A2_morton,C3_frame_core_occupancy,D2,E5,294.0,669.25 ± 241,3.25973e-06 ± 1.04e-06,0.813605 ± 0.0101,0.554488 ± 0.0223
A2_morton,C3_frame_core_occupancy,D2,E5,442.0,693.026 ± 241,6.69887e-07 ± 4.42e-07,0.813518 ± 0.0128,0.490003 ± 0.0118
A2_morton,C3_frame_core_occupancy,D2,E6,294.0,1415.1 ± 508,7.04285e-06 ± 3.55e-06,0.791497 ± 0.0174,0.711621 ± 0.036
A2_morton,C3_frame_core_occupancy,D2,E6,442.0,1485.27 ± 509,2.30753e-06 ± 4.78e-07,0.763179 ± 0.00501,0.601266 ± 0.0178
A2_morton,C3_frame_core_occupancy,D2,E7,294.0,273.177 ± 85.9,2.04111e-05 ± 4.16e-06,0.82483 ± 0.0207,0.654556 ± 0.0267
A2_morton,C3_frame_core_occupancy,D2,E7,442.0,226.007 ± 59.8,2.42747e-06 ± 8.2e-07,0.809389 ± 0.00329,0.586631 ± 0.00525
A2_morton,C3_frame_core_occupancy,D2,E8,294.0,21501.8 ± 7.84e+03,1.55266e-05 ± 1.84e-05,0.777466 ± 0.0489,2.40498 ± 0.258
A2_morton,C3_frame_core_occupancy,D2,E8,442.0,25810.9 ± 1.05e+04,6.67727e-06 ± 6.79e-06,0.764536 ± 0.0257,2.07888 ± 0.164
A2_morton,C3_frame_core_occupancy,D3,E0,320.0,25042 ± 5.26e+03,2.18243e-05 ± 8.95e-06,0.770937 ± 0.0119,2.72106 ± 0.139
A2_morton,C3_frame_core_occupancy,D3,E0,480.0,31079.5 ± 7.98e+03,9.37595e-06 ± 4.93e-06,0.764479 ± 0.0325,2.5197 ± 0.0835
A2_morton,C3_frame_core_occupancy,D3,E1,320.0,424784 ± 6.2e+05,0.000148411 ± 0.000116,0.814922 ± 0.0454,5.62285 ± 0.77
A2_morton,C3_frame_core_occupancy,D3,E1,480.0,520801 ± 6.03e+05,9.89095e-05 ± 4.13e-05,0.785312 ± 0.0494,5.48566 ± 1.17
A2_morton,C3_frame_core_occupancy,D3,E2,320.0,1.56476e+06 ± 1.54e+06,0.000588818 ± 0.000522,0.858437 ± 0.0754,8.92562 ± 2.23
A2_morton,C3_frame_core_occupancy,D3,E2,480.0,2.36822e+06 ± 2.47e+06,0.000279082 ± 0.000169,0.834479 ± 0.0554,8.90069 ± 3.36
A2_morton,C3_frame_core_occupancy,D3,E5,320.0,636.909 ± 241,2.94606e-06 ± 1.67e-06,0.822578 ± 0.0133,0.620098 ± 0.019
A2_morton,C3_frame_core_occupancy,D3,E5,480.0,794.767 ± 84.9,5.85923e-07 ± 3.48e-07,0.82125 ± 0.0215,0.542994 ± 0.017
A2_morton,C3_frame_core_occupancy,D3,E6,320.0,1344.37 ± 501,5.25376e-06 ± 2.21e-06,0.810781 ± 0.0262,0.776473 ± 0.024
A2_morton,C3_frame_core_occupancy,D3,E6,480.0,1696.62 ± 176,2.59511e-06 ± 3.87e-07,0.770677 ± 0.00887,0.666607 ± 0.0209
A2_morton,C3_frame_core_occupancy,D3,E7,320.0,213.755 ± 81.2,1.15073e-05 ± 4.01e-06,0.839844 ± 0.0129,0.757518 ± 0.0147
A2_morton,C3_frame_core_occupancy,D3,E7,480.0,254.527 ± 74.3,2.44423e-06 ± 8.47e-07,0.821042 ± 0.00604,0.678472 ± 0.0153
A2_morton,C3_frame_core_occupancy,D3,E8,320.0,28029.5 ± 1.12e+04,1.58253e-05 ± 1.66e-05,0.78125 ± 0.0292,2.61847 ± 0.153
A2_morton,C3_frame_core_occupancy,D3,E8,480.0,31028.1 ± 1.11e+04,6.57016e-06 ± 7.02e-06,0.770938 ± 0.0178,2.34789 ± 0.296
A2_morton,C3_frame_core_occupancy,D4,E0,320.0,30468.7 ± 5.55e+03,7.05119e-06 ± 6.39e-06,0.836484 ± 0.0217,1.01892 ± 0.0339
A2_morton,C3_frame_core_occupancy,D4,E0,480.0,32655.6 ± 5.76e+03,2.05029e-06 ± 8.63e-07,0.803438 ± 0.0175,0.911973 ± 0.0665
A2_morton,C3_frame_core_occupancy,D4,E1,320.0,665200 ± 1.08e+05,7.0268e-05 ± 7.32e-05,0.893672 ± 0.0384,1.91566 ± 0.225
A2_morton,C3_frame_core_occupancy,D4,E1,480.0,902148 ± 4.53e+05,3.11686e-05 ± 3.14e-05,0.86 ± 0.0575,1.85551 ± 0.273
A2_morton,C3_frame_core_occupancy,D4,E2,320.0,4.71213e+06 ± 8.67e+05,0.000395352 ± 0.000374,0.932891 ± 0.0576,2.90418 ± 0.487
A2_morton,C3_frame_core_occupancy,D4,E2,480.0,6.55237e+06 ± 3.82e+06,0.000200944 ± 0.000222,0.907031 ± 0.0648,2.63863 ± 0.649
A2_morton,C3_frame_core_occupancy,D4,E5,320.0,688.474 ± 12.8,1.00094e-07 ± 9.33e-08,0.88625 ± 0.00135,0.233524 ± 0.000726
A2_morton,C3_frame_core_occupancy,D4,E5,480.0,686.222 ± 16.6,4.69464e-08 ± 3.9e-08,0.868021 ± 0.000622,0.212395 ± 0.00103
A2_morton,C3_frame_core_occupancy,D4,E6,320.0,1559.57 ± 26.8,2.01074e-07 ± 1.96e-07,0.861172 ± 0.0019,0.385962 ± 0.000458
A2_morton,C3_frame_core_occupancy,D4,E6,480.0,1569.85 ± 33.4,8.86971e-08 ± 8.51e-08,0.87151 ± 0.000369,0.341992 ± 0.0014
A2_morton,C3_frame_core_occupancy,D4,E7,320.0,2257.92 ± 50.9,8.61724e-08 ± 5.2e-08,0.888516 ± 0.00383,0.299915 ± 0.00368
A2_morton,C3_frame_core_occupancy,D4,E7,480.0,2253.07 ± 42.7,4.36526e-08 ± 4.25e-08,0.778698 ± 0.00486,0.25857 ± 0.00116
A2_morton,C3_frame_core_occupancy,D4,E8,320.0,31896.7 ± 6.24e+03,5.69431e-06 ± 5.42e-06,0.854375 ± 0.0178,0.904038 ± 0.0764
A2_morton,C3_frame_core_occupancy,D4,E8,480.0,34795.8 ± 9.5e+03,2.16329e-06 ± 5.73e-07,0.831771 ± 0.0205,0.81594 ± 0.083
A2_morton,C4_hybrid,D0,E0,256.0,167.183 ± 88.5,4.90144e-05 ± 1.96e-05,0.763574 ± 0.0136,0.828915 ± 0.0164
A2_morton,C4_hybrid,D0,E0,384.0,171.83 ± 41.1,1.54175e-05 ± 7.27e-06,0.73431 ± 0.0236,0.760622 ± 0.0494
A2_morton,C4_hybrid,D0,E1,256.0,303.13 ± 190,0.000339459 ± 8.1e-05,0.866309 ± 0.0918,1.38445 ± 0.0724
A2_morton,C4_hybrid,D0,E1,384.0,401.193 ± 366,0.000105168 ± 0.000102,0.787044 ± 0.057,1.2535 ± 0.0626
A2_morton,C4_hybrid,D0,E2,256.0,1634.58 ± 1.23e+03,0.000600828 ± 0.000534,0.926465 ± 0.0737,1.80797 ± 0.172
A2_morton,C4_hybrid,D0,E2,384.0,2166.22 ± 2.93e+03,0.000345848 ± 0.000265,0.877669 ± 0.0895,1.687 ± 0.275
A2_morton,C4_hybrid,D0,E5,256.0,5.74217 ± 0.307,2.70566e-06 ± 4.72e-07,0.896289 ± 0.00185,0.207541 ± 0.00198
A2_morton,C4_hybrid,D0,E5,384.0,5.46798 ± 0.317,9.7979e-07 ± 8.75e-08,0.847396 ± 0.000922,0.170947 ± 0.00184
A2_morton,C4_hybrid,D0,E6,256.0,14.9685 ± 0,6.29428e-06 ± 0,0.84541 ± 0.00146,0.307212 ± 0.000549
A2_morton,C4_hybrid,D0,E6,384.0,14.9685 ± 0,2.98927e-06 ± 1.45e-06,0.832096 ± 0.000527,0.260641 ± 0.000318
A2_morton,C4_hybrid,D0,E7,256.0,2.57721 ± 0,1.67186e-05 ± 9.34e-06,0.871191 ± 0.00272,0.336487 ± 0.00085
A2_morton,C4_hybrid,D0,E7,384.0,1.32517 ± 0,8.06097e-06 ± 2.65e-07,0.764779 ± 0.000973,0.295351 ± 0.00144
A2_morton,C4_hybrid,D0,E8,256.0,227.988 ± 88.7,8.67305e-06 ± 3.87e-06,0.759668 ± 0.0186,0.728238 ± 0.0275
A2_morton,C4_hybrid,D0,E8,384.0,172.282 ± 74.1,7.42475e-06 ± 4.83e-06,0.754102 ± 0.025,0.638197 ± 0.0287
A2_morton,C4_hybrid,D1,E0,269.0,9413.36 ± 5.26e+03,4.97271e-05 ± 2.71e-05,0.795167 ± 0.0407,1.91338 ± 0.0428
A2_morton,C4_hybrid,D1,E0,403.0,10919.6 ± 4.3e+03,1.61112e-05 ± 7.95e-06,0.769541 ± 0.037,1.76856 ± 0.0912
A2_morton,C4_hybrid,D1,E1,269.0,134716 ± 6.32e+04,0.000268082 ± 0.000109,0.805948 ± 0.0491,3.31647 ± 0.541
A2_morton,C4_hybrid,D1,E1,403.0,296699 ± 2.19e+05,9.11952e-05 ± 5.3e-05,0.757816 ± 0.0336,3.45022 ± 0.921
A2_morton,C4_hybrid,D1,E2,269.0,858911 ± 4.03e+05,0.000390662 ± 0.000218,0.85697 ± 0.106,5.23039 ± 0.806
A2_morton,C4_hybrid,D1,E2,403.0,1.34389e+06 ± 1.3e+06,0.000427839 ± 0.00029,0.82866 ± 0.0424,5.1225 ± 1.92
A2_morton,C4_hybrid,D1,E5,269.0,410.186 ± 376,3.17287e-06 ± 4.85e-07,0.831877 ± 0.0314,0.428899 ± 0.0194
A2_morton,C4_hybrid,D1,E5,403.0,699.691 ± 291,6.31585e-07 ± 2.39e-07,0.812221 ± 0.0158,0.377894 ± 0.0174
A2_morton,C4_hybrid,D1,E6,269.0,935.234 ± 753,7.87925e-06 ± 4.9e-06,0.772584 ± 0.0191,0.558653 ± 0.0295
A2_morton,C4_hybrid,D1,E6,403.0,1490.28 ± 633,2.5838e-06 ± 5.02e-07,0.768362 ± 0.0173,0.483628 ± 0.0349
A2_morton,C4_hybrid,D1,E7,269.0,239.157 ± 88.7,1.58613e-05 ± 7.95e-06,0.80539 ± 0.0278,0.550077 ± 0.145
A2_morton,C4_hybrid,D1,E7,403.0,209.713 ± 21.4,3.28474e-06 ± 7.74e-07,0.801551 ± 0.0115,0.447443 ± 0.0257
A2_morton,C4_hybrid,D1,E8,269.0,13585.1 ± 1.23e+04,1.51877e-05 ± 2.2e-05,0.810595 ± 0.0239,1.71103 ± 0.213
A2_morton,C4_hybrid,D1,E8,403.0,19846.1 ± 1.4e+04,6.7577e-06 ± 8.7e-06,0.79361 ± 0.0234,1.59538 ± 0.208
A2_morton,C4_hybrid,D2,E0,294.0,16434.2 ± 6.77e+03,2.80847e-05 ± 1.81e-05,0.767432 ± 0.0149,2.48728 ± 0.174
A2_morton,C4_hybrid,D2,E0,442.0,27119.7 ± 6.39e+03,1.23787e-05 ± 3.74e-06,0.786652 ± 0.0139,2.243 ± 0.0817
A2_morton,C4_hybrid,D2,E1,294.0,317916 ± 4.47e+05,0.000168398 ± 0.00017,0.79966 ± 0.0731,4.81382 ± 0.94
A2_morton,C4_hybrid,D2,E1,442.0,488266 ± 5.82e+05,9.25231e-05 ± 8.21e-05,0.778846 ± 0.0506,4.68007 ± 0.93
A2_morton,C4_hybrid,D2,E2,294.0,2.22857e+06 ± 3.43e+06,0.00035733 ± 0.000325,0.821003 ± 0.104,7.73547 ± 1.86
A2_morton,C4_hybrid,D2,E2,442.0,2.32831e+06 ± 2.52e+06,0.000164319 ± 0.000201,0.828903 ± 0.0657,7.40291 ± 2.68
A2_morton,C4_hybrid,D2,E5,294.0,669.25 ± 241,3.25973e-06 ± 1.04e-06,0.813605 ± 0.0101,0.554488 ± 0.0223
A2_morton,C4_hybrid,D2,E5,442.0,693.026 ± 241,6.69887e-07 ± 4.42e-07,0.813518 ± 0.0128,0.490003 ± 0.0118
A2_morton,C4_hybrid,D2,E6,294.0,1415.1 ± 508,7.04285e-06 ± 3.55e-06,0.791497 ± 0.0174,0.711621 ± 0.036
A2_morton,C4_hybrid,D2,E6,442.0,1485.27 ± 509,2.30753e-06 ± 4.78e-07,0.763179 ± 0.00501,0.601266 ± 0.0178
A2_morton,C4_hybrid,D2,E7,294.0,273.177 ± 85.9,2.04111e-05 ± 4.16e-06,0.82483 ± 0.0207,0.654556 ± 0.0267
A2_morton,C4_hybrid,D2,E7,442.0,226.007 ± 59.8,2.42747e-06 ± 8.2e-07,0.809389 ± 0.00329,0.586631 ± 0.00525
A2_morton,C4_hybrid,D2,E8,294.0,21501.8 ± 7.84e+03,1.55266e-05 ± 1.84e-05,0.777466 ± 0.0489,2.40498 ± 0.258
A2_morton,C4_hybrid,D2,E8,442.0,25810.9 ± 1.05e+04,6.67727e-06 ± 6.79e-06,0.764536 ± 0.0257,2.07888 ± 0.164
A2_morton,C4_hybrid,D3,E0,320.0,25042 ± 5.26e+03,2.18243e-05 ± 8.95e-06,0.770937 ± 0.0119,2.72106 ± 0.139
A2_morton,C4_hybrid,D3,E0,480.0,31079.5 ± 7.98e+03,9.37595e-06 ± 4.93e-06,0.764479 ± 0.0325,2.5197 ± 0.0835
A2_morton,C4_hybrid,D3,E1,320.0,424784 ± 6.2e+05,0.000148411 ± 0.000116,0.814922 ± 0.0454,5.62285 ± 0.77
A2_morton,C4_hybrid,D3,E1,480.0,520801 ± 6.03e+05,9.89095e-05 ± 4.13e-05,0.785312 ± 0.0494,5.48566 ± 1.17
A2_morton,C4_hybrid,D3,E2,320.0,1.56476e+06 ± 1.54e+06,0.000588818 ± 0.000522,0.858437 ± 0.0754,8.92562 ± 2.23
A2_morton,C4_hybrid,D3,E2,480.0,2.36822e+06 ± 2.47e+06,0.000279082 ± 0.000169,0.834479 ± 0.0554,8.90069 ± 3.36
A2_morton,C4_hybrid,D3,E5,320.0,636.909 ± 241,2.94606e-06 ± 1.67e-06,0.822578 ± 0.0133,0.620098 ± 0.019
A2_morton,C4_hybrid,D3,E5,480.0,794.767 ± 84.9,5.85923e-07 ± 3.48e-07,0.82125 ± 0.0215,0.542994 ± 0.017
A2_morton,C4_hybrid,D3,E6,320.0,1344.37 ± 501,5.25376e-06 ± 2.21e-06,0.810781 ± 0.0262,0.776473 ± 0.024
A2_morton,C4_hybrid,D3,E6,480.0,1696.62 ± 176,2.59511e-06 ± 3.87e-07,0.770677 ± 0.00887,0.666607 ± 0.0209
A2_morton,C4_hybrid,D3,E7,320.0,213.755 ± 81.2,1.15073e-05 ± 4.01e-06,0.839844 ± 0.0129,0.757518 ± 0.0147
A2_morton,C4_hybrid,D3,E7,480.0,254.527 ± 74.3,2.44423e-06 ± 8.47e-07,0.821042 ± 0.00604,0.678472 ± 0.0153
A2_morton,C4_hybrid,D3,E8,320.0,28029.5 ± 1.12e+04,1.58253e-05 ± 1.66e-05,0.78125 ± 0.0292,2.61847 ± 0.153
A2_morton,C4_hybrid,D3,E8,480.0,31028.1 ± 1.11e+04,6.57016e-06 ± 7.02e-06,0.770938 ± 0.0178,2.34789 ± 0.296
A2_morton,C4_hybrid,D4,E0,320.0,30468.7 ± 5.55e+03,7.05119e-06 ± 6.39e-06,0.836484 ± 0.0217,1.01892 ± 0.0339
A2_morton,C4_hybrid,D4,E0,480.0,32655.6 ± 5.76e+03,2.05029e-06 ± 8.63e-07,0.803438 ± 0.0175,0.911973 ± 0.0665
A2_morton,C4_hybrid,D4,E1,320.0,665200 ± 1.08e+05,7.0268e-05 ± 7.32e-05,0.893672 ± 0.0384,1.91566 ± 0.225
A2_morton,C4_hybrid,D4,E1,480.0,902148 ± 4.53e+05,3.11686e-05 ± 3.14e-05,0.86 ± 0.0575,1.85551 ± 0.273
A2_morton,C4_hybrid,D4,E2,320.0,4.71213e+06 ± 8.67e+05,0.000395352 ± 0.000374,0.932891 ± 0.0576,2.90418 ± 0.487
A2_morton,C4_hybrid,D4,E2,480.0,6.55237e+06 ± 3.82e+06,0.000200944 ± 0.000222,0.907031 ± 0.0648,2.63863 ± 0.649
A2_morton,C4_hybrid,D4,E5,320.0,688.474 ± 12.8,1.00094e-07 ± 9.33e-08,0.88625 ± 0.00135,0.233524 ± 0.000726
A2_morton,C4_hybrid,D4,E5,480.0,686.222 ± 16.6,4.69464e-08 ± 3.9e-08,0.868021 ± 0.000622,0.212395 ± 0.00103
A2_morton,C4_hybrid,D4,E6,320.0,1559.57 ± 26.8,2.01074e-07 ± 1.96e-07,0.861172 ± 0.0019,0.385962 ± 0.000458
A2_morton,C4_hybrid,D4,E6,480.0,1569.85 ± 33.4,8.86971e-08 ± 8.51e-08,0.87151 ± 0.000369,0.341992 ± 0.0014
A2_morton,C4_hybrid,D4,E7,320.0,2257.92 ± 50.9,8.61724e-08 ± 5.2e-08,0.888516 ± 0.00383,0.299915 ± 0.00368
A2_morton,C4_hybrid,D4,E7,480.0,2253.07 ± 42.7,4.36526e-08 ± 4.25e-08,0.778698 ± 0.00486,0.25857 ± 0.00116
A2_morton,C4_hybrid,D4,E8,320.0,31896.7 ± 6.24e+03,5.69431e-06 ± 5.42e-06,0.854375 ± 0.0178,0.904038 ± 0.0764
A2_morton,C4_hybrid,D4,E8,480.0,34795.8 ± 9.5e+03,2.16329e-06 ± 5.73e-07,0.831771 ± 0.0205,0.81594 ± 0.083
A3_isotropic_hilbert,C0_uniform,D0,E0,256.0,37.5085 ± 38.1,5.4314e-05 ± 3.66e-05,0.780469 ± 0.0168,0.705342 ± 0.0274
A3_isotropic_hilbert,C0_uniform,D0,E0,384.0,27.0547 ± 15.7,1.32871e-05 ± 6.46e-06,0.722656 ± 0.0128,0.619624 ± 0.0284
A3_isotropic_hilbert,C0_uniform,D0,E1,256.0,1001.49 ± 820,0.000169781 ± 9.12e-05,0.753516 ± 0.0782,1.5155 ± 0.262
A3_isotropic_hilbert,C0_uniform,D0,E1,384.0,765.103 ± 435,5.71064e-05 ± 5.07e-05,0.699935 ± 0.0401,1.32908 ± 0.17
A3_isotropic_hilbert,C0_uniform,D0,E2,256.0,4679.38 ± 2.13e+03,0.000766456 ± 0.000899,0.728906 ± 0.0783,2.31778 ± 0.751
A3_isotropic_hilbert,C0_uniform,D0,E2,384.0,6294.98 ± 4.66e+03,0.000110466 ± 6.18e-05,0.701758 ± 0.11,2.04749 ± 0.598
A3_isotropic_hilbert,C0_uniform,D0,E5,256.0,3.33664 ± 0.292,2.27891e-06 ± 2.37e-07,0.826367 ± 0.00526,0.197951 ± 0.00767
A3_isotropic_hilbert,C0_uniform,D0,E5,384.0,3.60118 ± 0.327,7.16867e-07 ± 3.48e-07,0.82513 ± 0.00428,0.165221 ± 0.00233
A3_isotropic_hilbert,C0_uniform,D0,E6,256.0,2.11419 ± 0,5.17608e-06 ± 5.07e-08,0.822656 ± 0.00189,0.309992 ± 0.000992
A3_isotropic_hilbert,C0_uniform,D0,E6,384.0,1.87114 ± 0,1.72987e-06 ± 4.42e-07,0.816927 ± 0.00222,0.262927 ± 0.000657
A3_isotropic_hilbert,C0_uniform,D0,E7,256.0,2.86023 ± 0,9.88072e-06 ± 2.55e-08,0.885938 ± 0.000813,0.355293 ± 0.00132
A3_isotropic_hilbert,C0_uniform,D0,E7,384.0,2.33411 ± 0,1.78931e-06 ± 5.5e-07,0.873307 ± 0.00132,0.300901 ± 0.000832
A3_isotropic_hilbert,C0_uniform,D0,E8,256.0,50.794 ± 38.2,4.68003e-06 ± 1.91e-06,0.776367 ± 0.0151,0.613995 ± 0.0307
A3_isotropic_hilbert,C0_uniform,D0,E8,384.0,52.2483 ± 19.1,3.88333e-06 ± 2.83e-06,0.751367 ± 0.0205,0.546943 ± 0.0158
A3_isotropic_hilbert,C0_uniform,D1,E0,269.0,6694.38 ± 1.74e+03,5.11395e-05 ± 6.83e-05,0.743587 ± 0.0243,1.41242 ± 0.113
A3_isotropic_hilbert,C0_uniform,D1,E0,403.0,9103.18 ± 5.03e+03,9.93747e-06 ± 6.04e-06,0.704839 ± 0.0149,1.24618 ± 0.0874
A3_isotropic_hilbert,C0_uniform,D1,E1,269.0,220095 ± 1.9e+05,0.000220948 ± 0.000105,0.726022 ± 0.0588,3.34306 ± 0.418
A3_isotropic_hilbert,C0_uniform,D1,E1,403.0,275493 ± 8.3e+04,9.98527e-05 ± 6.85e-05,0.687159 ± 0.0675,3.11647 ± 0.44
A3_isotropic_hilbert,C0_uniform,D1,E2,269.0,1.66859e+06 ± 1.64e+06,0.000577022 ± 0.000532,0.719331 ± 0.0987,5.87505 ± 1.1
A3_isotropic_hilbert,C0_uniform,D1,E2,403.0,2.44976e+06 ± 1.36e+06,0.000233943 ± 0.0002,0.701799 ± 0.133,5.36451 ± 0.976
A3_isotropic_hilbert,C0_uniform,D1,E5,269.0,251.281 ± 87.4,2.13669e-06 ± 4.81e-07,0.767472 ± 0.0361,0.424492 ± 0.0245
A3_isotropic_hilbert,C0_uniform,D1,E5,403.0,322.238 ± 229,4.77403e-07 ± 2.95e-07,0.773449 ± 0.0404,0.346909 ± 0.0248
A3_isotropic_hilbert,C0_uniform,D1,E6,269.0,538.608 ± 204,4.68635e-06 ± 1.7e-06,0.72881 ± 0.0295,0.61274 ± 0.0407
A3_isotropic_hilbert,C0_uniform,D1,E6,403.0,715.986 ± 498,1.94899e-06 ± 5.32e-07,0.734739 ± 0.024,0.507183 ± 0.0343
A3_isotropic_hilbert,C0_uniform,D1,E7,269.0,535.889 ± 94.3,1.21108e-05 ± 7.75e-06,0.760316 ± 0.0322,0.658676 ± 0.0388
A3_isotropic_hilbert,C0_uniform,D1,E7,403.0,669.934 ± 120,1.85279e-06 ± 8.98e-07,0.741315 ± 0.0223,0.565017 ± 0.0313
A3_isotropic_hilbert,C0_uniform,D1,E8,269.0,9427.96 ± 3.32e+03,1.3541e-05 ± 1.89e-05,0.766171 ± 0.0374,1.31527 ± 0.138
A3_isotropic_hilbert,C0_uniform,D1,E8,403.0,11864.9 ± 7.41e+03,5.48661e-06 ± 7.68e-06,0.714206 ± 0.0309,1.20099 ± 0.131
A3_isotropic_hilbert,C0_uniform,D2,E0,294.0,6848.28 ± 3.18e+03,1.69106e-05 ± 1.23e-05,0.714201 ± 0.0198,1.91146 ± 0.0517
A3_isotropic_hilbert,C0_uniform,D2,E0,442.0,6719.72 ± 4.25e+03,1.77761e-05 ± 1.88e-05,0.702206 ± 0.0135,1.67107 ± 0.0624
A3_isotropic_hilbert,C0_uniform,D2,E1,294.0,197739 ± 7.74e+04,0.000225973 ± 0.000285,0.702466 ± 0.0974,5.01101 ± 0.502
A3_isotropic_hilbert,C0_uniform,D2,E1,442.0,222634 ± 8.11e+04,8.21889e-05 ± 8.7e-05,0.677602 ± 0.0417,4.56823 ± 0.319
A3_isotropic_hilbert,C0_uniform,D2,E2,294.0,1.48379e+06 ± 6.9e+05,0.000402781 ± 0.000596,0.714286 ± 0.14,8.68111 ± 1.62
A3_isotropic_hilbert,C0_uniform,D2,E2,442.0,1.74836e+06 ± 7.64e+05,0.000108842 ± 0.000101,0.686708 ± 0.1,8.12552 ± 0.874
A3_isotropic_hilbert,C0_uniform,D2,E5,294.0,368.267 ± 240,2.28493e-06 ± 6.38e-07,0.755782 ± 0.0201,0.549451 ± 0.014
A3_isotropic_hilbert,C0_uniform,D2,E5,442.0,252.241 ± 158,5.04831e-07 ± 2.77e-07,0.7556 ± 0.0208,0.45792 ± 0.0152
A3_isotropic_hilbert,C0_uniform,D2,E6,294.0,767.594 ± 539,5.22964e-06 ± 2.35e-06,0.713776 ± 0.0134,0.769156 ± 0.023
A3_isotropic_hilbert,C0_uniform,D2,E6,442.0,530.739 ± 353,1.68174e-06 ± 3.68e-07,0.722059 ± 0.0259,0.640847 ± 0.0259
A3_isotropic_hilbert,C0_uniform,D2,E7,294.0,647.145 ± 166,1.36484e-05 ± 8.07e-06,0.726956 ± 0.0115,0.857897 ± 0.0422
A3_isotropic_hilbert,C0_uniform,D2,E7,442.0,643.624 ± 147,1.24587e-06 ± 3.46e-07,0.717195 ± 0.0241,0.729649 ± 0.037
A3_isotropic_hilbert,C0_uniform,D2,E8,294.0,12055.7 ± 9.03e+03,1.06838e-05 ± 1.76e-05,0.762585 ± 0.0499,1.84125 ± 0.0917
A3_isotropic_hilbert,C0_uniform,D2,E8,442.0,8270.29 ± 6.15e+03,4.44195e-06 ± 4.05e-06,0.728959 ± 0.0321,1.62998 ± 0.0662
A3_isotropic_hilbert,C0_uniform,D3,E0,320.0,4978.92 ± 1.45e+03,2.93714e-05 ± 2.37e-05,0.719531 ± 0.0217,2.16311 ± 0.103
A3_isotropic_hilbert,C0_uniform,D3,E0,480.0,4662.5 ± 1.96e+03,1.48511e-05 ± 1.55e-05,0.701354 ± 0.0126,1.88013 ± 0.0493
A3_isotropic_hilbert,C0_uniform,D3,E1,320.0,160650 ± 6.32e+04,0.000189504 ± 0.000202,0.705781 ± 0.0715,5.7491 ± 0.61
A3_isotropic_hilbert,C0_uniform,D3,E1,480.0,228092 ± 8.69e+04,7.81218e-05 ± 9.77e-05,0.670312 ± 0.074,5.25574 ± 0.431
A3_isotropic_hilbert,C0_uniform,D3,E2,320.0,1.2547e+06 ± 6.08e+05,0.000405054 ± 0.000539,0.709063 ± 0.107,10.4854 ± 1.45
A3_isotropic_hilbert,C0_uniform,D3,E2,480.0,1.7901e+06 ± 7.47e+05,0.000106114 ± 4.48e-05,0.676146 ± 0.138,9.68667 ± 1.09
A3_isotropic_hilbert,C0_uniform,D3,E5,320.0,201.017 ± 43.6,2.23129e-06 ± 6.83e-07,0.744453 ± 0.027,0.611852 ± 0.0209
A3_isotropic_hilbert,C0_uniform,D3,E5,480.0,173.531 ± 61.2,3.15883e-07 ± 1.24e-07,0.751615 ± 0.0256,0.507104 ± 0.00773
A3_isotropic_hilbert,C0_uniform,D3,E6,320.0,425.048 ± 92.7,4.81914e-06 ± 2.83e-06,0.690547 ± 0.0108,0.835475 ± 0.0304
A3_isotropic_hilbert,C0_uniform,D3,E6,480.0,356.377 ± 113,1.51018e-06 ± 4.08e-07,0.719688 ± 0.00807,0.70074 ± 0.0133
A3_isotropic_hilbert,C0_uniform,D3,E7,320.0,642.201 ± 149,8.50878e-06 ± 2.48e-06,0.716094 ± 0.0121,0.977889 ± 0.0618
A3_isotropic_hilbert,C0_uniform,D3,E7,480.0,709.52 ± 254,1.18302e-06 ± 3.19e-07,0.708021 ± 0.00638,0.827613 ± 0.042
A3_isotropic_hilbert,C0_uniform,D3,E8,320.0,6301.18 ± 1.83e+03,1.20396e-05 ± 1.63e-05,0.762578 ± 0.0331,2.08372 ± 0.0993
A3_isotropic_hilbert,C0_uniform,D3,E8,480.0,5437.33 ± 1.53e+03,3.91999e-06 ± 3.99e-06,0.735469 ± 0.0268,1.84639 ± 0.0876
A3_isotropic_hilbert,C0_uniform,D4,E0,320.0,40864.1 ± 7.24e+03,4.26678e-06 ± 5.1e-06,0.80375 ± 0.0219,0.706043 ± 0.023
A3_isotropic_hilbert,C0_uniform,D4,E0,480.0,44425.2 ± 8.41e+03,1.72964e-06 ± 2.01e-06,0.750677 ± 0.0198,0.599212 ± 0.0147
A3_isotropic_hilbert,C0_uniform,D4,E1,320.0,1.09989e+06 ± 3.11e+05,3.13877e-05 ± 3.48e-05,0.783203 ± 0.0574,1.61856 ± 0.262
A3_isotropic_hilbert,C0_uniform,D4,E1,480.0,1.46632e+06 ± 5.36e+05,4.49205e-05 ± 4.63e-05,0.737656 ± 0.0337,1.40689 ± 0.155
A3_isotropic_hilbert,C0_uniform,D4,E2,320.0,7.97912e+06 ± 2.73e+06,0.000103269 ± 0.000131,0.763594 ± 0.0873,2.68156 ± 0.736
A3_isotropic_hilbert,C0_uniform,D4,E2,480.0,1.06591e+07 ± 4.64e+06,8.27618e-05 ± 8.99e-05,0.736979 ± 0.0911,2.29132 ± 0.508
A3_isotropic_hilbert,C0_uniform,D4,E5,320.0,910.38 ± 29.4,8.95035e-08 ± 1.33e-07,0.847734 ± 0.00739,0.195662 ± 0.00195
A3_isotropic_hilbert,C0_uniform,D4,E5,480.0,920.765 ± 13.7,3.6719e-08 ± 4.45e-08,0.823906 ± 0.00647,0.157198 ± 0.00183
A3_isotropic_hilbert,C0_uniform,D4,E6,320.0,2182.08 ± 6.95,1.62059e-07 ± 2.24e-07,0.826016 ± 0.00558,0.294019 ± 0.00106
A3_isotropic_hilbert,C0_uniform,D4,E6,480.0,2366.99 ± 9.05,6.61643e-08 ± 7.47e-08,0.801094 ± 0.00729,0.248403 ± 0.000807
A3_isotropic_hilbert,C0_uniform,D4,E7,320.0,4590.04 ± 19.6,9.39806e-08 ± 8.94e-08,0.855078 ± 0.00608,0.358201 ± 0.00171
A3_isotropic_hilbert,C0_uniform,D4,E7,480.0,4600.46 ± 21.1,6.19034e-08 ± 6.74e-08,0.811458 ± 0.00418,0.283907 ± 0.00048
A3_isotropic_hilbert,C0_uniform,D4,E8,320.0,44575.8 ± 7.13e+03,3.05516e-06 ± 3.63e-06,0.813203 ± 0.0242,0.632599 ± 0.0233
A3_isotropic_hilbert,C0_uniform,D4,E8,480.0,48676.4 ± 1.17e+04,2.07347e-06 ± 2.96e-06,0.784271 ± 0.0217,0.542281 ± 0.0207
A3_isotropic_hilbert,C1_monotone_half,D0,E0,256.0,37.5085 ± 38.1,5.4314e-05 ± 3.66e-05,0.780469 ± 0.0168,0.705342 ± 0.0274
A3_isotropic_hilbert,C1_monotone_half,D0,E0,384.0,27.0547 ± 15.7,1.32871e-05 ± 6.46e-06,0.722656 ± 0.0128,0.619624 ± 0.0284
A3_isotropic_hilbert,C1_monotone_half,D0,E1,256.0,1001.49 ± 820,0.000169781 ± 9.12e-05,0.753516 ± 0.0782,1.5155 ± 0.262
A3_isotropic_hilbert,C1_monotone_half,D0,E1,384.0,765.103 ± 435,5.71064e-05 ± 5.07e-05,0.699935 ± 0.0401,1.32908 ± 0.17
A3_isotropic_hilbert,C1_monotone_half,D0,E2,256.0,4679.38 ± 2.13e+03,0.000766456 ± 0.000899,0.728906 ± 0.0783,2.31778 ± 0.751
A3_isotropic_hilbert,C1_monotone_half,D0,E2,384.0,6294.98 ± 4.66e+03,0.000110466 ± 6.18e-05,0.701758 ± 0.11,2.04749 ± 0.598
A3_isotropic_hilbert,C1_monotone_half,D0,E5,256.0,3.33664 ± 0.292,2.27891e-06 ± 2.37e-07,0.826367 ± 0.00526,0.197951 ± 0.00767
A3_isotropic_hilbert,C1_monotone_half,D0,E5,384.0,3.60118 ± 0.327,7.16867e-07 ± 3.48e-07,0.82513 ± 0.00428,0.165221 ± 0.00233
A3_isotropic_hilbert,C1_monotone_half,D0,E6,256.0,2.11419 ± 0,5.17608e-06 ± 5.07e-08,0.822656 ± 0.00189,0.309992 ± 0.000992
A3_isotropic_hilbert,C1_monotone_half,D0,E6,384.0,1.87114 ± 0,1.72987e-06 ± 4.42e-07,0.816927 ± 0.00222,0.262927 ± 0.000657
A3_isotropic_hilbert,C1_monotone_half,D0,E7,256.0,2.86023 ± 0,9.88072e-06 ± 2.55e-08,0.885938 ± 0.000813,0.355293 ± 0.00132
A3_isotropic_hilbert,C1_monotone_half,D0,E7,384.0,2.33411 ± 0,1.78931e-06 ± 5.5e-07,0.873307 ± 0.00132,0.300901 ± 0.000832
A3_isotropic_hilbert,C1_monotone_half,D0,E8,256.0,50.794 ± 38.2,4.68003e-06 ± 1.91e-06,0.776367 ± 0.0151,0.613995 ± 0.0307
A3_isotropic_hilbert,C1_monotone_half,D0,E8,384.0,52.2483 ± 19.1,3.88333e-06 ± 2.83e-06,0.751367 ± 0.0205,0.546943 ± 0.0158
A3_isotropic_hilbert,C1_monotone_half,D1,E0,269.0,6694.38 ± 1.74e+03,5.11395e-05 ± 6.83e-05,0.743587 ± 0.0243,1.41242 ± 0.113
A3_isotropic_hilbert,C1_monotone_half,D1,E0,403.0,9103.18 ± 5.03e+03,9.93747e-06 ± 6.04e-06,0.704839 ± 0.0149,1.24618 ± 0.0874
A3_isotropic_hilbert,C1_monotone_half,D1,E1,269.0,220095 ± 1.9e+05,0.000220948 ± 0.000105,0.726022 ± 0.0588,3.34306 ± 0.418
A3_isotropic_hilbert,C1_monotone_half,D1,E1,403.0,275493 ± 8.3e+04,9.98527e-05 ± 6.85e-05,0.687159 ± 0.0675,3.11647 ± 0.44
A3_isotropic_hilbert,C1_monotone_half,D1,E2,269.0,1.66859e+06 ± 1.64e+06,0.000577022 ± 0.000532,0.719331 ± 0.0987,5.87505 ± 1.1
A3_isotropic_hilbert,C1_monotone_half,D1,E2,403.0,2.44976e+06 ± 1.36e+06,0.000233943 ± 0.0002,0.701799 ± 0.133,5.36451 ± 0.976
A3_isotropic_hilbert,C1_monotone_half,D1,E5,269.0,251.281 ± 87.4,2.13669e-06 ± 4.81e-07,0.767472 ± 0.0361,0.424492 ± 0.0245
A3_isotropic_hilbert,C1_monotone_half,D1,E5,403.0,322.238 ± 229,4.77403e-07 ± 2.95e-07,0.773449 ± 0.0404,0.346909 ± 0.0248
A3_isotropic_hilbert,C1_monotone_half,D1,E6,269.0,538.608 ± 204,4.68635e-06 ± 1.7e-06,0.72881 ± 0.0295,0.61274 ± 0.0407
A3_isotropic_hilbert,C1_monotone_half,D1,E6,403.0,715.986 ± 498,1.94899e-06 ± 5.32e-07,0.734739 ± 0.024,0.507183 ± 0.0343
A3_isotropic_hilbert,C1_monotone_half,D1,E7,269.0,535.889 ± 94.3,1.21108e-05 ± 7.75e-06,0.760316 ± 0.0322,0.658676 ± 0.0388
A3_isotropic_hilbert,C1_monotone_half,D1,E7,403.0,669.934 ± 120,1.85279e-06 ± 8.98e-07,0.741315 ± 0.0223,0.565017 ± 0.0313
A3_isotropic_hilbert,C1_monotone_half,D1,E8,269.0,9427.96 ± 3.32e+03,1.3541e-05 ± 1.89e-05,0.766171 ± 0.0374,1.31527 ± 0.138
A3_isotropic_hilbert,C1_monotone_half,D1,E8,403.0,11864.9 ± 7.41e+03,5.48661e-06 ± 7.68e-06,0.714206 ± 0.0309,1.20099 ± 0.131
A3_isotropic_hilbert,C1_monotone_half,D2,E0,294.0,6848.28 ± 3.18e+03,1.69106e-05 ± 1.23e-05,0.714201 ± 0.0198,1.91146 ± 0.0517
A3_isotropic_hilbert,C1_monotone_half,D2,E0,442.0,6719.72 ± 4.25e+03,1.77761e-05 ± 1.88e-05,0.702206 ± 0.0135,1.67107 ± 0.0624
A3_isotropic_hilbert,C1_monotone_half,D2,E1,294.0,197739 ± 7.74e+04,0.000225973 ± 0.000285,0.702466 ± 0.0974,5.01101 ± 0.502
A3_isotropic_hilbert,C1_monotone_half,D2,E1,442.0,222634 ± 8.11e+04,8.21889e-05 ± 8.7e-05,0.677602 ± 0.0417,4.56823 ± 0.319
A3_isotropic_hilbert,C1_monotone_half,D2,E2,294.0,1.48379e+06 ± 6.9e+05,0.000402781 ± 0.000596,0.714286 ± 0.14,8.68111 ± 1.62
A3_isotropic_hilbert,C1_monotone_half,D2,E2,442.0,1.74836e+06 ± 7.64e+05,0.000108842 ± 0.000101,0.686708 ± 0.1,8.12552 ± 0.874
A3_isotropic_hilbert,C1_monotone_half,D2,E5,294.0,368.267 ± 240,2.28493e-06 ± 6.38e-07,0.755782 ± 0.0201,0.549451 ± 0.014
A3_isotropic_hilbert,C1_monotone_half,D2,E5,442.0,252.241 ± 158,5.04831e-07 ± 2.77e-07,0.7556 ± 0.0208,0.45792 ± 0.0152
A3_isotropic_hilbert,C1_monotone_half,D2,E6,294.0,767.594 ± 539,5.22964e-06 ± 2.35e-06,0.713776 ± 0.0134,0.769156 ± 0.023
A3_isotropic_hilbert,C1_monotone_half,D2,E6,442.0,530.739 ± 353,1.68174e-06 ± 3.68e-07,0.722059 ± 0.0259,0.640847 ± 0.0259
A3_isotropic_hilbert,C1_monotone_half,D2,E7,294.0,647.145 ± 166,1.36484e-05 ± 8.07e-06,0.726956 ± 0.0115,0.857897 ± 0.0422
A3_isotropic_hilbert,C1_monotone_half,D2,E7,442.0,643.624 ± 147,1.24587e-06 ± 3.46e-07,0.717195 ± 0.0241,0.729649 ± 0.037
A3_isotropic_hilbert,C1_monotone_half,D2,E8,294.0,12055.7 ± 9.03e+03,1.06838e-05 ± 1.76e-05,0.762585 ± 0.0499,1.84125 ± 0.0917
A3_isotropic_hilbert,C1_monotone_half,D2,E8,442.0,8270.29 ± 6.15e+03,4.44195e-06 ± 4.05e-06,0.728959 ± 0.0321,1.62998 ± 0.0662
A3_isotropic_hilbert,C1_monotone_half,D3,E0,320.0,4978.92 ± 1.45e+03,2.93714e-05 ± 2.37e-05,0.719531 ± 0.0217,2.16311 ± 0.103
A3_isotropic_hilbert,C1_monotone_half,D3,E0,480.0,4662.5 ± 1.96e+03,1.48511e-05 ± 1.55e-05,0.701354 ± 0.0126,1.88013 ± 0.0493
A3_isotropic_hilbert,C1_monotone_half,D3,E1,320.0,160650 ± 6.32e+04,0.000189504 ± 0.000202,0.705781 ± 0.0715,5.7491 ± 0.61
A3_isotropic_hilbert,C1_monotone_half,D3,E1,480.0,228092 ± 8.69e+04,7.81218e-05 ± 9.77e-05,0.670312 ± 0.074,5.25574 ± 0.431
A3_isotropic_hilbert,C1_monotone_half,D3,E2,320.0,1.2547e+06 ± 6.08e+05,0.000405054 ± 0.000539,0.709063 ± 0.107,10.4854 ± 1.45
A3_isotropic_hilbert,C1_monotone_half,D3,E2,480.0,1.7901e+06 ± 7.47e+05,0.000106114 ± 4.48e-05,0.676146 ± 0.138,9.68667 ± 1.09
A3_isotropic_hilbert,C1_monotone_half,D3,E5,320.0,201.017 ± 43.6,2.23129e-06 ± 6.83e-07,0.744453 ± 0.027,0.611852 ± 0.0209
A3_isotropic_hilbert,C1_monotone_half,D3,E5,480.0,173.531 ± 61.2,3.15883e-07 ± 1.24e-07,0.751615 ± 0.0256,0.507104 ± 0.00773
A3_isotropic_hilbert,C1_monotone_half,D3,E6,320.0,425.048 ± 92.7,4.81914e-06 ± 2.83e-06,0.690547 ± 0.0108,0.835475 ± 0.0304
A3_isotropic_hilbert,C1_monotone_half,D3,E6,480.0,356.377 ± 113,1.51018e-06 ± 4.08e-07,0.719688 ± 0.00807,0.70074 ± 0.0133
A3_isotropic_hilbert,C1_monotone_half,D3,E7,320.0,642.201 ± 149,8.50878e-06 ± 2.48e-06,0.716094 ± 0.0121,0.977889 ± 0.0618
A3_isotropic_hilbert,C1_monotone_half,D3,E7,480.0,709.52 ± 254,1.18302e-06 ± 3.19e-07,0.708021 ± 0.00638,0.827613 ± 0.042
A3_isotropic_hilbert,C1_monotone_half,D3,E8,320.0,6301.18 ± 1.83e+03,1.20396e-05 ± 1.63e-05,0.762578 ± 0.0331,2.08372 ± 0.0993
A3_isotropic_hilbert,C1_monotone_half,D3,E8,480.0,5437.33 ± 1.53e+03,3.91999e-06 ± 3.99e-06,0.735469 ± 0.0268,1.84639 ± 0.0876
A3_isotropic_hilbert,C1_monotone_half,D4,E0,320.0,40864.1 ± 7.24e+03,4.26678e-06 ± 5.1e-06,0.80375 ± 0.0219,0.706043 ± 0.023
A3_isotropic_hilbert,C1_monotone_half,D4,E0,480.0,44425.2 ± 8.41e+03,1.72964e-06 ± 2.01e-06,0.750677 ± 0.0198,0.599212 ± 0.0147
A3_isotropic_hilbert,C1_monotone_half,D4,E1,320.0,1.09989e+06 ± 3.11e+05,3.13877e-05 ± 3.48e-05,0.783203 ± 0.0574,1.61856 ± 0.262
A3_isotropic_hilbert,C1_monotone_half,D4,E1,480.0,1.46632e+06 ± 5.36e+05,4.49205e-05 ± 4.63e-05,0.737656 ± 0.0337,1.40689 ± 0.155
A3_isotropic_hilbert,C1_monotone_half,D4,E2,320.0,7.97912e+06 ± 2.73e+06,0.000103269 ± 0.000131,0.763594 ± 0.0873,2.68156 ± 0.736
A3_isotropic_hilbert,C1_monotone_half,D4,E2,480.0,1.06591e+07 ± 4.64e+06,8.27618e-05 ± 8.99e-05,0.736979 ± 0.0911,2.29132 ± 0.508
A3_isotropic_hilbert,C1_monotone_half,D4,E5,320.0,910.38 ± 29.4,8.95035e-08 ± 1.33e-07,0.847734 ± 0.00739,0.195662 ± 0.00195
A3_isotropic_hilbert,C1_monotone_half,D4,E5,480.0,920.765 ± 13.7,3.6719e-08 ± 4.45e-08,0.823906 ± 0.00647,0.157198 ± 0.00183
A3_isotropic_hilbert,C1_monotone_half,D4,E6,320.0,2182.08 ± 6.95,1.62059e-07 ± 2.24e-07,0.826016 ± 0.00558,0.294019 ± 0.00106
A3_isotropic_hilbert,C1_monotone_half,D4,E6,480.0,2366.99 ± 9.05,6.61643e-08 ± 7.47e-08,0.801094 ± 0.00729,0.248403 ± 0.000807
A3_isotropic_hilbert,C1_monotone_half,D4,E7,320.0,4590.04 ± 19.6,9.39806e-08 ± 8.94e-08,0.855078 ± 0.00608,0.358201 ± 0.00171
A3_isotropic_hilbert,C1_monotone_half,D4,E7,480.0,4600.46 ± 21.1,6.19034e-08 ± 6.74e-08,0.811458 ± 0.00418,0.283907 ± 0.00048
A3_isotropic_hilbert,C1_monotone_half,D4,E8,320.0,44575.8 ± 7.13e+03,3.05516e-06 ± 3.63e-06,0.813203 ± 0.0242,0.632599 ± 0.0233
A3_isotropic_hilbert,C1_monotone_half,D4,E8,480.0,48676.4 ± 1.17e+04,2.07347e-06 ± 2.96e-06,0.784271 ± 0.0217,0.542281 ± 0.0207
A3_isotropic_hilbert,C2_occupancy_floor1,D0,E0,256.0,37.5085 ± 38.1,5.4314e-05 ± 3.66e-05,0.780469 ± 0.0168,0.705342 ± 0.0274
A3_isotropic_hilbert,C2_occupancy_floor1,D0,E0,384.0,27.0547 ± 15.7,1.32871e-05 ± 6.46e-06,0.722656 ± 0.0128,0.619624 ± 0.0284
A3_isotropic_hilbert,C2_occupancy_floor1,D0,E1,256.0,1001.49 ± 820,0.000169781 ± 9.12e-05,0.753516 ± 0.0782,1.5155 ± 0.262
A3_isotropic_hilbert,C2_occupancy_floor1,D0,E1,384.0,765.103 ± 435,5.71064e-05 ± 5.07e-05,0.699935 ± 0.0401,1.32908 ± 0.17
A3_isotropic_hilbert,C2_occupancy_floor1,D0,E2,256.0,4679.38 ± 2.13e+03,0.000766456 ± 0.000899,0.728906 ± 0.0783,2.31778 ± 0.751
A3_isotropic_hilbert,C2_occupancy_floor1,D0,E2,384.0,6294.98 ± 4.66e+03,0.000110466 ± 6.18e-05,0.701758 ± 0.11,2.04749 ± 0.598
A3_isotropic_hilbert,C2_occupancy_floor1,D0,E5,256.0,3.33664 ± 0.292,2.27891e-06 ± 2.37e-07,0.826367 ± 0.00526,0.197951 ± 0.00767
A3_isotropic_hilbert,C2_occupancy_floor1,D0,E5,384.0,3.60118 ± 0.327,7.16867e-07 ± 3.48e-07,0.82513 ± 0.00428,0.165221 ± 0.00233
A3_isotropic_hilbert,C2_occupancy_floor1,D0,E6,256.0,2.11419 ± 0,5.17608e-06 ± 5.07e-08,0.822656 ± 0.00189,0.309992 ± 0.000992
A3_isotropic_hilbert,C2_occupancy_floor1,D0,E6,384.0,1.87114 ± 0,1.72987e-06 ± 4.42e-07,0.816927 ± 0.00222,0.262927 ± 0.000657
A3_isotropic_hilbert,C2_occupancy_floor1,D0,E7,256.0,2.86023 ± 0,9.88072e-06 ± 2.55e-08,0.885938 ± 0.000813,0.355293 ± 0.00132
A3_isotropic_hilbert,C2_occupancy_floor1,D0,E7,384.0,2.33411 ± 0,1.78931e-06 ± 5.5e-07,0.873307 ± 0.00132,0.300901 ± 0.000832
A3_isotropic_hilbert,C2_occupancy_floor1,D0,E8,256.0,50.794 ± 38.2,4.68003e-06 ± 1.91e-06,0.776367 ± 0.0151,0.613995 ± 0.0307
A3_isotropic_hilbert,C2_occupancy_floor1,D0,E8,384.0,52.2483 ± 19.1,3.88333e-06 ± 2.83e-06,0.751367 ± 0.0205,0.546943 ± 0.0158
A3_isotropic_hilbert,C2_occupancy_floor1,D1,E0,269.0,6694.38 ± 1.74e+03,5.11395e-05 ± 6.83e-05,0.743587 ± 0.0243,1.41242 ± 0.113
A3_isotropic_hilbert,C2_occupancy_floor1,D1,E0,403.0,9103.18 ± 5.03e+03,9.93747e-06 ± 6.04e-06,0.704839 ± 0.0149,1.24618 ± 0.0874
A3_isotropic_hilbert,C2_occupancy_floor1,D1,E1,269.0,220095 ± 1.9e+05,0.000220948 ± 0.000105,0.726022 ± 0.0588,3.34306 ± 0.418
A3_isotropic_hilbert,C2_occupancy_floor1,D1,E1,403.0,275493 ± 8.3e+04,9.98527e-05 ± 6.85e-05,0.687159 ± 0.0675,3.11647 ± 0.44
A3_isotropic_hilbert,C2_occupancy_floor1,D1,E2,269.0,1.66859e+06 ± 1.64e+06,0.000577022 ± 0.000532,0.719331 ± 0.0987,5.87505 ± 1.1
A3_isotropic_hilbert,C2_occupancy_floor1,D1,E2,403.0,2.44976e+06 ± 1.36e+06,0.000233943 ± 0.0002,0.701799 ± 0.133,5.36451 ± 0.976
A3_isotropic_hilbert,C2_occupancy_floor1,D1,E5,269.0,251.281 ± 87.4,2.13669e-06 ± 4.81e-07,0.767472 ± 0.0361,0.424492 ± 0.0245
A3_isotropic_hilbert,C2_occupancy_floor1,D1,E5,403.0,322.238 ± 229,4.77403e-07 ± 2.95e-07,0.773449 ± 0.0404,0.346909 ± 0.0248
A3_isotropic_hilbert,C2_occupancy_floor1,D1,E6,269.0,538.608 ± 204,4.68635e-06 ± 1.7e-06,0.72881 ± 0.0295,0.61274 ± 0.0407
A3_isotropic_hilbert,C2_occupancy_floor1,D1,E6,403.0,715.986 ± 498,1.94899e-06 ± 5.32e-07,0.734739 ± 0.024,0.507183 ± 0.0343
A3_isotropic_hilbert,C2_occupancy_floor1,D1,E7,269.0,535.889 ± 94.3,1.21108e-05 ± 7.75e-06,0.760316 ± 0.0322,0.658676 ± 0.0388
A3_isotropic_hilbert,C2_occupancy_floor1,D1,E7,403.0,669.934 ± 120,1.85279e-06 ± 8.98e-07,0.741315 ± 0.0223,0.565017 ± 0.0313
A3_isotropic_hilbert,C2_occupancy_floor1,D1,E8,269.0,9427.96 ± 3.32e+03,1.3541e-05 ± 1.89e-05,0.766171 ± 0.0374,1.31527 ± 0.138
A3_isotropic_hilbert,C2_occupancy_floor1,D1,E8,403.0,11864.9 ± 7.41e+03,5.48661e-06 ± 7.68e-06,0.714206 ± 0.0309,1.20099 ± 0.131
A3_isotropic_hilbert,C2_occupancy_floor1,D2,E0,294.0,6848.28 ± 3.18e+03,1.69106e-05 ± 1.23e-05,0.714201 ± 0.0198,1.91146 ± 0.0517
A3_isotropic_hilbert,C2_occupancy_floor1,D2,E0,442.0,6719.72 ± 4.25e+03,1.77761e-05 ± 1.88e-05,0.702206 ± 0.0135,1.67107 ± 0.0624
A3_isotropic_hilbert,C2_occupancy_floor1,D2,E1,294.0,197739 ± 7.74e+04,0.000225973 ± 0.000285,0.702466 ± 0.0974,5.01101 ± 0.502
A3_isotropic_hilbert,C2_occupancy_floor1,D2,E1,442.0,222634 ± 8.11e+04,8.21889e-05 ± 8.7e-05,0.677602 ± 0.0417,4.56823 ± 0.319
A3_isotropic_hilbert,C2_occupancy_floor1,D2,E2,294.0,1.48379e+06 ± 6.9e+05,0.000402781 ± 0.000596,0.714286 ± 0.14,8.68111 ± 1.62
A3_isotropic_hilbert,C2_occupancy_floor1,D2,E2,442.0,1.74836e+06 ± 7.64e+05,0.000108842 ± 0.000101,0.686708 ± 0.1,8.12552 ± 0.874
A3_isotropic_hilbert,C2_occupancy_floor1,D2,E5,294.0,368.267 ± 240,2.28493e-06 ± 6.38e-07,0.755782 ± 0.0201,0.549451 ± 0.014
A3_isotropic_hilbert,C2_occupancy_floor1,D2,E5,442.0,252.241 ± 158,5.04831e-07 ± 2.77e-07,0.7556 ± 0.0208,0.45792 ± 0.0152
A3_isotropic_hilbert,C2_occupancy_floor1,D2,E6,294.0,767.594 ± 539,5.22964e-06 ± 2.35e-06,0.713776 ± 0.0134,0.769156 ± 0.023
A3_isotropic_hilbert,C2_occupancy_floor1,D2,E6,442.0,530.739 ± 353,1.68174e-06 ± 3.68e-07,0.722059 ± 0.0259,0.640847 ± 0.0259
A3_isotropic_hilbert,C2_occupancy_floor1,D2,E7,294.0,647.145 ± 166,1.36484e-05 ± 8.07e-06,0.726956 ± 0.0115,0.857897 ± 0.0422
A3_isotropic_hilbert,C2_occupancy_floor1,D2,E7,442.0,643.624 ± 147,1.24587e-06 ± 3.46e-07,0.717195 ± 0.0241,0.729649 ± 0.037
A3_isotropic_hilbert,C2_occupancy_floor1,D2,E8,294.0,12055.7 ± 9.03e+03,1.06838e-05 ± 1.76e-05,0.762585 ± 0.0499,1.84125 ± 0.0917
A3_isotropic_hilbert,C2_occupancy_floor1,D2,E8,442.0,8270.29 ± 6.15e+03,4.44195e-06 ± 4.05e-06,0.728959 ± 0.0321,1.62998 ± 0.0662
A3_isotropic_hilbert,C2_occupancy_floor1,D3,E0,320.0,4978.92 ± 1.45e+03,2.93714e-05 ± 2.37e-05,0.719531 ± 0.0217,2.16311 ± 0.103
A3_isotropic_hilbert,C2_occupancy_floor1,D3,E0,480.0,4662.5 ± 1.96e+03,1.48511e-05 ± 1.55e-05,0.701354 ± 0.0126,1.88013 ± 0.0493
A3_isotropic_hilbert,C2_occupancy_floor1,D3,E1,320.0,160650 ± 6.32e+04,0.000189504 ± 0.000202,0.705781 ± 0.0715,5.7491 ± 0.61
A3_isotropic_hilbert,C2_occupancy_floor1,D3,E1,480.0,228092 ± 8.69e+04,7.81218e-05 ± 9.77e-05,0.670312 ± 0.074,5.25574 ± 0.431
A3_isotropic_hilbert,C2_occupancy_floor1,D3,E2,320.0,1.2547e+06 ± 6.08e+05,0.000405054 ± 0.000539,0.709063 ± 0.107,10.4854 ± 1.45
A3_isotropic_hilbert,C2_occupancy_floor1,D3,E2,480.0,1.7901e+06 ± 7.47e+05,0.000106114 ± 4.48e-05,0.676146 ± 0.138,9.68667 ± 1.09
A3_isotropic_hilbert,C2_occupancy_floor1,D3,E5,320.0,201.017 ± 43.6,2.23129e-06 ± 6.83e-07,0.744453 ± 0.027,0.611852 ± 0.0209
A3_isotropic_hilbert,C2_occupancy_floor1,D3,E5,480.0,173.531 ± 61.2,3.15883e-07 ± 1.24e-07,0.751615 ± 0.0256,0.507104 ± 0.00773
A3_isotropic_hilbert,C2_occupancy_floor1,D3,E6,320.0,425.048 ± 92.7,4.81914e-06 ± 2.83e-06,0.690547 ± 0.0108,0.835475 ± 0.0304
A3_isotropic_hilbert,C2_occupancy_floor1,D3,E6,480.0,356.377 ± 113,1.51018e-06 ± 4.08e-07,0.719688 ± 0.00807,0.70074 ± 0.0133
A3_isotropic_hilbert,C2_occupancy_floor1,D3,E7,320.0,642.201 ± 149,8.50878e-06 ± 2.48e-06,0.716094 ± 0.0121,0.977889 ± 0.0618
A3_isotropic_hilbert,C2_occupancy_floor1,D3,E7,480.0,709.52 ± 254,1.18302e-06 ± 3.19e-07,0.708021 ± 0.00638,0.827613 ± 0.042
A3_isotropic_hilbert,C2_occupancy_floor1,D3,E8,320.0,6301.18 ± 1.83e+03,1.20396e-05 ± 1.63e-05,0.762578 ± 0.0331,2.08372 ± 0.0993
A3_isotropic_hilbert,C2_occupancy_floor1,D3,E8,480.0,5437.33 ± 1.53e+03,3.91999e-06 ± 3.99e-06,0.735469 ± 0.0268,1.84639 ± 0.0876
A3_isotropic_hilbert,C2_occupancy_floor1,D4,E0,320.0,40864.1 ± 7.24e+03,4.26678e-06 ± 5.1e-06,0.80375 ± 0.0219,0.706043 ± 0.023
A3_isotropic_hilbert,C2_occupancy_floor1,D4,E0,480.0,44425.2 ± 8.41e+03,1.72964e-06 ± 2.01e-06,0.750677 ± 0.0198,0.599212 ± 0.0147
A3_isotropic_hilbert,C2_occupancy_floor1,D4,E1,320.0,1.09989e+06 ± 3.11e+05,3.13877e-05 ± 3.48e-05,0.783203 ± 0.0574,1.61856 ± 0.262
A3_isotropic_hilbert,C2_occupancy_floor1,D4,E1,480.0,1.46632e+06 ± 5.36e+05,4.49205e-05 ± 4.63e-05,0.737656 ± 0.0337,1.40689 ± 0.155
A3_isotropic_hilbert,C2_occupancy_floor1,D4,E2,320.0,7.97912e+06 ± 2.73e+06,0.000103269 ± 0.000131,0.763594 ± 0.0873,2.68156 ± 0.736
A3_isotropic_hilbert,C2_occupancy_floor1,D4,E2,480.0,1.06591e+07 ± 4.64e+06,8.27618e-05 ± 8.99e-05,0.736979 ± 0.0911,2.29132 ± 0.508
A3_isotropic_hilbert,C2_occupancy_floor1,D4,E5,320.0,910.38 ± 29.4,8.95035e-08 ± 1.33e-07,0.847734 ± 0.00739,0.195662 ± 0.00195
A3_isotropic_hilbert,C2_occupancy_floor1,D4,E5,480.0,920.765 ± 13.7,3.6719e-08 ± 4.45e-08,0.823906 ± 0.00647,0.157198 ± 0.00183
A3_isotropic_hilbert,C2_occupancy_floor1,D4,E6,320.0,2182.08 ± 6.95,1.62059e-07 ± 2.24e-07,0.826016 ± 0.00558,0.294019 ± 0.00106
A3_isotropic_hilbert,C2_occupancy_floor1,D4,E6,480.0,2366.99 ± 9.05,6.61643e-08 ± 7.47e-08,0.801094 ± 0.00729,0.248403 ± 0.000807
A3_isotropic_hilbert,C2_occupancy_floor1,D4,E7,320.0,4590.04 ± 19.6,9.39806e-08 ± 8.94e-08,0.855078 ± 0.00608,0.358201 ± 0.00171
A3_isotropic_hilbert,C2_occupancy_floor1,D4,E7,480.0,4600.46 ± 21.1,6.19034e-08 ± 6.74e-08,0.811458 ± 0.00418,0.283907 ± 0.00048
A3_isotropic_hilbert,C2_occupancy_floor1,D4,E8,320.0,44575.8 ± 7.13e+03,3.05516e-06 ± 3.63e-06,0.813203 ± 0.0242,0.632599 ± 0.0233
A3_isotropic_hilbert,C2_occupancy_floor1,D4,E8,480.0,48676.4 ± 1.17e+04,2.07347e-06 ± 2.96e-06,0.784271 ± 0.0217,0.542281 ± 0.0207
A3_isotropic_hilbert,C3_frame_core_occupancy,D0,E0,256.0,37.5085 ± 38.1,5.4314e-05 ± 3.66e-05,0.780469 ± 0.0168,0.705342 ± 0.0274
A3_isotropic_hilbert,C3_frame_core_occupancy,D0,E0,384.0,27.0547 ± 15.7,1.32871e-05 ± 6.46e-06,0.722656 ± 0.0128,0.619624 ± 0.0284
A3_isotropic_hilbert,C3_frame_core_occupancy,D0,E1,256.0,1001.49 ± 820,0.000169781 ± 9.12e-05,0.753516 ± 0.0782,1.5155 ± 0.262
A3_isotropic_hilbert,C3_frame_core_occupancy,D0,E1,384.0,765.103 ± 435,5.71064e-05 ± 5.07e-05,0.699935 ± 0.0401,1.32908 ± 0.17
A3_isotropic_hilbert,C3_frame_core_occupancy,D0,E2,256.0,4679.38 ± 2.13e+03,0.000766456 ± 0.000899,0.728906 ± 0.0783,2.31778 ± 0.751
A3_isotropic_hilbert,C3_frame_core_occupancy,D0,E2,384.0,6294.98 ± 4.66e+03,0.000110466 ± 6.18e-05,0.701758 ± 0.11,2.04749 ± 0.598
A3_isotropic_hilbert,C3_frame_core_occupancy,D0,E5,256.0,3.33664 ± 0.292,2.27891e-06 ± 2.37e-07,0.826367 ± 0.00526,0.197951 ± 0.00767
A3_isotropic_hilbert,C3_frame_core_occupancy,D0,E5,384.0,3.60118 ± 0.327,7.16867e-07 ± 3.48e-07,0.82513 ± 0.00428,0.165221 ± 0.00233
A3_isotropic_hilbert,C3_frame_core_occupancy,D0,E6,256.0,2.11419 ± 0,5.17608e-06 ± 5.07e-08,0.822656 ± 0.00189,0.309992 ± 0.000992
A3_isotropic_hilbert,C3_frame_core_occupancy,D0,E6,384.0,1.87114 ± 0,1.72987e-06 ± 4.42e-07,0.816927 ± 0.00222,0.262927 ± 0.000657
A3_isotropic_hilbert,C3_frame_core_occupancy,D0,E7,256.0,2.86023 ± 0,9.88072e-06 ± 2.55e-08,0.885938 ± 0.000813,0.355293 ± 0.00132
A3_isotropic_hilbert,C3_frame_core_occupancy,D0,E7,384.0,2.33411 ± 0,1.78931e-06 ± 5.5e-07,0.873307 ± 0.00132,0.300901 ± 0.000832
A3_isotropic_hilbert,C3_frame_core_occupancy,D0,E8,256.0,50.794 ± 38.2,4.68003e-06 ± 1.91e-06,0.776367 ± 0.0151,0.613995 ± 0.0307
A3_isotropic_hilbert,C3_frame_core_occupancy,D0,E8,384.0,52.2483 ± 19.1,3.88333e-06 ± 2.83e-06,0.751367 ± 0.0205,0.546943 ± 0.0158
A3_isotropic_hilbert,C3_frame_core_occupancy,D1,E0,269.0,6694.38 ± 1.74e+03,5.11395e-05 ± 6.83e-05,0.743587 ± 0.0243,1.41242 ± 0.113
A3_isotropic_hilbert,C3_frame_core_occupancy,D1,E0,403.0,9103.18 ± 5.03e+03,9.93747e-06 ± 6.04e-06,0.704839 ± 0.0149,1.24618 ± 0.0874
A3_isotropic_hilbert,C3_frame_core_occupancy,D1,E1,269.0,220095 ± 1.9e+05,0.000220948 ± 0.000105,0.726022 ± 0.0588,3.34306 ± 0.418
A3_isotropic_hilbert,C3_frame_core_occupancy,D1,E1,403.0,275493 ± 8.3e+04,9.98527e-05 ± 6.85e-05,0.687159 ± 0.0675,3.11647 ± 0.44
A3_isotropic_hilbert,C3_frame_core_occupancy,D1,E2,269.0,1.66859e+06 ± 1.64e+06,0.000577022 ± 0.000532,0.719331 ± 0.0987,5.87505 ± 1.1
A3_isotropic_hilbert,C3_frame_core_occupancy,D1,E2,403.0,2.44976e+06 ± 1.36e+06,0.000233943 ± 0.0002,0.701799 ± 0.133,5.36451 ± 0.976
A3_isotropic_hilbert,C3_frame_core_occupancy,D1,E5,269.0,251.281 ± 87.4,2.13669e-06 ± 4.81e-07,0.767472 ± 0.0361,0.424492 ± 0.0245
A3_isotropic_hilbert,C3_frame_core_occupancy,D1,E5,403.0,322.238 ± 229,4.77403e-07 ± 2.95e-07,0.773449 ± 0.0404,0.346909 ± 0.0248
A3_isotropic_hilbert,C3_frame_core_occupancy,D1,E6,269.0,538.608 ± 204,4.68635e-06 ± 1.7e-06,0.72881 ± 0.0295,0.61274 ± 0.0407
A3_isotropic_hilbert,C3_frame_core_occupancy,D1,E6,403.0,715.986 ± 498,1.94899e-06 ± 5.32e-07,0.734739 ± 0.024,0.507183 ± 0.0343
A3_isotropic_hilbert,C3_frame_core_occupancy,D1,E7,269.0,535.889 ± 94.3,1.21108e-05 ± 7.75e-06,0.760316 ± 0.0322,0.658676 ± 0.0388
A3_isotropic_hilbert,C3_frame_core_occupancy,D1,E7,403.0,669.934 ± 120,1.85279e-06 ± 8.98e-07,0.741315 ± 0.0223,0.565017 ± 0.0313
A3_isotropic_hilbert,C3_frame_core_occupancy,D1,E8,269.0,9427.96 ± 3.32e+03,1.3541e-05 ± 1.89e-05,0.766171 ± 0.0374,1.31527 ± 0.138
A3_isotropic_hilbert,C3_frame_core_occupancy,D1,E8,403.0,11864.9 ± 7.41e+03,5.48661e-06 ± 7.68e-06,0.714206 ± 0.0309,1.20099 ± 0.131
A3_isotropic_hilbert,C3_frame_core_occupancy,D2,E0,294.0,6848.28 ± 3.18e+03,1.69106e-05 ± 1.23e-05,0.714201 ± 0.0198,1.91146 ± 0.0517
A3_isotropic_hilbert,C3_frame_core_occupancy,D2,E0,442.0,6719.72 ± 4.25e+03,1.77761e-05 ± 1.88e-05,0.702206 ± 0.0135,1.67107 ± 0.0624
A3_isotropic_hilbert,C3_frame_core_occupancy,D2,E1,294.0,197739 ± 7.74e+04,0.000225973 ± 0.000285,0.702466 ± 0.0974,5.01101 ± 0.502
A3_isotropic_hilbert,C3_frame_core_occupancy,D2,E1,442.0,222634 ± 8.11e+04,8.21889e-05 ± 8.7e-05,0.677602 ± 0.0417,4.56823 ± 0.319
A3_isotropic_hilbert,C3_frame_core_occupancy,D2,E2,294.0,1.48379e+06 ± 6.9e+05,0.000402781 ± 0.000596,0.714286 ± 0.14,8.68111 ± 1.62
A3_isotropic_hilbert,C3_frame_core_occupancy,D2,E2,442.0,1.74836e+06 ± 7.64e+05,0.000108842 ± 0.000101,0.686708 ± 0.1,8.12552 ± 0.874
A3_isotropic_hilbert,C3_frame_core_occupancy,D2,E5,294.0,368.267 ± 240,2.28493e-06 ± 6.38e-07,0.755782 ± 0.0201,0.549451 ± 0.014
A3_isotropic_hilbert,C3_frame_core_occupancy,D2,E5,442.0,252.241 ± 158,5.04831e-07 ± 2.77e-07,0.7556 ± 0.0208,0.45792 ± 0.0152
A3_isotropic_hilbert,C3_frame_core_occupancy,D2,E6,294.0,767.594 ± 539,5.22964e-06 ± 2.35e-06,0.713776 ± 0.0134,0.769156 ± 0.023
A3_isotropic_hilbert,C3_frame_core_occupancy,D2,E6,442.0,530.739 ± 353,1.68174e-06 ± 3.68e-07,0.722059 ± 0.0259,0.640847 ± 0.0259
A3_isotropic_hilbert,C3_frame_core_occupancy,D2,E7,294.0,647.145 ± 166,1.36484e-05 ± 8.07e-06,0.726956 ± 0.0115,0.857897 ± 0.0422
A3_isotropic_hilbert,C3_frame_core_occupancy,D2,E7,442.0,643.624 ± 147,1.24587e-06 ± 3.46e-07,0.717195 ± 0.0241,0.729649 ± 0.037
A3_isotropic_hilbert,C3_frame_core_occupancy,D2,E8,294.0,12055.7 ± 9.03e+03,1.06838e-05 ± 1.76e-05,0.762585 ± 0.0499,1.84125 ± 0.0917
A3_isotropic_hilbert,C3_frame_core_occupancy,D2,E8,442.0,8270.29 ± 6.15e+03,4.44195e-06 ± 4.05e-06,0.728959 ± 0.0321,1.62998 ± 0.0662
A3_isotropic_hilbert,C3_frame_core_occupancy,D3,E0,320.0,4978.92 ± 1.45e+03,2.93714e-05 ± 2.37e-05,0.719531 ± 0.0217,2.16311 ± 0.103
A3_isotropic_hilbert,C3_frame_core_occupancy,D3,E0,480.0,4662.5 ± 1.96e+03,1.48511e-05 ± 1.55e-05,0.701354 ± 0.0126,1.88013 ± 0.0493
A3_isotropic_hilbert,C3_frame_core_occupancy,D3,E1,320.0,160650 ± 6.32e+04,0.000189504 ± 0.000202,0.705781 ± 0.0715,5.7491 ± 0.61
A3_isotropic_hilbert,C3_frame_core_occupancy,D3,E1,480.0,228092 ± 8.69e+04,7.81218e-05 ± 9.77e-05,0.670312 ± 0.074,5.25574 ± 0.431
A3_isotropic_hilbert,C3_frame_core_occupancy,D3,E2,320.0,1.2547e+06 ± 6.08e+05,0.000405054 ± 0.000539,0.709063 ± 0.107,10.4854 ± 1.45
A3_isotropic_hilbert,C3_frame_core_occupancy,D3,E2,480.0,1.7901e+06 ± 7.47e+05,0.000106114 ± 4.48e-05,0.676146 ± 0.138,9.68667 ± 1.09
A3_isotropic_hilbert,C3_frame_core_occupancy,D3,E5,320.0,201.017 ± 43.6,2.23129e-06 ± 6.83e-07,0.744453 ± 0.027,0.611852 ± 0.0209
A3_isotropic_hilbert,C3_frame_core_occupancy,D3,E5,480.0,173.531 ± 61.2,3.15883e-07 ± 1.24e-07,0.751615 ± 0.0256,0.507104 ± 0.00773
A3_isotropic_hilbert,C3_frame_core_occupancy,D3,E6,320.0,425.048 ± 92.7,4.81914e-06 ± 2.83e-06,0.690547 ± 0.0108,0.835475 ± 0.0304
A3_isotropic_hilbert,C3_frame_core_occupancy,D3,E6,480.0,356.377 ± 113,1.51018e-06 ± 4.08e-07,0.719688 ± 0.00807,0.70074 ± 0.0133
A3_isotropic_hilbert,C3_frame_core_occupancy,D3,E7,320.0,642.201 ± 149,8.50878e-06 ± 2.48e-06,0.716094 ± 0.0121,0.977889 ± 0.0618
A3_isotropic_hilbert,C3_frame_core_occupancy,D3,E7,480.0,709.52 ± 254,1.18302e-06 ± 3.19e-07,0.708021 ± 0.00638,0.827613 ± 0.042
A3_isotropic_hilbert,C3_frame_core_occupancy,D3,E8,320.0,6301.18 ± 1.83e+03,1.20396e-05 ± 1.63e-05,0.762578 ± 0.0331,2.08372 ± 0.0993
A3_isotropic_hilbert,C3_frame_core_occupancy,D3,E8,480.0,5437.33 ± 1.53e+03,3.91999e-06 ± 3.99e-06,0.735469 ± 0.0268,1.84639 ± 0.0876
A3_isotropic_hilbert,C3_frame_core_occupancy,D4,E0,320.0,40864.1 ± 7.24e+03,4.26678e-06 ± 5.1e-06,0.80375 ± 0.0219,0.706043 ± 0.023
A3_isotropic_hilbert,C3_frame_core_occupancy,D4,E0,480.0,44425.2 ± 8.41e+03,1.72964e-06 ± 2.01e-06,0.750677 ± 0.0198,0.599212 ± 0.0147
A3_isotropic_hilbert,C3_frame_core_occupancy,D4,E1,320.0,1.09989e+06 ± 3.11e+05,3.13877e-05 ± 3.48e-05,0.783203 ± 0.0574,1.61856 ± 0.262
A3_isotropic_hilbert,C3_frame_core_occupancy,D4,E1,480.0,1.46632e+06 ± 5.36e+05,4.49205e-05 ± 4.63e-05,0.737656 ± 0.0337,1.40689 ± 0.155
A3_isotropic_hilbert,C3_frame_core_occupancy,D4,E2,320.0,7.97912e+06 ± 2.73e+06,0.000103269 ± 0.000131,0.763594 ± 0.0873,2.68156 ± 0.736
A3_isotropic_hilbert,C3_frame_core_occupancy,D4,E2,480.0,1.06591e+07 ± 4.64e+06,8.27618e-05 ± 8.99e-05,0.736979 ± 0.0911,2.29132 ± 0.508
A3_isotropic_hilbert,C3_frame_core_occupancy,D4,E5,320.0,910.38 ± 29.4,8.95035e-08 ± 1.33e-07,0.847734 ± 0.00739,0.195662 ± 0.00195
A3_isotropic_hilbert,C3_frame_core_occupancy,D4,E5,480.0,920.765 ± 13.7,3.6719e-08 ± 4.45e-08,0.823906 ± 0.00647,0.157198 ± 0.00183
A3_isotropic_hilbert,C3_frame_core_occupancy,D4,E6,320.0,2182.08 ± 6.95,1.62059e-07 ± 2.24e-07,0.826016 ± 0.00558,0.294019 ± 0.00106
A3_isotropic_hilbert,C3_frame_core_occupancy,D4,E6,480.0,2366.99 ± 9.05,6.61643e-08 ± 7.47e-08,0.801094 ± 0.00729,0.248403 ± 0.000807
A3_isotropic_hilbert,C3_frame_core_occupancy,D4,E7,320.0,4590.04 ± 19.6,9.39806e-08 ± 8.94e-08,0.855078 ± 0.00608,0.358201 ± 0.00171
A3_isotropic_hilbert,C3_frame_core_occupancy,D4,E7,480.0,4600.46 ± 21.1,6.19034e-08 ± 6.74e-08,0.811458 ± 0.00418,0.283907 ± 0.00048
A3_isotropic_hilbert,C3_frame_core_occupancy,D4,E8,320.0,44575.8 ± 7.13e+03,3.05516e-06 ± 3.63e-06,0.813203 ± 0.0242,0.632599 ± 0.0233
A3_isotropic_hilbert,C3_frame_core_occupancy,D4,E8,480.0,48676.4 ± 1.17e+04,2.07347e-06 ± 2.96e-06,0.784271 ± 0.0217,0.542281 ± 0.0207
A3_isotropic_hilbert,C4_hybrid,D0,E0,256.0,37.5085 ± 38.1,5.4314e-05 ± 3.66e-05,0.780469 ± 0.0168,0.705342 ± 0.0274
A3_isotropic_hilbert,C4_hybrid,D0,E0,384.0,27.0547 ± 15.7,1.32871e-05 ± 6.46e-06,0.722656 ± 0.0128,0.619624 ± 0.0284
A3_isotropic_hilbert,C4_hybrid,D0,E1,256.0,1001.49 ± 820,0.000169781 ± 9.12e-05,0.753516 ± 0.0782,1.5155 ± 0.262
A3_isotropic_hilbert,C4_hybrid,D0,E1,384.0,765.103 ± 435,5.71064e-05 ± 5.07e-05,0.699935 ± 0.0401,1.32908 ± 0.17
A3_isotropic_hilbert,C4_hybrid,D0,E2,256.0,4679.38 ± 2.13e+03,0.000766456 ± 0.000899,0.728906 ± 0.0783,2.31778 ± 0.751
A3_isotropic_hilbert,C4_hybrid,D0,E2,384.0,6294.98 ± 4.66e+03,0.000110466 ± 6.18e-05,0.701758 ± 0.11,2.04749 ± 0.598
A3_isotropic_hilbert,C4_hybrid,D0,E5,256.0,3.33664 ± 0.292,2.27891e-06 ± 2.37e-07,0.826367 ± 0.00526,0.197951 ± 0.00767
A3_isotropic_hilbert,C4_hybrid,D0,E5,384.0,3.60118 ± 0.327,7.16867e-07 ± 3.48e-07,0.82513 ± 0.00428,0.165221 ± 0.00233
A3_isotropic_hilbert,C4_hybrid,D0,E6,256.0,2.11419 ± 0,5.17608e-06 ± 5.07e-08,0.822656 ± 0.00189,0.309992 ± 0.000992
A3_isotropic_hilbert,C4_hybrid,D0,E6,384.0,1.87114 ± 0,1.72987e-06 ± 4.42e-07,0.816927 ± 0.00222,0.262927 ± 0.000657
A3_isotropic_hilbert,C4_hybrid,D0,E7,256.0,2.86023 ± 0,9.88072e-06 ± 2.55e-08,0.885938 ± 0.000813,0.355293 ± 0.00132
A3_isotropic_hilbert,C4_hybrid,D0,E7,384.0,2.33411 ± 0,1.78931e-06 ± 5.5e-07,0.873307 ± 0.00132,0.300901 ± 0.000832
A3_isotropic_hilbert,C4_hybrid,D0,E8,256.0,50.794 ± 38.2,4.68003e-06 ± 1.91e-06,0.776367 ± 0.0151,0.613995 ± 0.0307
A3_isotropic_hilbert,C4_hybrid,D0,E8,384.0,52.2483 ± 19.1,3.88333e-06 ± 2.83e-06,0.751367 ± 0.0205,0.546943 ± 0.0158
A3_isotropic_hilbert,C4_hybrid,D1,E0,269.0,6694.38 ± 1.74e+03,5.11395e-05 ± 6.83e-05,0.743587 ± 0.0243,1.41242 ± 0.113
A3_isotropic_hilbert,C4_hybrid,D1,E0,403.0,9103.18 ± 5.03e+03,9.93747e-06 ± 6.04e-06,0.704839 ± 0.0149,1.24618 ± 0.0874
A3_isotropic_hilbert,C4_hybrid,D1,E1,269.0,220095 ± 1.9e+05,0.000220948 ± 0.000105,0.726022 ± 0.0588,3.34306 ± 0.418
A3_isotropic_hilbert,C4_hybrid,D1,E1,403.0,275493 ± 8.3e+04,9.98527e-05 ± 6.85e-05,0.687159 ± 0.0675,3.11647 ± 0.44
A3_isotropic_hilbert,C4_hybrid,D1,E2,269.0,1.66859e+06 ± 1.64e+06,0.000577022 ± 0.000532,0.719331 ± 0.0987,5.87505 ± 1.1
A3_isotropic_hilbert,C4_hybrid,D1,E2,403.0,2.44976e+06 ± 1.36e+06,0.000233943 ± 0.0002,0.701799 ± 0.133,5.36451 ± 0.976
A3_isotropic_hilbert,C4_hybrid,D1,E5,269.0,251.281 ± 87.4,2.13669e-06 ± 4.81e-07,0.767472 ± 0.0361,0.424492 ± 0.0245
A3_isotropic_hilbert,C4_hybrid,D1,E5,403.0,322.238 ± 229,4.77403e-07 ± 2.95e-07,0.773449 ± 0.0404,0.346909 ± 0.0248
A3_isotropic_hilbert,C4_hybrid,D1,E6,269.0,538.608 ± 204,4.68635e-06 ± 1.7e-06,0.72881 ± 0.0295,0.61274 ± 0.0407
A3_isotropic_hilbert,C4_hybrid,D1,E6,403.0,715.986 ± 498,1.94899e-06 ± 5.32e-07,0.734739 ± 0.024,0.507183 ± 0.0343
A3_isotropic_hilbert,C4_hybrid,D1,E7,269.0,535.889 ± 94.3,1.21108e-05 ± 7.75e-06,0.760316 ± 0.0322,0.658676 ± 0.0388
A3_isotropic_hilbert,C4_hybrid,D1,E7,403.0,669.934 ± 120,1.85279e-06 ± 8.98e-07,0.741315 ± 0.0223,0.565017 ± 0.0313
A3_isotropic_hilbert,C4_hybrid,D1,E8,269.0,9427.96 ± 3.32e+03,1.3541e-05 ± 1.89e-05,0.766171 ± 0.0374,1.31527 ± 0.138
A3_isotropic_hilbert,C4_hybrid,D1,E8,403.0,11864.9 ± 7.41e+03,5.48661e-06 ± 7.68e-06,0.714206 ± 0.0309,1.20099 ± 0.131
A3_isotropic_hilbert,C4_hybrid,D2,E0,294.0,6848.28 ± 3.18e+03,1.69106e-05 ± 1.23e-05,0.714201 ± 0.0198,1.91146 ± 0.0517
A3_isotropic_hilbert,C4_hybrid,D2,E0,442.0,6719.72 ± 4.25e+03,1.77761e-05 ± 1.88e-05,0.702206 ± 0.0135,1.67107 ± 0.0624
A3_isotropic_hilbert,C4_hybrid,D2,E1,294.0,197739 ± 7.74e+04,0.000225973 ± 0.000285,0.702466 ± 0.0974,5.01101 ± 0.502
A3_isotropic_hilbert,C4_hybrid,D2,E1,442.0,222634 ± 8.11e+04,8.21889e-05 ± 8.7e-05,0.677602 ± 0.0417,4.56823 ± 0.319
A3_isotropic_hilbert,C4_hybrid,D2,E2,294.0,1.48379e+06 ± 6.9e+05,0.000402781 ± 0.000596,0.714286 ± 0.14,8.68111 ± 1.62
A3_isotropic_hilbert,C4_hybrid,D2,E2,442.0,1.74836e+06 ± 7.64e+05,0.000108842 ± 0.000101,0.686708 ± 0.1,8.12552 ± 0.874
A3_isotropic_hilbert,C4_hybrid,D2,E5,294.0,368.267 ± 240,2.28493e-06 ± 6.38e-07,0.755782 ± 0.0201,0.549451 ± 0.014
A3_isotropic_hilbert,C4_hybrid,D2,E5,442.0,252.241 ± 158,5.04831e-07 ± 2.77e-07,0.7556 ± 0.0208,0.45792 ± 0.0152
A3_isotropic_hilbert,C4_hybrid,D2,E6,294.0,767.594 ± 539,5.22964e-06 ± 2.35e-06,0.713776 ± 0.0134,0.769156 ± 0.023
A3_isotropic_hilbert,C4_hybrid,D2,E6,442.0,530.739 ± 353,1.68174e-06 ± 3.68e-07,0.722059 ± 0.0259,0.640847 ± 0.0259
A3_isotropic_hilbert,C4_hybrid,D2,E7,294.0,647.145 ± 166,1.36484e-05 ± 8.07e-06,0.726956 ± 0.0115,0.857897 ± 0.0422
A3_isotropic_hilbert,C4_hybrid,D2,E7,442.0,643.624 ± 147,1.24587e-06 ± 3.46e-07,0.717195 ± 0.0241,0.729649 ± 0.037
A3_isotropic_hilbert,C4_hybrid,D2,E8,294.0,12055.7 ± 9.03e+03,1.06838e-05 ± 1.76e-05,0.762585 ± 0.0499,1.84125 ± 0.0917
A3_isotropic_hilbert,C4_hybrid,D2,E8,442.0,8270.29 ± 6.15e+03,4.44195e-06 ± 4.05e-06,0.728959 ± 0.0321,1.62998 ± 0.0662
A3_isotropic_hilbert,C4_hybrid,D3,E0,320.0,4978.92 ± 1.45e+03,2.93714e-05 ± 2.37e-05,0.719531 ± 0.0217,2.16311 ± 0.103
A3_isotropic_hilbert,C4_hybrid,D3,E0,480.0,4662.5 ± 1.96e+03,1.48511e-05 ± 1.55e-05,0.701354 ± 0.0126,1.88013 ± 0.0493
A3_isotropic_hilbert,C4_hybrid,D3,E1,320.0,160650 ± 6.32e+04,0.000189504 ± 0.000202,0.705781 ± 0.0715,5.7491 ± 0.61
A3_isotropic_hilbert,C4_hybrid,D3,E1,480.0,228092 ± 8.69e+04,7.81218e-05 ± 9.77e-05,0.670312 ± 0.074,5.25574 ± 0.431
A3_isotropic_hilbert,C4_hybrid,D3,E2,320.0,1.2547e+06 ± 6.08e+05,0.000405054 ± 0.000539,0.709063 ± 0.107,10.4854 ± 1.45
A3_isotropic_hilbert,C4_hybrid,D3,E2,480.0,1.7901e+06 ± 7.47e+05,0.000106114 ± 4.48e-05,0.676146 ± 0.138,9.68667 ± 1.09
A3_isotropic_hilbert,C4_hybrid,D3,E5,320.0,201.017 ± 43.6,2.23129e-06 ± 6.83e-07,0.744453 ± 0.027,0.611852 ± 0.0209
A3_isotropic_hilbert,C4_hybrid,D3,E5,480.0,173.531 ± 61.2,3.15883e-07 ± 1.24e-07,0.751615 ± 0.0256,0.507104 ± 0.00773
A3_isotropic_hilbert,C4_hybrid,D3,E6,320.0,425.048 ± 92.7,4.81914e-06 ± 2.83e-06,0.690547 ± 0.0108,0.835475 ± 0.0304
A3_isotropic_hilbert,C4_hybrid,D3,E6,480.0,356.377 ± 113,1.51018e-06 ± 4.08e-07,0.719688 ± 0.00807,0.70074 ± 0.0133
A3_isotropic_hilbert,C4_hybrid,D3,E7,320.0,642.201 ± 149,8.50878e-06 ± 2.48e-06,0.716094 ± 0.0121,0.977889 ± 0.0618
A3_isotropic_hilbert,C4_hybrid,D3,E7,480.0,709.52 ± 254,1.18302e-06 ± 3.19e-07,0.708021 ± 0.00638,0.827613 ± 0.042
A3_isotropic_hilbert,C4_hybrid,D3,E8,320.0,6301.18 ± 1.83e+03,1.20396e-05 ± 1.63e-05,0.762578 ± 0.0331,2.08372 ± 0.0993
A3_isotropic_hilbert,C4_hybrid,D3,E8,480.0,5437.33 ± 1.53e+03,3.91999e-06 ± 3.99e-06,0.735469 ± 0.0268,1.84639 ± 0.0876
A3_isotropic_hilbert,C4_hybrid,D4,E0,320.0,40864.1 ± 7.24e+03,4.26678e-06 ± 5.1e-06,0.80375 ± 0.0219,0.706043 ± 0.023
A3_isotropic_hilbert,C4_hybrid,D4,E0,480.0,44425.2 ± 8.41e+03,1.72964e-06 ± 2.01e-06,0.750677 ± 0.0198,0.599212 ± 0.0147
A3_isotropic_hilbert,C4_hybrid,D4,E1,320.0,1.09989e+06 ± 3.11e+05,3.13877e-05 ± 3.48e-05,0.783203 ± 0.0574,1.61856 ± 0.262
A3_isotropic_hilbert,C4_hybrid,D4,E1,480.0,1.46632e+06 ± 5.36e+05,4.49205e-05 ± 4.63e-05,0.737656 ± 0.0337,1.40689 ± 0.155
A3_isotropic_hilbert,C4_hybrid,D4,E2,320.0,7.97912e+06 ± 2.73e+06,0.000103269 ± 0.000131,0.763594 ± 0.0873,2.68156 ± 0.736
A3_isotropic_hilbert,C4_hybrid,D4,E2,480.0,1.06591e+07 ± 4.64e+06,8.27618e-05 ± 8.99e-05,0.736979 ± 0.0911,2.29132 ± 0.508
A3_isotropic_hilbert,C4_hybrid,D4,E5,320.0,910.38 ± 29.4,8.95035e-08 ± 1.33e-07,0.847734 ± 0.00739,0.195662 ± 0.00195
A3_isotropic_hilbert,C4_hybrid,D4,E5,480.0,920.765 ± 13.7,3.6719e-08 ± 4.45e-08,0.823906 ± 0.00647,0.157198 ± 0.00183
A3_isotropic_hilbert,C4_hybrid,D4,E6,320.0,2182.08 ± 6.95,1.62059e-07 ± 2.24e-07,0.826016 ± 0.00558,0.294019 ± 0.00106
A3_isotropic_hilbert,C4_hybrid,D4,E6,480.0,2366.99 ± 9.05,6.61643e-08 ± 7.47e-08,0.801094 ± 0.00729,0.248403 ± 0.000807
A3_isotropic_hilbert,C4_hybrid,D4,E7,320.0,4590.04 ± 19.6,9.39806e-08 ± 8.94e-08,0.855078 ± 0.00608,0.358201 ± 0.00171
A3_isotropic_hilbert,C4_hybrid,D4,E7,480.0,4600.46 ± 21.1,6.19034e-08 ± 6.74e-08,0.811458 ± 0.00418,0.283907 ± 0.00048
A3_isotropic_hilbert,C4_hybrid,D4,E8,320.0,44575.8 ± 7.13e+03,3.05516e-06 ± 3.63e-06,0.813203 ± 0.0242,0.632599 ± 0.0233
A3_isotropic_hilbert,C4_hybrid,D4,E8,480.0,48676.4 ± 1.17e+04,2.07347e-06 ± 2.96e-06,0.784271 ± 0.0217,0.542281 ± 0.0207
A4_compact_hilbert_aabb,C0_uniform,D0,E0,256.0,37.5085 ± 38.1,5.4314e-05 ± 3.66e-05,0.780469 ± 0.0168,0.705342 ± 0.0274
A4_compact_hilbert_aabb,C0_uniform,D0,E0,384.0,27.0547 ± 15.7,1.32871e-05 ± 6.46e-06,0.722656 ± 0.0128,0.619624 ± 0.0284
A4_compact_hilbert_aabb,C0_uniform,D0,E1,256.0,1001.49 ± 820,0.000169781 ± 9.12e-05,0.753516 ± 0.0782,1.5155 ± 0.262
A4_compact_hilbert_aabb,C0_uniform,D0,E1,384.0,765.103 ± 435,5.71064e-05 ± 5.07e-05,0.699935 ± 0.0401,1.32908 ± 0.17
A4_compact_hilbert_aabb,C0_uniform,D0,E2,256.0,4679.38 ± 2.13e+03,0.000766456 ± 0.000899,0.728906 ± 0.0783,2.31778 ± 0.751
A4_compact_hilbert_aabb,C0_uniform,D0,E2,384.0,6294.98 ± 4.66e+03,0.000110466 ± 6.18e-05,0.701758 ± 0.11,2.04749 ± 0.598
A4_compact_hilbert_aabb,C0_uniform,D0,E5,256.0,3.33664 ± 0.292,2.27891e-06 ± 2.37e-07,0.826367 ± 0.00526,0.197951 ± 0.00767
A4_compact_hilbert_aabb,C0_uniform,D0,E5,384.0,3.60118 ± 0.327,7.16867e-07 ± 3.48e-07,0.82513 ± 0.00428,0.165221 ± 0.00233
A4_compact_hilbert_aabb,C0_uniform,D0,E6,256.0,2.11419 ± 0,5.17608e-06 ± 5.07e-08,0.822656 ± 0.00189,0.309992 ± 0.000992
A4_compact_hilbert_aabb,C0_uniform,D0,E6,384.0,1.87114 ± 0,1.72987e-06 ± 4.42e-07,0.816927 ± 0.00222,0.262927 ± 0.000657
A4_compact_hilbert_aabb,C0_uniform,D0,E7,256.0,2.86023 ± 0,9.88072e-06 ± 2.55e-08,0.885938 ± 0.000813,0.355293 ± 0.00132
A4_compact_hilbert_aabb,C0_uniform,D0,E7,384.0,2.33411 ± 0,1.78931e-06 ± 5.5e-07,0.873307 ± 0.00132,0.300901 ± 0.000832
A4_compact_hilbert_aabb,C0_uniform,D0,E8,256.0,50.794 ± 38.2,4.68003e-06 ± 1.91e-06,0.776367 ± 0.0151,0.613995 ± 0.0307
A4_compact_hilbert_aabb,C0_uniform,D0,E8,384.0,52.2483 ± 19.1,3.88333e-06 ± 2.83e-06,0.751367 ± 0.0205,0.546943 ± 0.0158
A4_compact_hilbert_aabb,C0_uniform,D1,E0,269.0,6694.38 ± 1.74e+03,5.11395e-05 ± 6.83e-05,0.743587 ± 0.0243,1.41242 ± 0.113
A4_compact_hilbert_aabb,C0_uniform,D1,E0,403.0,9103.18 ± 5.03e+03,9.93747e-06 ± 6.04e-06,0.704839 ± 0.0149,1.24618 ± 0.0874
A4_compact_hilbert_aabb,C0_uniform,D1,E1,269.0,220095 ± 1.9e+05,0.000220948 ± 0.000105,0.726022 ± 0.0588,3.34306 ± 0.418
A4_compact_hilbert_aabb,C0_uniform,D1,E1,403.0,275493 ± 8.3e+04,9.98527e-05 ± 6.85e-05,0.687159 ± 0.0675,3.11647 ± 0.44
A4_compact_hilbert_aabb,C0_uniform,D1,E2,269.0,1.66859e+06 ± 1.64e+06,0.000577022 ± 0.000532,0.719331 ± 0.0987,5.87505 ± 1.1
A4_compact_hilbert_aabb,C0_uniform,D1,E2,403.0,2.44976e+06 ± 1.36e+06,0.000233943 ± 0.0002,0.701799 ± 0.133,5.36451 ± 0.976
A4_compact_hilbert_aabb,C0_uniform,D1,E5,269.0,251.281 ± 87.4,2.13669e-06 ± 4.81e-07,0.767472 ± 0.0361,0.424492 ± 0.0245
A4_compact_hilbert_aabb,C0_uniform,D1,E5,403.0,322.238 ± 229,4.77403e-07 ± 2.95e-07,0.773449 ± 0.0404,0.346909 ± 0.0248
A4_compact_hilbert_aabb,C0_uniform,D1,E6,269.0,538.608 ± 204,4.68635e-06 ± 1.7e-06,0.72881 ± 0.0295,0.61274 ± 0.0407
A4_compact_hilbert_aabb,C0_uniform,D1,E6,403.0,715.986 ± 498,1.94899e-06 ± 5.32e-07,0.734739 ± 0.024,0.507183 ± 0.0343
A4_compact_hilbert_aabb,C0_uniform,D1,E7,269.0,535.889 ± 94.3,1.21108e-05 ± 7.75e-06,0.760316 ± 0.0322,0.658676 ± 0.0388
A4_compact_hilbert_aabb,C0_uniform,D1,E7,403.0,669.934 ± 120,1.85279e-06 ± 8.98e-07,0.741315 ± 0.0223,0.565017 ± 0.0313
A4_compact_hilbert_aabb,C0_uniform,D1,E8,269.0,9427.96 ± 3.32e+03,1.3541e-05 ± 1.89e-05,0.766171 ± 0.0374,1.31527 ± 0.138
A4_compact_hilbert_aabb,C0_uniform,D1,E8,403.0,11864.9 ± 7.41e+03,5.48661e-06 ± 7.68e-06,0.714206 ± 0.0309,1.20099 ± 0.131
A4_compact_hilbert_aabb,C0_uniform,D2,E0,294.0,6848.28 ± 3.18e+03,1.69106e-05 ± 1.23e-05,0.714201 ± 0.0198,1.91146 ± 0.0517
A4_compact_hilbert_aabb,C0_uniform,D2,E0,442.0,6719.72 ± 4.25e+03,1.77761e-05 ± 1.88e-05,0.702206 ± 0.0135,1.67107 ± 0.0624
A4_compact_hilbert_aabb,C0_uniform,D2,E1,294.0,197739 ± 7.74e+04,0.000225973 ± 0.000285,0.702466 ± 0.0974,5.01101 ± 0.502
A4_compact_hilbert_aabb,C0_uniform,D2,E1,442.0,222634 ± 8.11e+04,8.21889e-05 ± 8.7e-05,0.677602 ± 0.0417,4.56823 ± 0.319
A4_compact_hilbert_aabb,C0_uniform,D2,E2,294.0,1.48379e+06 ± 6.9e+05,0.000402781 ± 0.000596,0.714286 ± 0.14,8.68111 ± 1.62
A4_compact_hilbert_aabb,C0_uniform,D2,E2,442.0,1.74836e+06 ± 7.64e+05,0.000108842 ± 0.000101,0.686708 ± 0.1,8.12552 ± 0.874
A4_compact_hilbert_aabb,C0_uniform,D2,E5,294.0,368.267 ± 240,2.28493e-06 ± 6.38e-07,0.755782 ± 0.0201,0.549451 ± 0.014
A4_compact_hilbert_aabb,C0_uniform,D2,E5,442.0,252.241 ± 158,5.04831e-07 ± 2.77e-07,0.7556 ± 0.0208,0.45792 ± 0.0152
A4_compact_hilbert_aabb,C0_uniform,D2,E6,294.0,767.594 ± 539,5.22964e-06 ± 2.35e-06,0.713776 ± 0.0134,0.769156 ± 0.023
A4_compact_hilbert_aabb,C0_uniform,D2,E6,442.0,530.739 ± 353,1.68174e-06 ± 3.68e-07,0.722059 ± 0.0259,0.640847 ± 0.0259
A4_compact_hilbert_aabb,C0_uniform,D2,E7,294.0,647.145 ± 166,1.36484e-05 ± 8.07e-06,0.726956 ± 0.0115,0.857897 ± 0.0422
A4_compact_hilbert_aabb,C0_uniform,D2,E7,442.0,643.624 ± 147,1.24587e-06 ± 3.46e-07,0.717195 ± 0.0241,0.729649 ± 0.037
A4_compact_hilbert_aabb,C0_uniform,D2,E8,294.0,12055.7 ± 9.03e+03,1.06838e-05 ± 1.76e-05,0.762585 ± 0.0499,1.84125 ± 0.0917
A4_compact_hilbert_aabb,C0_uniform,D2,E8,442.0,8270.29 ± 6.15e+03,4.44195e-06 ± 4.05e-06,0.728959 ± 0.0321,1.62998 ± 0.0662
A4_compact_hilbert_aabb,C0_uniform,D3,E0,320.0,4978.92 ± 1.45e+03,2.93714e-05 ± 2.37e-05,0.719531 ± 0.0217,2.16311 ± 0.103
A4_compact_hilbert_aabb,C0_uniform,D3,E0,480.0,4662.5 ± 1.96e+03,1.48511e-05 ± 1.55e-05,0.701354 ± 0.0126,1.88013 ± 0.0493
A4_compact_hilbert_aabb,C0_uniform,D3,E1,320.0,160650 ± 6.32e+04,0.000189504 ± 0.000202,0.705781 ± 0.0715,5.7491 ± 0.61
A4_compact_hilbert_aabb,C0_uniform,D3,E1,480.0,228092 ± 8.69e+04,7.81218e-05 ± 9.77e-05,0.670312 ± 0.074,5.25574 ± 0.431
A4_compact_hilbert_aabb,C0_uniform,D3,E2,320.0,1.2547e+06 ± 6.08e+05,0.000405054 ± 0.000539,0.709063 ± 0.107,10.4854 ± 1.45
A4_compact_hilbert_aabb,C0_uniform,D3,E2,480.0,1.7901e+06 ± 7.47e+05,0.000106114 ± 4.48e-05,0.676146 ± 0.138,9.68667 ± 1.09
A4_compact_hilbert_aabb,C0_uniform,D3,E5,320.0,201.017 ± 43.6,2.23129e-06 ± 6.83e-07,0.744453 ± 0.027,0.611852 ± 0.0209
A4_compact_hilbert_aabb,C0_uniform,D3,E5,480.0,173.531 ± 61.2,3.15883e-07 ± 1.24e-07,0.751615 ± 0.0256,0.507104 ± 0.00773
A4_compact_hilbert_aabb,C0_uniform,D3,E6,320.0,425.048 ± 92.7,4.81914e-06 ± 2.83e-06,0.690547 ± 0.0108,0.835475 ± 0.0304
A4_compact_hilbert_aabb,C0_uniform,D3,E6,480.0,356.377 ± 113,1.51018e-06 ± 4.08e-07,0.719688 ± 0.00807,0.70074 ± 0.0133
A4_compact_hilbert_aabb,C0_uniform,D3,E7,320.0,642.201 ± 149,8.50878e-06 ± 2.48e-06,0.716094 ± 0.0121,0.977889 ± 0.0618
A4_compact_hilbert_aabb,C0_uniform,D3,E7,480.0,709.52 ± 254,1.18302e-06 ± 3.19e-07,0.708021 ± 0.00638,0.827613 ± 0.042
A4_compact_hilbert_aabb,C0_uniform,D3,E8,320.0,6301.18 ± 1.83e+03,1.20396e-05 ± 1.63e-05,0.762578 ± 0.0331,2.08372 ± 0.0993
A4_compact_hilbert_aabb,C0_uniform,D3,E8,480.0,5437.33 ± 1.53e+03,3.91999e-06 ± 3.99e-06,0.735469 ± 0.0268,1.84639 ± 0.0876
A4_compact_hilbert_aabb,C0_uniform,D4,E0,320.0,40864.1 ± 7.24e+03,4.26678e-06 ± 5.1e-06,0.80375 ± 0.0219,0.706043 ± 0.023
A4_compact_hilbert_aabb,C0_uniform,D4,E0,480.0,44425.2 ± 8.41e+03,1.72964e-06 ± 2.01e-06,0.750677 ± 0.0198,0.599212 ± 0.0147
A4_compact_hilbert_aabb,C0_uniform,D4,E1,320.0,1.09989e+06 ± 3.11e+05,3.13877e-05 ± 3.48e-05,0.783203 ± 0.0574,1.61856 ± 0.262
A4_compact_hilbert_aabb,C0_uniform,D4,E1,480.0,1.46632e+06 ± 5.36e+05,4.49205e-05 ± 4.63e-05,0.737656 ± 0.0337,1.40689 ± 0.155
A4_compact_hilbert_aabb,C0_uniform,D4,E2,320.0,7.97912e+06 ± 2.73e+06,0.000103269 ± 0.000131,0.763594 ± 0.0873,2.68156 ± 0.736
A4_compact_hilbert_aabb,C0_uniform,D4,E2,480.0,1.06591e+07 ± 4.64e+06,8.27618e-05 ± 8.99e-05,0.736979 ± 0.0911,2.29132 ± 0.508
A4_compact_hilbert_aabb,C0_uniform,D4,E5,320.0,910.38 ± 29.4,8.95035e-08 ± 1.33e-07,0.847734 ± 0.00739,0.195662 ± 0.00195
A4_compact_hilbert_aabb,C0_uniform,D4,E5,480.0,920.765 ± 13.7,3.6719e-08 ± 4.45e-08,0.823906 ± 0.00647,0.157198 ± 0.00183
A4_compact_hilbert_aabb,C0_uniform,D4,E6,320.0,2182.08 ± 6.95,1.62059e-07 ± 2.24e-07,0.826016 ± 0.00558,0.294019 ± 0.00106
A4_compact_hilbert_aabb,C0_uniform,D4,E6,480.0,2366.99 ± 9.05,6.61643e-08 ± 7.47e-08,0.801094 ± 0.00729,0.248403 ± 0.000807
A4_compact_hilbert_aabb,C0_uniform,D4,E7,320.0,4590.04 ± 19.6,9.39806e-08 ± 8.94e-08,0.855078 ± 0.00608,0.358201 ± 0.00171
A4_compact_hilbert_aabb,C0_uniform,D4,E7,480.0,4600.46 ± 21.1,6.19034e-08 ± 6.74e-08,0.811458 ± 0.00418,0.283907 ± 0.00048
A4_compact_hilbert_aabb,C0_uniform,D4,E8,320.0,44575.8 ± 7.13e+03,3.05516e-06 ± 3.63e-06,0.813203 ± 0.0242,0.632599 ± 0.0233
A4_compact_hilbert_aabb,C0_uniform,D4,E8,480.0,48676.4 ± 1.17e+04,2.07347e-06 ± 2.96e-06,0.784271 ± 0.0217,0.542281 ± 0.0207
A4_compact_hilbert_aabb,C1_monotone_half,D0,E0,256.0,110.998 ± 30.9,5.33212e-05 ± 5.74e-05,0.655273 ± 0.0516,1.53802 ± 0.0857
A4_compact_hilbert_aabb,C1_monotone_half,D0,E0,384.0,128.611 ± 88.8,9.89638e-06 ± 3.65e-06,0.54388 ± 0.019,1.48234 ± 0.0527
A4_compact_hilbert_aabb,C1_monotone_half,D0,E1,256.0,1404.29 ± 639,0.000328451 ± 0.000289,0.886914 ± 0.0285,1.88095 ± 0.13
A4_compact_hilbert_aabb,C1_monotone_half,D0,E1,384.0,2060.96 ± 1.57e+03,6.75952e-05 ± 8.09e-05,0.801758 ± 0.0479,1.77457 ± 0.126
A4_compact_hilbert_aabb,C1_monotone_half,D0,E2,256.0,11393.5 ± 5.16e+03,0.000351397 ± 0.000225,0.925391 ± 0.024,2.1225 ± 0.206
A4_compact_hilbert_aabb,C1_monotone_half,D0,E2,384.0,15653.3 ± 1.08e+04,0.00027761 ± 0.0004,0.854492 ± 0.0475,1.9998 ± 0.174
A4_compact_hilbert_aabb,C1_monotone_half,D0,E5,256.0,6.84424 ± 0.00171,3.756e-06 ± 6.1e-07,0.851855 ± 0.000542,0.72879 ± 0.000167
A4_compact_hilbert_aabb,C1_monotone_half,D0,E5,384.0,6.35339 ± 0.00294,1.05364e-06 ± 1.06e-07,0.753385 ± 0.00161,0.609684 ± 0.000255
A4_compact_hilbert_aabb,C1_monotone_half,D0,E6,256.0,14.6757 ± 0,3.9059e-06 ± 1.54e-08,0.825879 ± 0.00133,0.732225 ± 0.00243
A4_compact_hilbert_aabb,C1_monotone_half,D0,E6,384.0,16.0264 ± 0,2.1328e-06 ± 8.69e-07,0.724089 ± 0.00237,0.684326 ± 0.000518
A4_compact_hilbert_aabb,C1_monotone_half,D0,E7,256.0,6.14849 ± 0.728,1.10458e-05 ± 7.9e-06,0.875391 ± 0.00319,0.726722 ± 0.0149
A4_compact_hilbert_aabb,C1_monotone_half,D0,E7,384.0,6.14849 ± 0.728,3.17728e-06 ± 4.8e-08,0.844727 ± 0.00543,0.635089 ± 0.0121
A4_compact_hilbert_aabb,C1_monotone_half,D0,E8,256.0,90.0757 ± 58.8,4.51346e-06 ± 4.3e-06,0.715137 ± 0.0357,1.26103 ± 0.126
A4_compact_hilbert_aabb,C1_monotone_half,D0,E8,384.0,131.706 ± 88.4,3.27601e-06 ± 1.87e-06,0.605534 ± 0.0491,1.19846 ± 0.0823
A4_compact_hilbert_aabb,C1_monotone_half,D1,E0,269.0,12478.6 ± 4.27e+03,3.21587e-05 ± 2.49e-05,0.610874 ± 0.0607,2.20804 ± 0.113
A4_compact_hilbert_aabb,C1_monotone_half,D1,E0,403.0,21592 ± 9.45e+03,9.14439e-06 ± 4.33e-06,0.537469 ± 0.0426,2.18076 ± 0.101
A4_compact_hilbert_aabb,C1_monotone_half,D1,E1,269.0,155914 ± 1.08e+05,0.000238669 ± 0.000127,0.805669 ± 0.0419,3.31763 ± 0.499
A4_compact_hilbert_aabb,C1_monotone_half,D1,E1,403.0,388750 ± 2.2e+05,6.5402e-05 ± 4.85e-05,0.75763 ± 0.0372,3.41396 ± 0.708
A4_compact_hilbert_aabb,C1_monotone_half,D1,E2,269.0,1.05562e+06 ± 7.54e+05,0.000522524 ± 0.000629,0.860781 ± 0.0369,4.82033 ± 1.13
A4_compact_hilbert_aabb,C1_monotone_half,D1,E2,403.0,2.80022e+06 ± 1.93e+06,0.000318826 ± 0.000205,0.825248 ± 0.036,5.057 ± 1.5
A4_compact_hilbert_aabb,C1_monotone_half,D1,E5,269.0,392.169 ± 132,4.07767e-06 ± 3.41e-06,0.812175 ± 0.0414,0.72721 ± 0.0721
A4_compact_hilbert_aabb,C1_monotone_half,D1,E5,403.0,401.906 ± 175,7.63137e-07 ± 6.1e-07,0.740695 ± 0.0202,0.600955 ± 0.0809
A4_compact_hilbert_aabb,C1_monotone_half,D1,E6,269.0,841.651 ± 293,6.7757e-06 ± 7.19e-06,0.777416 ± 0.0168,0.832077 ± 0.0651
A4_compact_hilbert_aabb,C1_monotone_half,D1,E6,403.0,877.333 ± 385,3.7365e-06 ± 2.27e-06,0.705583 ± 0.0134,0.745301 ± 0.0674
A4_compact_hilbert_aabb,C1_monotone_half,D1,E7,269.0,335.412 ± 139,1.25513e-05 ± 4.63e-06,0.713011 ± 0.0104,0.787364 ± 0.0399
A4_compact_hilbert_aabb,C1_monotone_half,D1,E7,403.0,585.613 ± 386,2.78085e-06 ± 1.64e-06,0.651923 ± 0.0363,0.722054 ± 0.0205
A4_compact_hilbert_aabb,C1_monotone_half,D1,E8,269.0,13689 ± 7.79e+03,7.21072e-06 ± 9.53e-06,0.71645 ± 0.0811,1.87601 ± 0.219
A4_compact_hilbert_aabb,C1_monotone_half,D1,E8,403.0,20311.2 ± 1.29e+04,3.21652e-06 ± 2.61e-06,0.601179 ± 0.0531,1.82071 ± 0.131
A4_compact_hilbert_aabb,C1_monotone_half,D2,E0,294.0,22736 ± 8.18e+03,4.8208e-05 ± 5.95e-05,0.620323 ± 0.0541,3.31542 ± 0.336
A4_compact_hilbert_aabb,C1_monotone_half,D2,E0,442.0,26492.6 ± 1.21e+04,1.04623e-05 ± 5.09e-06,0.59276 ± 0.0383,3.35351 ± 0.173
A4_compact_hilbert_aabb,C1_monotone_half,D2,E1,294.0,295784 ± 1.6e+05,0.000296967 ± 0.000455,0.795238 ± 0.0504,5.52237 ± 1.26
A4_compact_hilbert_aabb,C1_monotone_half,D2,E1,442.0,321365 ± 4.52e+04,0.00012766 ± 0.000167,0.760181 ± 0.0436,5.78751 ± 1.61
A4_compact_hilbert_aabb,C1_monotone_half,D2,E2,294.0,2.02161e+06 ± 8.84e+05,0.000331484 ± 0.000426,0.863095 ± 0.0605,8.78738 ± 2.92
A4_compact_hilbert_aabb,C1_monotone_half,D2,E2,442.0,2.34018e+06 ± 4.7e+05,7.05939e-05 ± 4.88e-05,0.822624 ± 0.044,9.58195 ± 3.95
A4_compact_hilbert_aabb,C1_monotone_half,D2,E5,294.0,627.606 ± 156,7.54552e-06 ± 4.25e-06,0.820153 ± 0.0227,0.935286 ± 0.0692
A4_compact_hilbert_aabb,C1_monotone_half,D2,E5,442.0,816.792 ± 303,5.20269e-07 ± 2.9e-07,0.720249 ± 0.0138,0.964327 ± 0.065
A4_compact_hilbert_aabb,C1_monotone_half,D2,E6,294.0,1356.03 ± 337,1.31546e-05 ± 8.06e-06,0.784184 ± 0.0167,1.12755 ± 0.101
A4_compact_hilbert_aabb,C1_monotone_half,D2,E6,442.0,1766.61 ± 665,2.16738e-06 ± 7.47e-07,0.694287 ± 0.014,1.15124 ± 0.0734
A4_compact_hilbert_aabb,C1_monotone_half,D2,E7,294.0,591.569 ± 451,1.40882e-05 ± 6.98e-06,0.71352 ± 0.0203,0.964882 ± 0.033
A4_compact_hilbert_aabb,C1_monotone_half,D2,E7,442.0,713.43 ± 222,2.55691e-06 ± 1.63e-06,0.686652 ± 0.0196,0.915022 ± 0.0226
A4_compact_hilbert_aabb,C1_monotone_half,D2,E8,294.0,24495.6 ± 1.41e+03,7.95295e-06 ± 9.72e-06,0.754422 ± 0.0356,3.08585 ± 0.448
A4_compact_hilbert_aabb,C1_monotone_half,D2,E8,442.0,25422.9 ± 4.6e+03,6.69405e-06 ± 4.48e-06,0.669627 ± 0.0506,3.10074 ± 0.198
A4_compact_hilbert_aabb,C1_monotone_half,D3,E0,320.0,26760.6 ± 1.28e+04,2.36653e-05 ± 1.95e-05,0.644531 ± 0.0608,4.31 ± 0.408
A4_compact_hilbert_aabb,C1_monotone_half,D3,E0,480.0,35043.3 ± 5.32e+03,1.11874e-05 ± 6.43e-06,0.60724 ± 0.0341,4.36088 ± 0.0529
A4_compact_hilbert_aabb,C1_monotone_half,D3,E1,320.0,287935 ± 9.61e+04,0.000351199 ± 0.000406,0.804219 ± 0.0568,7.44318 ± 1.92
A4_compact_hilbert_aabb,C1_monotone_half,D3,E1,480.0,378268 ± 2.15e+05,0.000202402 ± 0.000188,0.770677 ± 0.037,7.73488 ± 2.4
A4_compact_hilbert_aabb,C1_monotone_half,D3,E2,320.0,1.92884e+06 ± 8.49e+05,0.000271892 ± 0.000432,0.862031 ± 0.057,12.1285 ± 4.58
A4_compact_hilbert_aabb,C1_monotone_half,D3,E2,480.0,2.85453e+06 ± 1.98e+06,0.00013207 ± 9.62e-05,0.83151 ± 0.0381,13.1287 ± 6.09
A4_compact_hilbert_aabb,C1_monotone_half,D3,E5,320.0,744.889 ± 124,2.81958e-06 ± 1.83e-06,0.801562 ± 0.0159,1.24412 ± 0.0928
A4_compact_hilbert_aabb,C1_monotone_half,D3,E5,480.0,713.891 ± 238,7.69845e-07 ± 2.73e-07,0.726458 ± 0.0154,1.1605 ± 0.113
A4_compact_hilbert_aabb,C1_monotone_half,D3,E6,320.0,1586.7 ± 248,3.53798e-06 ± 1.48e-06,0.770391 ± 0.0121,1.48354 ± 0.111
A4_compact_hilbert_aabb,C1_monotone_half,D3,E6,480.0,1678.04 ± 374,3.5795e-06 ± 3.1e-06,0.700365 ± 0.00692,1.44741 ± 0.0962
A4_compact_hilbert_aabb,C1_monotone_half,D3,E7,320.0,713.43 ± 222,1.3565e-05 ± 6.94e-06,0.738516 ± 0.0178,1.14749 ± 0.0506
A4_compact_hilbert_aabb,C1_monotone_half,D3,E7,480.0,818.604 ± 152,2.73836e-06 ± 1.99e-06,0.699531 ± 0.0245,1.06119 ± 0.0278
A4_compact_hilbert_aabb,C1_monotone_half,D3,E8,320.0,22214.6 ± 4.48e+03,8.08225e-06 ± 8.48e-06,0.771641 ± 0.0475,3.99954 ± 0.319
A4_compact_hilbert_aabb,C1_monotone_half,D3,E8,480.0,30779.1 ± 1.31e+04,4.8608e-06 ± 4.68e-06,0.679479 ± 0.0449,4.1083 ± 0.317
A4_compact_hilbert_aabb,C1_monotone_half,D4,E0,320.0,32498.4 ± 5.12e+03,1.80681e-06 ± 2.36e-06,0.697891 ± 0.0383,1.39167 ± 0.0647
A4_compact_hilbert_aabb,C1_monotone_half,D4,E0,480.0,35300.6 ± 5.05e+03,1.64265e-06 ± 1.83e-06,0.613646 ± 0.0131,1.31513 ± 0.05
A4_compact_hilbert_aabb,C1_monotone_half,D4,E1,320.0,785789 ± 2.25e+05,4.78885e-05 ± 8.72e-05,0.914922 ± 0.049,1.88546 ± 0.148
A4_compact_hilbert_aabb,C1_monotone_half,D4,E1,480.0,1.00135e+06 ± 3.61e+05,5.70401e-05 ± 4.96e-05,0.85776 ± 0.0365,1.76194 ± 0.161
A4_compact_hilbert_aabb,C1_monotone_half,D4,E2,320.0,5.64307e+06 ± 1.95e+06,0.000310823 ± 0.000603,0.943516 ± 0.0308,2.39254 ± 0.259
A4_compact_hilbert_aabb,C1_monotone_half,D4,E2,480.0,7.57358e+06 ± 3.32e+06,0.000263631 ± 0.000234,0.921667 ± 0.0228,2.1774 ± 0.308
A4_compact_hilbert_aabb,C1_monotone_half,D4,E5,320.0,883.224 ± 16.8,6.74762e-08 ± 4.03e-08,0.858516 ± 0.00849,0.609684 ± 0.0301
A4_compact_hilbert_aabb,C1_monotone_half,D4,E5,480.0,880.583 ± 15.7,2.81166e-08 ± 1.18e-08,0.82875 ± 0.002,0.509739 ± 0.00183
A4_compact_hilbert_aabb,C1_monotone_half,D4,E6,320.0,1669.99 ± 29.1,1.23117e-07 ± 8.98e-08,0.818047 ± 0.00195,0.651583 ± 0.00472
A4_compact_hilbert_aabb,C1_monotone_half,D4,E6,480.0,1692.44 ± 29.5,5.61344e-08 ± 2.46e-08,0.788698 ± 0.000812,0.567846 ± 0.00227
A4_compact_hilbert_aabb,C1_monotone_half,D4,E7,320.0,2463.66 ± 7.21,1.19335e-07 ± 1.3e-07,0.892656 ± 0.00712,0.628651 ± 0.0044
A4_compact_hilbert_aabb,C1_monotone_half,D4,E7,480.0,2528.28 ± 84.4,7.53703e-08 ± 1.07e-07,0.856042 ± 0.0154,0.536939 ± 0.00529
A4_compact_hilbert_aabb,C1_monotone_half,D4,E8,320.0,37034.8 ± 3.21e+03,1.90184e-06 ± 1.83e-06,0.757344 ± 0.0604,1.18353 ± 0.136
A4_compact_hilbert_aabb,C1_monotone_half,D4,E8,480.0,40950.3 ± 5.75e+03,1.38697e-06 ± 1.01e-06,0.677135 ± 0.0278,1.09742 ± 0.061
A4_compact_hilbert_aabb,C2_occupancy_floor1,D0,E0,256.0,38.2083 ± 37.6,5.33678e-05 ± 3.5e-05,0.783398 ± 0.0196,0.728544 ± 0.0307
A4_compact_hilbert_aabb,C2_occupancy_floor1,D0,E0,384.0,68.7258 ± 86.4,1.62203e-05 ± 8e-06,0.726237 ± 0.00641,0.661826 ± 0.0272
A4_compact_hilbert_aabb,C2_occupancy_floor1,D0,E1,256.0,2399.62 ± 1.62e+03,0.000254918 ± 0.000234,0.813867 ± 0.0461,1.3596 ± 0.0661
A4_compact_hilbert_aabb,C2_occupancy_floor1,D0,E1,384.0,3542.36 ± 3.7e+03,8.09318e-05 ± 5.86e-05,0.765169 ± 0.0421,1.21658 ± 0.0789
A4_compact_hilbert_aabb,C2_occupancy_floor1,D0,E2,256.0,13310.1 ± 7.84e+03,0.000613501 ± 0.000665,0.859277 ± 0.0279,1.88381 ± 0.0749
A4_compact_hilbert_aabb,C2_occupancy_floor1,D0,E2,384.0,25006.8 ± 2.17e+04,9.94599e-05 ± 0.000102,0.813542 ± 0.041,1.75715 ± 0.203
A4_compact_hilbert_aabb,C2_occupancy_floor1,D0,E5,256.0,0.788814 ± 0.0934,1.40032e-06 ± 1.77e-07,0.881348 ± 0.00155,0.178205 ± 0.00144
A4_compact_hilbert_aabb,C2_occupancy_floor1,D0,E5,384.0,0.723207 ± 0.0606,5.57182e-07 ± 7.22e-08,0.889909 ± 0.00138,0.149286 ± 0.000706
A4_compact_hilbert_aabb,C2_occupancy_floor1,D0,E6,256.0,0.723422 ± 0,2.36036e-06 ± 0,0.890039 ± 0.00157,0.259471 ± 0.000203
A4_compact_hilbert_aabb,C2_occupancy_floor1,D0,E6,384.0,0.824895 ± 0,1.35774e-06 ± 5.57e-07,0.84375 ± 0.000495,0.22 ± 0.000424
A4_compact_hilbert_aabb,C2_occupancy_floor1,D0,E7,256.0,55.6996 ± 0,9.88945e-06 ± 4.42e-06,0.838477 ± 0.00295,0.296169 ± 0.00101
A4_compact_hilbert_aabb,C2_occupancy_floor1,D0,E7,384.0,5.01874 ± 0,2.7881e-06 ± 2.3e-08,0.805143 ± 0.00168,0.235597 ± 0.000544
A4_compact_hilbert_aabb,C2_occupancy_floor1,D0,E8,256.0,52.2648 ± 36.1,4.81425e-06 ± 1.88e-06,0.775098 ± 0.0202,0.642643 ± 0.0357
A4_compact_hilbert_aabb,C2_occupancy_floor1,D0,E8,384.0,41.0594 ± 37.3,8.1318e-06 ± 6.76e-06,0.770182 ± 0.0168,0.584252 ± 0.0467
A4_compact_hilbert_aabb,C2_occupancy_floor1,D1,E0,269.0,7530.81 ± 2.18e+03,4.75631e-05 ± 5.73e-05,0.784572 ± 0.026,1.86131 ± 0.109
A4_compact_hilbert_aabb,C2_occupancy_floor1,D1,E0,403.0,13980.7 ± 1.26e+04,1.57883e-05 ± 9.67e-06,0.752543 ± 0.0225,1.71948 ± 0.112
A4_compact_hilbert_aabb,C2_occupancy_floor1,D1,E1,269.0,361109 ± 3.44e+05,0.000275581 ± 0.000169,0.793587 ± 0.0226,3.42512 ± 0.579
A4_compact_hilbert_aabb,C2_occupancy_floor1,D1,E1,403.0,839843 ± 7.53e+05,9.20314e-05 ± 4.76e-05,0.739826 ± 0.0352,3.49671 ± 0.822
A4_compact_hilbert_aabb,C2_occupancy_floor1,D1,E2,269.0,2.67216e+06 ± 2.5e+06,0.000402337 ± 0.000231,0.843773 ± 0.0775,5.53536 ± 0.942
A4_compact_hilbert_aabb,C2_occupancy_floor1,D1,E2,403.0,6.17369e+06 ± 6.38e+06,0.000373032 ± 0.000229,0.807072 ± 0.0258,5.25784 ± 1.76
A4_compact_hilbert_aabb,C2_occupancy_floor1,D1,E5,269.0,310.585 ± 208,2.56503e-06 ± 9.51e-07,0.820167 ± 0.0167,0.416173 ± 0.0185
A4_compact_hilbert_aabb,C2_occupancy_floor1,D1,E5,403.0,232.776 ± 133,5.26988e-07 ± 2.65e-07,0.809119 ± 0.0231,0.362016 ± 0.00597
A4_compact_hilbert_aabb,C2_occupancy_floor1,D1,E6,269.0,660.738 ± 440,7.02296e-06 ± 6.69e-06,0.787546 ± 0.0209,0.544857 ± 0.0203
A4_compact_hilbert_aabb,C2_occupancy_floor1,D1,E6,403.0,502.411 ± 288,1.76379e-06 ± 1.14e-06,0.772581 ± 0.0117,0.464748 ± 0.0209
A4_compact_hilbert_aabb,C2_occupancy_floor1,D1,E7,269.0,1177.83 ± 1.39e+03,1.39028e-05 ± 8.47e-06,0.792937 ± 0.0167,0.581627 ± 0.137
A4_compact_hilbert_aabb,C2_occupancy_floor1,D1,E7,403.0,542.288 ± 342,2.31823e-06 ± 9.62e-07,0.794727 ± 0.00609,0.459158 ± 0.0124
A4_compact_hilbert_aabb,C2_occupancy_floor1,D1,E8,269.0,7783.75 ± 3.41e+03,1.39247e-05 ± 1.87e-05,0.795167 ± 0.0428,1.62738 ± 0.224
A4_compact_hilbert_aabb,C2_occupancy_floor1,D1,E8,403.0,12105.3 ± 8.62e+03,6.67179e-06 ± 8.99e-06,0.77227 ± 0.0276,1.51216 ± 0.226
A4_compact_hilbert_aabb,C2_occupancy_floor1,D2,E0,294.0,7226.5 ± 2.94e+03,1.59883e-05 ± 1.2e-05,0.756037 ± 0.0209,2.27402 ± 0.104
A4_compact_hilbert_aabb,C2_occupancy_floor1,D2,E0,442.0,12375.4 ± 1.36e+04,1.04637e-05 ± 5.58e-06,0.754921 ± 0.0207,2.04121 ± 0.0898
A4_compact_hilbert_aabb,C2_occupancy_floor1,D2,E1,294.0,428012 ± 2.72e+05,0.00020537 ± 0.000188,0.773554 ± 0.029,4.58259 ± 0.715
A4_compact_hilbert_aabb,C2_occupancy_floor1,D2,E1,442.0,706006 ± 6.07e+05,7.28189e-05 ± 5.86e-05,0.769966 ± 0.0376,4.44026 ± 0.747
A4_compact_hilbert_aabb,C2_occupancy_floor1,D2,E2,294.0,3.21421e+06 ± 2.18e+06,0.000431713 ± 0.000575,0.78699 ± 0.0486,7.30672 ± 1.43
A4_compact_hilbert_aabb,C2_occupancy_floor1,D2,E2,442.0,5.59405e+06 ± 4.76e+06,8.66249e-05 ± 8.45e-05,0.814423 ± 0.0585,7.10876 ± 2.22
A4_compact_hilbert_aabb,C2_occupancy_floor1,D2,E5,294.0,157.547 ± 131,2.73298e-06 ± 1.22e-06,0.829252 ± 0.0179,0.511097 ± 0.0153
A4_compact_hilbert_aabb,C2_occupancy_floor1,D2,E5,442.0,89.0165 ± 21.9,5.31039e-07 ± 2.03e-07,0.835351 ± 0.00498,0.450265 ± 0.0146
A4_compact_hilbert_aabb,C2_occupancy_floor1,D2,E6,294.0,337.119 ± 280,4.00071e-06 ± 1.79e-06,0.797959 ± 0.0149,0.662186 ± 0.0246
A4_compact_hilbert_aabb,C2_occupancy_floor1,D2,E6,442.0,205.872 ± 57.4,1.2574e-06 ± 3.31e-07,0.8056 ± 0.00517,0.554289 ± 0.0178
A4_compact_hilbert_aabb,C2_occupancy_floor1,D2,E7,294.0,570.722 ± 174,1.53546e-05 ± 5.33e-06,0.826956 ± 0.0118,0.657586 ± 0.0151
A4_compact_hilbert_aabb,C2_occupancy_floor1,D2,E7,442.0,568.03 ± 194,1.82793e-06 ± 1.6e-06,0.805995 ± 0.00803,0.570983 ± 0.014
A4_compact_hilbert_aabb,C2_occupancy_floor1,D2,E8,294.0,10914.7 ± 7.87e+03,1.12151e-05 ± 1.73e-05,0.797534 ± 0.046,2.17153 ± 0.245
A4_compact_hilbert_aabb,C2_occupancy_floor1,D2,E8,442.0,8319.33 ± 7.52e+03,5.49771e-06 ± 5.23e-06,0.77517 ± 0.00715,1.87389 ± 0.164
A4_compact_hilbert_aabb,C2_occupancy_floor1,D3,E0,320.0,10247.3 ± 1.38e+04,2.85939e-05 ± 2.46e-05,0.759687 ± 0.0171,2.46041 ± 0.124
A4_compact_hilbert_aabb,C2_occupancy_floor1,D3,E0,480.0,17546.1 ± 1.45e+04,7.83909e-06 ± 3.81e-06,0.749427 ± 0.0184,2.23455 ± 0.0531
A4_compact_hilbert_aabb,C2_occupancy_floor1,D3,E1,320.0,497023 ± 3.98e+05,0.00019271 ± 0.000221,0.797031 ± 0.0427,5.16482 ± 0.527
A4_compact_hilbert_aabb,C2_occupancy_floor1,D3,E1,480.0,1.01659e+06 ± 9.67e+05,9.3568e-05 ± 6.31e-05,0.774479 ± 0.0485,4.97015 ± 0.836
A4_compact_hilbert_aabb,C2_occupancy_floor1,D3,E2,320.0,3.89852e+06 ± 3.01e+06,0.000296638 ± 0.00033,0.828281 ± 0.0641,8.42641 ± 1.53
A4_compact_hilbert_aabb,C2_occupancy_floor1,D3,E2,480.0,8.04881e+06 ± 7.5e+06,0.000141655 ± 9.93e-05,0.825885 ± 0.06,8.06365 ± 2.59
A4_compact_hilbert_aabb,C2_occupancy_floor1,D3,E5,320.0,85.2524 ± 26.2,2.25212e-06 ± 4.22e-07,0.8375 ± 0.0149,0.566114 ± 0.0175
A4_compact_hilbert_aabb,C2_occupancy_floor1,D3,E5,480.0,78.7249 ± 20.1,4.68095e-07 ± 2.7e-07,0.843073 ± 0.00904,0.503344 ± 0.0211
A4_compact_hilbert_aabb,C2_occupancy_floor1,D3,E6,320.0,187.613 ± 63.6,3.17301e-06 ± 1.39e-06,0.804766 ± 0.0103,0.710571 ± 0.0211
A4_compact_hilbert_aabb,C2_occupancy_floor1,D3,E6,480.0,196.264 ± 30.8,1.28931e-06 ± 2.05e-07,0.815469 ± 0.00652,0.613782 ± 0.0204
A4_compact_hilbert_aabb,C2_occupancy_floor1,D3,E7,320.0,555.526 ± 185,1.38992e-05 ± 4.35e-06,0.823984 ± 0.00734,0.724478 ± 0.021
A4_compact_hilbert_aabb,C2_occupancy_floor1,D3,E7,480.0,592.697 ± 232,2.21225e-06 ± 1.51e-06,0.808229 ± 0.00932,0.629232 ± 0.0236
A4_compact_hilbert_aabb,C2_occupancy_floor1,D3,E8,320.0,6173.51 ± 2.06e+03,1.85671e-05 ± 2.73e-05,0.792891 ± 0.029,2.33434 ± 0.172
A4_compact_hilbert_aabb,C2_occupancy_floor1,D3,E8,480.0,9912.59 ± 1.41e+04,5.25206e-06 ± 5.8e-06,0.786875 ± 0.00857,2.09939 ± 0.215
A4_compact_hilbert_aabb,C2_occupancy_floor1,D4,E0,320.0,37348 ± 6.92e+03,7.14537e-06 ± 6.26e-06,0.826641 ± 0.0323,1.02959 ± 0.0306
A4_compact_hilbert_aabb,C2_occupancy_floor1,D4,E0,480.0,37853.5 ± 8.96e+03,2.02788e-06 ± 8.41e-07,0.78125 ± 0.0185,0.915815 ± 0.0675
A4_compact_hilbert_aabb,C2_occupancy_floor1,D4,E1,320.0,844285 ± 1.98e+05,7.41264e-05 ± 7.66e-05,0.867109 ± 0.0296,1.96588 ± 0.219
A4_compact_hilbert_aabb,C2_occupancy_floor1,D4,E1,480.0,1.08394e+06 ± 4.42e+05,3.56547e-05 ± 3.78e-05,0.825156 ± 0.0536,1.89359 ± 0.237
A4_compact_hilbert_aabb,C2_occupancy_floor1,D4,E2,320.0,5.60091e+06 ± 6.13e+05,0.000395352 ± 0.000374,0.903516 ± 0.0395,2.98118 ± 0.486
A4_compact_hilbert_aabb,C2_occupancy_floor1,D4,E2,480.0,7.76504e+06 ± 4.01e+06,0.000255834 ± 0.000268,0.882917 ± 0.0467,2.71097 ± 0.655
A4_compact_hilbert_aabb,C2_occupancy_floor1,D4,E5,320.0,917.001 ± 12.6,1.00094e-07 ± 9.33e-08,0.887813 ± 0.000868,0.244587 ± 0.000679
A4_compact_hilbert_aabb,C2_occupancy_floor1,D4,E5,480.0,918.227 ± 17.9,4.69464e-08 ± 3.9e-08,0.872031 ± 0.00129,0.219547 ± 0.001
A4_compact_hilbert_aabb,C2_occupancy_floor1,D4,E6,320.0,1986.71 ± 27.8,2.01074e-07 ± 1.96e-07,0.886719 ± 0.00209,0.39583 ± 0.000534
A4_compact_hilbert_aabb,C2_occupancy_floor1,D4,E6,480.0,2026.09 ± 35.1,8.86971e-08 ± 8.51e-08,0.850313 ± 0.000868,0.348774 ± 0.00141
A4_compact_hilbert_aabb,C2_occupancy_floor1,D4,E7,320.0,2257.92 ± 50.9,8.61724e-08 ± 5.2e-08,0.857734 ± 0.00536,0.313247 ± 0.00352
A4_compact_hilbert_aabb,C2_occupancy_floor1,D4,E7,480.0,2253.07 ± 42.7,4.36526e-08 ± 4.25e-08,0.810052 ± 0.00458,0.270663 ± 0.0012
A4_compact_hilbert_aabb,C2_occupancy_floor1,D4,E8,320.0,32927.7 ± 8.97e+03,4.93966e-06 ± 5.5e-06,0.847031 ± 0.00952,0.911259 ± 0.0759
A4_compact_hilbert_aabb,C2_occupancy_floor1,D4,E8,480.0,36676.9 ± 1.25e+04,2.16329e-06 ± 5.73e-07,0.835521 ± 0.0167,0.819033 ± 0.082
A5_pca_compact_hilbert,C0_uniform,D0,E0,256.0,32.5339 ± 27.8,2.54351e-05 ± 2.28e-05,0.778711 ± 0.0284,0.709639 ± 0.0293
A5_pca_compact_hilbert,C0_uniform,D0,E0,384.0,46.7063 ± 50.8,1.23951e-05 ± 1e-05,0.71875 ± 0.0376,0.628089 ± 0.0301
A5_pca_compact_hilbert,C0_uniform,D0,E1,256.0,2638.18 ± 2.61e+03,0.000127272 ± 0.000108,0.683398 ± 0.0233,1.89165 ± 0.177
A5_pca_compact_hilbert,C0_uniform,D0,E1,384.0,2989.49 ± 2.08e+03,5.25285e-05 ± 3.88e-05,0.645443 ± 0.0295,1.68212 ± 0.146
A5_pca_compact_hilbert,C0_uniform,D0,E2,256.0,20900.6 ± 2.08e+04,0.000267963 ± 0.000268,0.595313 ± 0.0299,3.53998 ± 0.411
A5_pca_compact_hilbert,C0_uniform,D0,E2,384.0,21099.9 ± 1.86e+04,6.75493e-05 ± 5.49e-05,0.574349 ± 0.0283,3.13488 ± 0.314
A5_pca_compact_hilbert,C0_uniform,D0,E5,256.0,5.17658 ± 0.736,2.90919e-06 ± 6.71e-07,0.844043 ± 0.00717,0.209928 ± 0.00228
A5_pca_compact_hilbert,C0_uniform,D0,E5,384.0,5.44182 ± 0.00499,3.35812e-07 ± 1.27e-07,0.825977 ± 0.00513,0.16819 ± 0.000835
A5_pca_compact_hilbert,C0_uniform,D0,E6,256.0,2.57317 ± 0.386,8.5252e-06 ± 3.42e-06,0.822949 ± 0.0019,0.319753 ± 0.00762
A5_pca_compact_hilbert,C0_uniform,D0,E6,384.0,2.44086 ± 0.322,2.64393e-06 ± 1.12e-06,0.782096 ± 0.00757,0.26767 ± 0.0047
A5_pca_compact_hilbert,C0_uniform,D0,E7,256.0,6.68827 ± 0.552,7.45812e-06 ± 3.57e-06,0.833008 ± 0.00446,0.3614 ± 0.00998
A5_pca_compact_hilbert,C0_uniform,D0,E7,384.0,6.57879 ± 0.331,2.9065e-06 ± 8.77e-07,0.805729 ± 0.00421,0.295536 ± 0.00771
A5_pca_compact_hilbert,C0_uniform,D0,E8,256.0,69.8708 ± 55.4,6.53926e-06 ± 5.68e-06,0.783594 ± 0.00548,0.6421 ± 0.0191
A5_pca_compact_hilbert,C0_uniform,D0,E8,384.0,57.4822 ± 43.6,5.87749e-06 ± 5.96e-06,0.745247 ± 0.0133,0.561994 ± 0.0221
A5_pca_compact_hilbert,C0_uniform,D1,E0,269.0,7217.84 ± 1.69e+03,2.64968e-05 ± 5.49e-06,0.723327 ± 0.0246,1.46014 ± 0.0851
A5_pca_compact_hilbert,C0_uniform,D1,E0,403.0,15694.2 ± 1.23e+04,1.4501e-05 ± 1.31e-05,0.68567 ± 0.0272,1.29735 ± 0.0964
A5_pca_compact_hilbert,C0_uniform,D1,E1,269.0,383182 ± 2.51e+05,0.000178605 ± 0.000207,0.666636 ± 0.0416,3.66869 ± 0.425
A5_pca_compact_hilbert,C0_uniform,D1,E1,403.0,907740 ± 1.15e+06,5.13695e-05 ± 2.47e-05,0.661725 ± 0.0508,3.3017 ± 0.511
A5_pca_compact_hilbert,C0_uniform,D1,E2,269.0,4.22965e+06 ± 3.72e+06,0.000246733 ± 0.000299,0.663104 ± 0.101,6.33327 ± 0.981
A5_pca_compact_hilbert,C0_uniform,D1,E2,403.0,7.1129e+06 ± 8.86e+06,0.000117986 ± 0.000141,0.646154 ± 0.0832,5.90713 ± 1.15
A5_pca_compact_hilbert,C0_uniform,D1,E5,269.0,480.233 ± 347,2.32643e-06 ± 8.54e-07,0.785595 ± 0.0152,0.443939 ± 0.00649
A5_pca_compact_hilbert,C0_uniform,D1,E5,403.0,415.531 ± 259,3.10641e-07 ± 1.45e-07,0.765943 ± 0.0269,0.357801 ± 0.0243
A5_pca_compact_hilbert,C0_uniform,D1,E6,269.0,1030.97 ± 781,7.01778e-06 ± 4.01e-06,0.770539 ± 0.00912,0.63844 ± 0.0246
A5_pca_compact_hilbert,C0_uniform,D1,E6,403.0,962.389 ± 487,2.22402e-06 ± 1.09e-06,0.743176 ± 0.0078,0.511405 ± 0.0309
A5_pca_compact_hilbert,C0_uniform,D1,E7,269.0,1647.92 ± 1.4e+03,9.62055e-06 ± 3.41e-06,0.74842 ± 0.0157,0.671767 ± 0.0546
A5_pca_compact_hilbert,C0_uniform,D1,E7,403.0,4222.14 ± 3.35e+03,1.54169e-06 ± 6.62e-07,0.736476 ± 0.0136,0.597865 ± 0.0385
A5_pca_compact_hilbert,C0_uniform,D1,E8,269.0,6743.81 ± 1.24e+03,6.78605e-06 ± 3.62e-06,0.730019 ± 0.0108,1.44084 ± 0.109
A5_pca_compact_hilbert,C0_uniform,D1,E8,403.0,13280.4 ± 1.24e+04,5.05367e-06 ± 7.65e-06,0.721526 ± 0.018,1.21463 ± 0.117
A5_pca_compact_hilbert,C0_uniform,D2,E0,294.0,10594.3 ± 6.17e+03,3.67037e-05 ± 3.18e-05,0.706463 ± 0.0198,1.99164 ± 0.105
A5_pca_compact_hilbert,C0_uniform,D2,E0,442.0,14438.3 ± 7.08e+03,5.80454e-06 ± 2.51e-06,0.672624 ± 0.0225,1.81065 ± 0.141
A5_pca_compact_hilbert,C0_uniform,D2,E1,294.0,604467 ± 4.86e+05,0.000204016 ± 0.000108,0.671429 ± 0.0551,5.27037 ± 0.429
A5_pca_compact_hilbert,C0_uniform,D2,E1,442.0,536267 ± 2.63e+05,4.19872e-05 ± 4.04e-05,0.663518 ± 0.0678,4.53626 ± 0.468
A5_pca_compact_hilbert,C0_uniform,D2,E2,294.0,4.62225e+06 ± 4.12e+06,0.000352178 ± 0.000457,0.647194 ± 0.112,9.62543 ± 0.913
A5_pca_compact_hilbert,C0_uniform,D2,E2,442.0,4.72574e+06 ± 2.29e+06,0.000115507 ± 9.64e-05,0.664819 ± 0.117,8.19238 ± 0.812
A5_pca_compact_hilbert,C0_uniform,D2,E5,294.0,294.875 ± 108,1.78987e-06 ± 9.4e-07,0.755697 ± 0.0149,0.582093 ± 0.0518
A5_pca_compact_hilbert,C0_uniform,D2,E5,442.0,316.317 ± 71.5,3.51262e-07 ± 1.19e-07,0.740215 ± 0.0344,0.48662 ± 0.0306
A5_pca_compact_hilbert,C0_uniform,D2,E6,294.0,685.463 ± 317,7.41809e-06 ± 3.13e-06,0.722364 ± 0.0103,0.8124 ± 0.056
A5_pca_compact_hilbert,C0_uniform,D2,E6,442.0,707.435 ± 274,1.75636e-06 ± 7.78e-07,0.715837 ± 0.00752,0.670649 ± 0.0372
A5_pca_compact_hilbert,C0_uniform,D2,E7,294.0,3041.83 ± 1.36e+03,1.06245e-05 ± 3.89e-06,0.711735 ± 0.0123,0.862997 ± 0.0302
A5_pca_compact_hilbert,C0_uniform,D2,E7,442.0,2291.63 ± 824,2.15062e-06 ± 1.53e-06,0.714367 ± 0.00763,0.701948 ± 0.0282
A5_pca_compact_hilbert,C0_uniform,D2,E8,294.0,12387.2 ± 5.04e+03,8.14183e-06 ± 9.51e-06,0.732993 ± 0.0353,1.95937 ± 0.18
A5_pca_compact_hilbert,C0_uniform,D2,E8,442.0,12506.7 ± 6.31e+03,5.83894e-06 ± 4.11e-06,0.719118 ± 0.0254,1.71824 ± 0.171
A5_pca_compact_hilbert,C0_uniform,D3,E0,320.0,7734.19 ± 3.84e+03,3.96505e-05 ± 3.63e-05,0.697266 ± 0.0293,2.32756 ± 0.193
A5_pca_compact_hilbert,C0_uniform,D3,E0,480.0,10393.3 ± 2.39e+03,6.81385e-06 ± 4.23e-06,0.683906 ± 0.0202,2.01141 ± 0.106
A5_pca_compact_hilbert,C0_uniform,D3,E1,320.0,475110 ± 2.72e+05,6.38457e-05 ± 7.14e-05,0.687344 ± 0.0616,5.65579 ± 0.333
A5_pca_compact_hilbert,C0_uniform,D3,E1,480.0,438176 ± 2.59e+05,9.84097e-05 ± 0.000154,0.666667 ± 0.0676,5.17146 ± 0.486
A5_pca_compact_hilbert,C0_uniform,D3,E2,320.0,3.45423e+06 ± 2.35e+06,0.000376326 ± 0.000316,0.663516 ± 0.12,10.2587 ± 0.69
A5_pca_compact_hilbert,C0_uniform,D3,E2,480.0,3.95303e+06 ± 2.83e+06,0.000100634 ± 7.67e-05,0.652292 ± 0.133,9.41894 ± 0.93
A5_pca_compact_hilbert,C0_uniform,D3,E5,320.0,301.76 ± 139,2.19743e-06 ± 9.6e-07,0.742344 ± 0.0301,0.642628 ± 0.0536
A5_pca_compact_hilbert,C0_uniform,D3,E5,480.0,285.115 ± 39.5,3.98408e-07 ± 3.11e-07,0.731615 ± 0.0229,0.5451 ± 0.0435
A5_pca_compact_hilbert,C0_uniform,D3,E6,320.0,692.492 ± 335,6.90407e-06 ± 4.58e-06,0.704844 ± 0.0151,0.874664 ± 0.0522
A5_pca_compact_hilbert,C0_uniform,D3,E6,480.0,553.276 ± 164,1.38987e-06 ± 1.74e-07,0.703073 ± 0.00936,0.748375 ± 0.0602
A5_pca_compact_hilbert,C0_uniform,D3,E7,320.0,1726.79 ± 810,9.1591e-06 ± 4.29e-06,0.71375 ± 0.00858,0.908832 ± 0.0403
A5_pca_compact_hilbert,C0_uniform,D3,E7,480.0,1546.99 ± 1.03e+03,1.83934e-06 ± 8.03e-07,0.715208 ± 0.00921,0.773108 ± 0.0386
A5_pca_compact_hilbert,C0_uniform,D3,E8,320.0,9695.63 ± 5.85e+03,8.52238e-06 ± 4.23e-06,0.733594 ± 0.0369,2.18261 ± 0.141
A5_pca_compact_hilbert,C0_uniform,D3,E8,480.0,10412 ± 2.3e+03,4.20284e-06 ± 2.99e-06,0.70599 ± 0.018,1.95445 ± 0.11
A5_pca_compact_hilbert,C0_uniform,D4,E0,320.0,40152.7 ± 6.31e+03,2.3231e-06 ± 3.54e-06,0.746875 ± 0.0182,1.18861 ± 0.0407
A5_pca_compact_hilbert,C0_uniform,D4,E0,480.0,47663.9 ± 1.06e+04,5.37588e-07 ± 5.28e-07,0.717552 ± 0.0223,1.00502 ± 0.0425
A5_pca_compact_hilbert,C0_uniform,D4,E1,320.0,1.08486e+06 ± 3.07e+05,2.16242e-05 ± 2.82e-05,0.664219 ± 0.0534,3.45802 ± 0.697
A5_pca_compact_hilbert,C0_uniform,D4,E1,480.0,1.40022e+06 ± 4.77e+05,2.06056e-05 ± 2.83e-05,0.619271 ± 0.0543,2.94535 ± 0.382
A5_pca_compact_hilbert,C0_uniform,D4,E2,320.0,8.15615e+06 ± 3.05e+06,0.00013885 ± 0.000161,0.598437 ± 0.0873,6.48239 ± 1.76
A5_pca_compact_hilbert,C0_uniform,D4,E2,480.0,1.09854e+07 ± 4.34e+06,4.63693e-05 ± 9.16e-05,0.554896 ± 0.0742,5.41641 ± 1.12
A5_pca_compact_hilbert,C0_uniform,D4,E5,320.0,1074.1 ± 45.4,2.58356e-08 ± 1.66e-08,0.770078 ± 0.00984,0.344968 ± 0.00372
A5_pca_compact_hilbert,C0_uniform,D4,E5,480.0,1060.32 ± 9.32,1.28225e-08 ± 7.55e-09,0.760677 ± 0.0151,0.258688 ± 0.00469
A5_pca_compact_hilbert,C0_uniform,D4,E6,320.0,2179.83 ± 40.8,2.76599e-08 ± 2.02e-08,0.684297 ± 0.00887,0.575966 ± 0.00368
A5_pca_compact_hilbert,C0_uniform,D4,E6,480.0,2180.1 ± 7.92,1.54564e-08 ± 1e-08,0.685521 ± 0.00667,0.468264 ± 0.00158
A5_pca_compact_hilbert,C0_uniform,D4,E7,320.0,4438.61 ± 49.5,4.52406e-08 ± 5.59e-08,0.725156 ± 0.00497,0.615388 ± 0.00994
A5_pca_compact_hilbert,C0_uniform,D4,E7,480.0,4371.1 ± 57.8,1.87459e-08 ± 1.73e-08,0.727865 ± 0.0109,0.487025 ± 0.00285
A5_pca_compact_hilbert,C0_uniform,D4,E8,320.0,42802.9 ± 6.86e+03,1.59497e-06 ± 1.55e-06,0.72625 ± 0.0198,1.10201 ± 0.0404
A5_pca_compact_hilbert,C0_uniform,D4,E8,480.0,46230.4 ± 8.36e+03,5.73194e-07 ± 2.51e-07,0.715313 ± 0.0186,0.931161 ± 0.0187
A5_pca_compact_hilbert,C1_monotone_half,D0,E0,256.0,76.5579 ± 21.5,3.03789e-05 ± 2.47e-05,0.657129 ± 0.084,1.53154 ± 0.0616
A5_pca_compact_hilbert,C1_monotone_half,D0,E0,384.0,85.1904 ± 17.9,2.06587e-05 ± 2.09e-05,0.564714 ± 0.0396,1.4965 ± 0.0802
A5_pca_compact_hilbert,C1_monotone_half,D0,E1,256.0,534.941 ± 228,0.000229898 ± 0.000109,0.938574 ± 0.0162,1.64616 ± 0.0826
A5_pca_compact_hilbert,C1_monotone_half,D0,E1,384.0,692.862 ± 526,0.000151284 ± 0.000123,0.879297 ± 0.0105,1.55401 ± 0.0373
A5_pca_compact_hilbert,C1_monotone_half,D0,E2,256.0,4064.69 ± 1.88e+03,0.00101859 ± 0.000482,0.960938 ± 0.0112,1.82698 ± 0.0664
A5_pca_compact_hilbert,C1_monotone_half,D0,E2,384.0,5242.07 ± 3.9e+03,0.000477808 ± 0.000432,0.929688 ± 0.00738,1.68208 ± 0.0377
A5_pca_compact_hilbert,C1_monotone_half,D0,E5,256.0,9.489 ± 0.0151,5.41677e-06 ± 6.28e-07,0.845703 ± 0.000959,0.464298 ± 0.00318
A5_pca_compact_hilbert,C1_monotone_half,D0,E5,384.0,5.63021 ± 0.00682,8.28154e-07 ± 3.51e-08,0.784245 ± 0.00193,0.425991 ± 0.00168
A5_pca_compact_hilbert,C1_monotone_half,D0,E6,256.0,14.3161 ± 2.11,8.63995e-06 ± 2.22e-06,0.756543 ± 0.00819,0.710884 ± 0.0219
A5_pca_compact_hilbert,C1_monotone_half,D0,E6,384.0,15.734 ± 0.671,6.39064e-06 ± 4.23e-06,0.718815 ± 0.0149,0.601261 ± 0.00684
A5_pca_compact_hilbert,C1_monotone_half,D0,E7,256.0,2.482 ± 0.637,3.2882e-05 ± 1.09e-05,0.841797 ± 0.00214,0.652895 ± 0.019
A5_pca_compact_hilbert,C1_monotone_half,D0,E7,384.0,1.50932 ± 0.0587,3.04771e-06 ± 7.68e-08,0.815495 ± 0.00428,0.578656 ± 0.00748
A5_pca_compact_hilbert,C1_monotone_half,D0,E8,256.0,93.6341 ± 40.5,7.3768e-06 ± 6.05e-06,0.823535 ± 0.0386,1.09166 ± 0.0693
A5_pca_compact_hilbert,C1_monotone_half,D0,E8,384.0,95.4421 ± 29.1,7.63746e-06 ± 6.28e-06,0.74668 ± 0.0372,1.0547 ± 0.0664
A5_pca_compact_hilbert,C1_monotone_half,D1,E0,269.0,12925.5 ± 5.06e+03,2.87666e-05 ± 2.14e-05,0.675093 ± 0.0441,2.02667 ± 0.0951
A5_pca_compact_hilbert,C1_monotone_half,D1,E0,403.0,19657.5 ± 6.71e+03,1.76747e-05 ± 3.42e-05,0.581452 ± 0.0346,2.05159 ± 0.222
A5_pca_compact_hilbert,C1_monotone_half,D1,E1,269.0,153675 ± 9.49e+04,0.000258472 ± 0.000139,0.857807 ± 0.027,2.9942 ± 0.418
A5_pca_compact_hilbert,C1_monotone_half,D1,E1,403.0,242826 ± 1.9e+05,9.71056e-05 ± 0.000114,0.809864 ± 0.0269,3.16049 ± 0.778
A5_pca_compact_hilbert,C1_monotone_half,D1,E2,269.0,898394 ± 2.02e+05,0.001072 ± 0.000925,0.899628 ± 0.023,4.38077 ± 1.02
A5_pca_compact_hilbert,C1_monotone_half,D1,E2,403.0,1.88317e+06 ± 1.53e+06,0.000301026 ± 0.000304,0.868672 ± 0.0313,4.73409 ± 1.74
A5_pca_compact_hilbert,C1_monotone_half,D1,E5,269.0,414.087 ± 263,6.86683e-06 ± 2.03e-06,0.820167 ± 0.0283,0.599276 ± 0.0609
A5_pca_compact_hilbert,C1_monotone_half,D1,E5,403.0,522.558 ± 384,9.44229e-07 ± 5.33e-07,0.736228 ± 0.0218,0.543671 ± 0.0483
A5_pca_compact_hilbert,C1_monotone_half,D1,E6,269.0,870.696 ± 873,9.53748e-06 ± 3.51e-06,0.780855 ± 0.0126,0.73008 ± 0.0336
A5_pca_compact_hilbert,C1_monotone_half,D1,E6,403.0,1363.88 ± 576,5.39634e-06 ± 2.13e-06,0.697581 ± 0.0111,0.699646 ± 0.0475
A5_pca_compact_hilbert,C1_monotone_half,D1,E7,269.0,301.659 ± 81.5,3.21565e-05 ± 1.66e-05,0.878253 ± 0.00649,0.722463 ± 0.0174
A5_pca_compact_hilbert,C1_monotone_half,D1,E7,403.0,321.149 ± 124,4.17224e-06 ± 1.34e-06,0.791935 ± 0.0129,0.679039 ± 0.0228
A5_pca_compact_hilbert,C1_monotone_half,D1,E8,269.0,11336.9 ± 4.47e+03,6.6031e-06 ± 3.16e-06,0.71645 ± 0.0592,1.84008 ± 0.191
A5_pca_compact_hilbert,C1_monotone_half,D1,E8,403.0,18589.9 ± 5.35e+03,7.87954e-06 ± 1.06e-05,0.664702 ± 0.0521,1.84397 ± 0.201
A5_pca_compact_hilbert,C1_monotone_half,D2,E0,294.0,24297.2 ± 1.71e+04,5.26193e-05 ± 2.55e-05,0.659354 ± 0.0187,3.09657 ± 0.114
A5_pca_compact_hilbert,C1_monotone_half,D2,E0,442.0,32084.3 ± 1.6e+04,7.67007e-06 ± 7.33e-06,0.599491 ± 0.0309,3.45799 ± 0.459
A5_pca_compact_hilbert,C1_monotone_half,D2,E1,294.0,221462 ± 1.46e+05,0.000517752 ± 0.0003,0.860204 ± 0.0329,5.31419 ± 1.31
A5_pca_compact_hilbert,C1_monotone_half,D2,E1,442.0,263031 ± 1.7e+05,0.000194098 ± 9.26e-05,0.823416 ± 0.0319,5.68773 ± 1.57
A5_pca_compact_hilbert,C1_monotone_half,D2,E2,294.0,1.2681e+06 ± 1.2e+06,0.00102951 ± 0.000521,0.911224 ± 0.0237,8.49912 ± 2.99
A5_pca_compact_hilbert,C1_monotone_half,D2,E2,442.0,1.9457e+06 ± 1.31e+06,0.000255191 ± 0.000183,0.8694 ± 0.0303,9.60271 ± 4.43
A5_pca_compact_hilbert,C1_monotone_half,D2,E5,294.0,685.835 ± 160,3.86308e-06 ± 3.66e-06,0.806037 ± 0.0253,0.905865 ± 0.0965
A5_pca_compact_hilbert,C1_monotone_half,D2,E5,442.0,775.768 ± 294,8.15439e-07 ± 5.42e-07,0.735916 ± 0.0165,0.842597 ± 0.0608
A5_pca_compact_hilbert,C1_monotone_half,D2,E6,294.0,1635.5 ± 602,9.99204e-06 ± 5.38e-06,0.748554 ± 0.0601,1.15004 ± 0.123
A5_pca_compact_hilbert,C1_monotone_half,D2,E6,442.0,1579.79 ± 399,5.1198e-06 ± 3.32e-06,0.701244 ± 0.0144,1.06807 ± 0.0702
A5_pca_compact_hilbert,C1_monotone_half,D2,E7,294.0,295.833 ± 84.6,3.87997e-05 ± 1.22e-05,0.877296 ± 0.0118,0.938293 ± 0.0394
A5_pca_compact_hilbert,C1_monotone_half,D2,E7,442.0,239.33 ± 54.5,4.90223e-06 ± 1.93e-06,0.803167 ± 0.0129,0.894044 ± 0.0198
A5_pca_compact_hilbert,C1_monotone_half,D2,E8,294.0,18418.9 ± 3.55e+03,7.30598e-06 ± 7.16e-06,0.706037 ± 0.0762,3.02748 ± 0.304
A5_pca_compact_hilbert,C1_monotone_half,D2,E8,442.0,27833.9 ± 7.37e+03,6.04461e-06 ± 5.27e-06,0.679072 ± 0.0634,3.06648 ± 0.299
A5_pca_compact_hilbert,C1_monotone_half,D3,E0,320.0,23952.5 ± 1.31e+04,4.67319e-05 ± 3.65e-05,0.682422 ± 0.0265,4.15357 ± 0.623
A5_pca_compact_hilbert,C1_monotone_half,D3,E0,480.0,31843.5 ± 1.23e+04,2.37397e-05 ± 2.52e-05,0.617031 ± 0.0536,4.1481 ± 0.217
A5_pca_compact_hilbert,C1_monotone_half,D3,E1,320.0,233983 ± 1.69e+05,0.000252242 ± 0.000271,0.862344 ± 0.0308,7.492 ± 1.99
A5_pca_compact_hilbert,C1_monotone_half,D3,E1,480.0,299286 ± 1.8e+05,0.000154339 ± 0.000181,0.823385 ± 0.033,7.66192 ± 2.52
A5_pca_compact_hilbert,C1_monotone_half,D3,E2,320.0,1.44606e+06 ± 1.27e+06,0.00140705 ± 0.00127,0.907578 ± 0.0298,12.1481 ± 4.93
A5_pca_compact_hilbert,C1_monotone_half,D3,E2,480.0,1.90052e+06 ± 1.59e+06,0.000422041 ± 0.000273,0.876406 ± 0.0291,12.7196 ± 6.08
A5_pca_compact_hilbert,C1_monotone_half,D3,E5,320.0,711.318 ± 342,6.36438e-06 ± 3.53e-06,0.808828 ± 0.0278,1.11031 ± 0.138
A5_pca_compact_hilbert,C1_monotone_half,D3,E5,480.0,826.682 ± 244,1.34738e-06 ± 1.66e-06,0.739219 ± 0.0382,1.09917 ± 0.103
A5_pca_compact_hilbert,C1_monotone_half,D3,E6,320.0,1515.42 ± 485,1.20931e-05 ± 5.09e-06,0.788516 ± 0.0359,1.38551 ± 0.0709
A5_pca_compact_hilbert,C1_monotone_half,D3,E6,480.0,1891.35 ± 715,4.55883e-06 ± 2.73e-06,0.709427 ± 0.0145,1.34691 ± 0.114
A5_pca_compact_hilbert,C1_monotone_half,D3,E7,320.0,235.78 ± 62.7,2.99092e-05 ± 1.2e-05,0.883828 ± 0.0218,1.08203 ± 0.021
A5_pca_compact_hilbert,C1_monotone_half,D3,E7,480.0,240.181 ± 94.6,6.05609e-06 ± 2.7e-06,0.804531 ± 0.0132,1.02809 ± 0.0452
A5_pca_compact_hilbert,C1_monotone_half,D3,E8,320.0,29838.1 ± 1.37e+04,8.18175e-06 ± 7.22e-06,0.732734 ± 0.104,3.90837 ± 0.438
A5_pca_compact_hilbert,C1_monotone_half,D3,E8,480.0,37205.2 ± 1.95e+04,4.83541e-06 ± 7.87e-06,0.681823 ± 0.0802,4.02304 ± 0.287
A5_pca_compact_hilbert,C1_monotone_half,D4,E0,320.0,28233.6 ± 6.14e+03,3.56643e-06 ± 3.97e-06,0.697578 ± 0.0249,1.17607 ± 0.0689
A5_pca_compact_hilbert,C1_monotone_half,D4,E0,480.0,31108.2 ± 5.77e+03,1.73122e-06 ± 8e-07,0.659531 ± 0.0348,1.10244 ± 0.0528
A5_pca_compact_hilbert,C1_monotone_half,D4,E1,320.0,636946 ± 1.27e+05,4.80923e-05 ± 8.1e-05,0.858516 ± 0.0539,1.63738 ± 0.124
A5_pca_compact_hilbert,C1_monotone_half,D4,E1,480.0,827783 ± 3.69e+05,3.73464e-05 ± 5.29e-05,0.821927 ± 0.0385,1.45218 ± 0.122
A5_pca_compact_hilbert,C1_monotone_half,D4,E2,320.0,4.57323e+06 ± 9.43e+05,0.00015298 ± 0.000209,0.901172 ± 0.0398,2.21435 ± 0.231
A5_pca_compact_hilbert,C1_monotone_half,D4,E2,480.0,6.28003e+06 ± 3.3e+06,0.000154748 ± 0.000298,0.863906 ± 0.0305,1.92016 ± 0.281
A5_pca_compact_hilbert,C1_monotone_half,D4,E5,320.0,660.524 ± 9.86,9.25118e-08 ± 8.46e-08,0.815859 ± 0.00674,0.245301 ± 0.00372
A5_pca_compact_hilbert,C1_monotone_half,D4,E5,480.0,645.03 ± 8.23,1.67583e-08 ± 1.41e-08,0.76099 ± 0.0134,0.2041 ± 0.00087
A5_pca_compact_hilbert,C1_monotone_half,D4,E6,320.0,1528.48 ± 17,1.71306e-07 ± 2.2e-07,0.794453 ± 0.00632,0.389202 ± 0.00351
A5_pca_compact_hilbert,C1_monotone_half,D4,E6,480.0,1546.75 ± 18.4,2.33714e-08 ± 2e-08,0.760052 ± 0.011,0.346484 ± 0.00473
A5_pca_compact_hilbert,C1_monotone_half,D4,E7,320.0,2106.1 ± 97.1,1.17999e-07 ± 6.94e-08,0.885078 ± 0.00982,0.484837 ± 0.0106
A5_pca_compact_hilbert,C1_monotone_half,D4,E7,480.0,2112.68 ± 96.9,7.35807e-08 ± 6.22e-08,0.84474 ± 0.0119,0.442193 ± 0.00484
A5_pca_compact_hilbert,C1_monotone_half,D4,E8,320.0,29804.4 ± 4.7e+03,4.68375e-06 ± 4.05e-06,0.729609 ± 0.0184,0.884749 ± 0.0505
A5_pca_compact_hilbert,C1_monotone_half,D4,E8,480.0,34152 ± 8.24e+03,2.16809e-06 ± 1.52e-06,0.669635 ± 0.0123,0.813405 ± 0.0224
A5_pca_compact_hilbert,C2_occupancy_floor1,D0,E0,256.0,34.7264 ± 26,2.52922e-05 ± 2.14e-05,0.777832 ± 0.028,0.746969 ± 0.0396
A5_pca_compact_hilbert,C2_occupancy_floor1,D0,E0,384.0,42.3741 ± 29.8,1.32917e-05 ± 9.04e-06,0.720898 ± 0.0368,0.672524 ± 0.0261
A5_pca_compact_hilbert,C2_occupancy_floor1,D0,E1,256.0,1033.32 ± 705,0.000314719 ± 0.000364,0.825098 ± 0.0538,1.30144 ± 0.109
A5_pca_compact_hilbert,C2_occupancy_floor1,D0,E1,384.0,2550.53 ± 2.25e+03,9.73362e-05 ± 0.000113,0.790039 ± 0.0146,1.15415 ± 0.039
A5_pca_compact_hilbert,C2_occupancy_floor1,D0,E2,256.0,4613.66 ± 1.16e+03,0.00127625 ± 0.00103,0.883887 ± 0.0164,1.68043 ± 0.0458
A5_pca_compact_hilbert,C2_occupancy_floor1,D0,E2,384.0,3952.39 ± 2.89e+03,0.000441036 ± 0.000604,0.866732 ± 0.0242,1.46641 ± 0.0819
A5_pca_compact_hilbert,C2_occupancy_floor1,D0,E5,256.0,2.07889 ± 0.0222,4.56429e-06 ± 3.13e-07,0.856348 ± 0.00269,0.188627 ± 0.0026
A5_pca_compact_hilbert,C2_occupancy_floor1,D0,E5,384.0,1.06336 ± 0.0101,6.01657e-07 ± 1.85e-07,0.870117 ± 0.0021,0.150017 ± 0.00115
A5_pca_compact_hilbert,C2_occupancy_floor1,D0,E6,256.0,1.16225 ± 0.368,6.3431e-06 ± 4.97e-06,0.864551 ± 0.00589,0.266884 ± 0.00198
A5_pca_compact_hilbert,C2_occupancy_floor1,D0,E6,384.0,1.10903 ± 0.299,2.62107e-06 ± 1.96e-06,0.829492 ± 0.0101,0.22472 ± 0.00407
A5_pca_compact_hilbert,C2_occupancy_floor1,D0,E7,256.0,1.24894 ± 0.247,2.03653e-05 ± 7.6e-06,0.851562 ± 0.00562,0.297779 ± 0.00842
A5_pca_compact_hilbert,C2_occupancy_floor1,D0,E7,384.0,1.33424 ± 0.21,1.90341e-06 ± 2.02e-07,0.859701 ± 0.00491,0.251088 ± 0.00292
A5_pca_compact_hilbert,C2_occupancy_floor1,D0,E8,256.0,37.0996 ± 13.1,1.29683e-05 ± 1.2e-05,0.786426 ± 0.0131,0.66388 ± 0.0371
A5_pca_compact_hilbert,C2_occupancy_floor1,D0,E8,384.0,40.4284 ± 36,3.89271e-06 ± 5.11e-06,0.760742 ± 0.0189,0.593899 ± 0.0306
A5_pca_compact_hilbert,C2_occupancy_floor1,D1,E0,269.0,10534.2 ± 8.74e+03,3.30787e-05 ± 1.9e-05,0.765428 ± 0.034,1.74141 ± 0.0864
A5_pca_compact_hilbert,C2_occupancy_floor1,D1,E0,403.0,14620.2 ± 4.81e+03,2.13639e-05 ± 1.91e-05,0.743734 ± 0.0133,1.5911 ± 0.117
A5_pca_compact_hilbert,C2_occupancy_floor1,D1,E1,269.0,212249 ± 1.1e+05,0.000200171 ± 0.000202,0.746283 ± 0.0506,3.34799 ± 0.457
A5_pca_compact_hilbert,C2_occupancy_floor1,D1,E1,403.0,233178 ± 1.16e+05,0.000161167 ± 0.000129,0.758809 ± 0.0567,3.27484 ± 0.563
A5_pca_compact_hilbert,C2_occupancy_floor1,D1,E2,269.0,1.64023e+06 ± 9.74e+05,0.000411567 ± 0.000424,0.77816 ± 0.0612,5.29751 ± 0.759
A5_pca_compact_hilbert,C2_occupancy_floor1,D1,E2,403.0,1.57851e+06 ± 7.92e+05,0.000298675 ± 0.000302,0.767308 ± 0.0867,5.13605 ± 1.12
A5_pca_compact_hilbert,C2_occupancy_floor1,D1,E5,269.0,373.404 ± 289,3.44561e-06 ± 1.45e-06,0.829368 ± 0.0234,0.445735 ± 0.0174
A5_pca_compact_hilbert,C2_occupancy_floor1,D1,E5,403.0,249.754 ± 56.2,7.89304e-07 ± 5.38e-07,0.807568 ± 0.0205,0.398818 ± 0.0214
A5_pca_compact_hilbert,C2_occupancy_floor1,D1,E6,269.0,806.845 ± 589,1.31309e-05 ± 9.34e-06,0.816078 ± 0.0168,0.555138 ± 0.0326
A5_pca_compact_hilbert,C2_occupancy_floor1,D1,E6,403.0,585.836 ± 155,3.69059e-06 ± 9.99e-07,0.781141 ± 0.00753,0.483363 ± 0.0256
A5_pca_compact_hilbert,C2_occupancy_floor1,D1,E7,269.0,641.442 ± 46.4,1.37988e-05 ± 6.05e-06,0.807342 ± 0.0194,0.642571 ± 0.115
A5_pca_compact_hilbert,C2_occupancy_floor1,D1,E7,403.0,647.81 ± 154,1.67649e-06 ± 6.53e-07,0.818983 ± 0.00821,0.479912 ± 0.0265
A5_pca_compact_hilbert,C2_occupancy_floor1,D1,E8,269.0,8209.04 ± 4.12e+03,8.15133e-06 ± 8.7e-06,0.778346 ± 0.036,1.66001 ± 0.169
A5_pca_compact_hilbert,C2_occupancy_floor1,D1,E8,403.0,12687.1 ± 1.3e+04,3.88407e-06 ± 2.72e-06,0.782816 ± 0.0168,1.43903 ± 0.117
A5_pca_compact_hilbert,C2_occupancy_floor1,D2,E0,294.0,10661.6 ± 6.15e+03,5.46057e-05 ± 5.38e-05,0.738435 ± 0.0356,2.29841 ± 0.0926
A5_pca_compact_hilbert,C2_occupancy_floor1,D2,E0,442.0,23541.5 ± 1.29e+04,8.37157e-06 ± 7.19e-06,0.726471 ± 0.0113,2.17198 ± 0.0524
A5_pca_compact_hilbert,C2_occupancy_floor1,D2,E1,294.0,121907 ± 4.11e+04,0.00030215 ± 0.000233,0.772704 ± 0.0502,4.44416 ± 0.72
A5_pca_compact_hilbert,C2_occupancy_floor1,D2,E1,442.0,168706 ± 8.14e+04,0.000113317 ± 0.000103,0.767873 ± 0.0357,4.39548 ± 0.898
A5_pca_compact_hilbert,C2_occupancy_floor1,D2,E2,294.0,901763 ± 3.11e+05,0.000515973 ± 0.00039,0.795068 ± 0.0827,7.22731 ± 1.4
A5_pca_compact_hilbert,C2_occupancy_floor1,D2,E2,442.0,1.32705e+06 ± 8.54e+05,0.000207946 ± 0.000159,0.792477 ± 0.0963,7.36868 ± 1.66
A5_pca_compact_hilbert,C2_occupancy_floor1,D2,E5,294.0,188.332 ± 121,2.28913e-06 ± 1.66e-06,0.821684 ± 0.0396,0.555932 ± 0.0515
A5_pca_compact_hilbert,C2_occupancy_floor1,D2,E5,442.0,162.428 ± 84,9.24612e-07 ± 8.21e-07,0.832919 ± 0.0323,0.491443 ± 0.0279
A5_pca_compact_hilbert,C2_occupancy_floor1,D2,E6,294.0,389.682 ± 246,8.93747e-06 ± 4.47e-06,0.784354 ± 0.0211,0.688865 ± 0.0771
A5_pca_compact_hilbert,C2_occupancy_floor1,D2,E6,442.0,347.63 ± 156,2.69688e-06 ± 1.35e-06,0.791007 ± 0.0157,0.599884 ± 0.0414
A5_pca_compact_hilbert,C2_occupancy_floor1,D2,E7,294.0,491.066 ± 256,1.41985e-05 ± 6.93e-06,0.823384 ± 0.0204,0.754148 ± 0.0576
A5_pca_compact_hilbert,C2_occupancy_floor1,D2,E7,442.0,565.123 ± 301,2.98149e-06 ± 2.48e-06,0.820928 ± 0.0133,0.650963 ± 0.0999
A5_pca_compact_hilbert,C2_occupancy_floor1,D2,E8,294.0,16760.5 ± 1.09e+04,1.14888e-05 ± 1.59e-05,0.774065 ± 0.036,2.24457 ± 0.167
A5_pca_compact_hilbert,C2_occupancy_floor1,D2,E8,442.0,12947.9 ± 2.95e+03,6.90715e-06 ± 7.77e-06,0.764649 ± 0.0372,1.98355 ± 0.202
A5_pca_compact_hilbert,C2_occupancy_floor1,D3,E0,320.0,8140.66 ± 4.66e+03,4.71487e-05 ± 4.82e-05,0.719922 ± 0.0296,2.61329 ± 0.193
A5_pca_compact_hilbert,C2_occupancy_floor1,D3,E0,480.0,17471.1 ± 1.47e+04,7.74428e-06 ± 7.01e-06,0.736823 ± 0.0186,2.31756 ± 0.0577
A5_pca_compact_hilbert,C2_occupancy_floor1,D3,E1,320.0,123945 ± 8.72e+04,0.000166661 ± 0.000159,0.789609 ± 0.0292,5.21545 ± 0.8
A5_pca_compact_hilbert,C2_occupancy_floor1,D3,E1,480.0,161797 ± 1.04e+05,7.96504e-05 ± 9.13e-05,0.779948 ± 0.0328,4.92358 ± 0.921
A5_pca_compact_hilbert,C2_occupancy_floor1,D3,E2,320.0,877350 ± 5.87e+05,0.00062665 ± 0.000212,0.831016 ± 0.0533,8.46029 ± 1.84
A5_pca_compact_hilbert,C2_occupancy_floor1,D3,E2,480.0,1.23101e+06 ± 8.16e+05,0.000165711 ± 0.000134,0.787135 ± 0.0808,8.17865 ± 1.99
A5_pca_compact_hilbert,C2_occupancy_floor1,D3,E5,320.0,155.081 ± 75.3,2.64933e-06 ± 1.24e-06,0.827891 ± 0.045,0.614168 ± 0.0324
A5_pca_compact_hilbert,C2_occupancy_floor1,D3,E5,480.0,159.726 ± 64.5,6.50507e-07 ± 6.66e-07,0.830677 ± 0.0291,0.54737 ± 0.0374
A5_pca_compact_hilbert,C2_occupancy_floor1,D3,E6,320.0,311.887 ± 144,9.25393e-06 ± 4.31e-06,0.808359 ± 0.0212,0.757949 ± 0.046
A5_pca_compact_hilbert,C2_occupancy_floor1,D3,E6,480.0,326.91 ± 114,3.17542e-06 ± 1.3e-06,0.794063 ± 0.0212,0.669924 ± 0.0624
A5_pca_compact_hilbert,C2_occupancy_floor1,D3,E7,320.0,196.747 ± 65.1,1.25569e-05 ± 5.03e-06,0.815547 ± 0.0163,0.857407 ± 0.0318
A5_pca_compact_hilbert,C2_occupancy_floor1,D3,E7,480.0,555.668 ± 114,2.55802e-06 ± 1.61e-06,0.826562 ± 0.00788,0.656703 ± 0.0271
A5_pca_compact_hilbert,C2_occupancy_floor1,D3,E8,320.0,11006.7 ± 6.62e+03,8.18689e-06 ± 5.77e-06,0.772891 ± 0.0407,2.41816 ± 0.174
A5_pca_compact_hilbert,C2_occupancy_floor1,D3,E8,480.0,12020.3 ± 5.87e+03,3.91887e-06 ± 3.45e-06,0.780052 ± 0.0176,2.20585 ± 0.162
A5_pca_compact_hilbert,C2_occupancy_floor1,D4,E0,320.0,31840.8 ± 9.08e+03,3.72324e-06 ± 3.23e-06,0.791562 ± 0.022,0.870799 ± 0.0851
A5_pca_compact_hilbert,C2_occupancy_floor1,D4,E0,480.0,34563.9 ± 9.04e+03,1.65066e-06 ± 1.3e-06,0.745469 ± 0.0175,0.753969 ± 0.0222
A5_pca_compact_hilbert,C2_occupancy_floor1,D4,E1,320.0,653836 ± 1.18e+05,3.44535e-05 ± 3.44e-05,0.827969 ± 0.0242,1.62457 ± 0.0959
A5_pca_compact_hilbert,C2_occupancy_floor1,D4,E1,480.0,835365 ± 3.6e+05,3.92646e-05 ± 5.2e-05,0.788438 ± 0.0149,1.4592 ± 0.16
A5_pca_compact_hilbert,C2_occupancy_floor1,D4,E2,320.0,4.74442e+06 ± 6.96e+05,0.000206714 ± 0.000291,0.8625 ± 0.0212,2.28813 ± 0.219
A5_pca_compact_hilbert,C2_occupancy_floor1,D4,E2,480.0,6.55477e+06 ± 3.3e+06,0.000145071 ± 0.000294,0.828021 ± 0.0228,1.98338 ± 0.28
A5_pca_compact_hilbert,C2_occupancy_floor1,D4,E5,320.0,886.884 ± 21.5,1.26767e-07 ± 1.27e-07,0.849844 ± 0.0142,0.230918 ± 0.00176
A5_pca_compact_hilbert,C2_occupancy_floor1,D4,E5,480.0,643.996 ± 5.16,3.25041e-08 ± 3.98e-08,0.818385 ± 0.0027,0.186002 ± 0.00225
A5_pca_compact_hilbert,C2_occupancy_floor1,D4,E6,320.0,1519.63 ± 15.2,8.8176e-08 ± 9.73e-08,0.837109 ± 0.00373,0.298295 ± 0.0013
A5_pca_compact_hilbert,C2_occupancy_floor1,D4,E6,480.0,1530.41 ± 11.1,5.23108e-08 ± 5.13e-08,0.828594 ± 0.00529,0.245543 ± 0.00111
A5_pca_compact_hilbert,C2_occupancy_floor1,D4,E7,320.0,2127.14 ± 86.8,8.96657e-08 ± 5.76e-08,0.816797 ± 0.00625,0.332194 ± 0.0049
A5_pca_compact_hilbert,C2_occupancy_floor1,D4,E7,480.0,2283.64 ± 82.5,3.54291e-08 ± 2.54e-08,0.77224 ± 0.00664,0.262198 ± 0.00256
A5_pca_compact_hilbert,C2_occupancy_floor1,D4,E8,320.0,34565.2 ± 4.55e+03,6.21788e-06 ± 9.31e-06,0.811016 ± 0.0305,0.733638 ± 0.043
A5_pca_compact_hilbert,C2_occupancy_floor1,D4,E8,480.0,39851 ± 8.33e+03,2.20492e-06 ± 1.17e-06,0.776198 ± 0.0227,0.657745 ± 0.0226
A5_pca_compact_hilbert,C3_frame_core_occupancy,D0,E0,256.0,20.0653 ± 16.3,4.50784e-05 ± 3.15e-05,0.78623 ± 0.0259,0.704227 ± 0.0192
A5_pca_compact_hilbert,C3_frame_core_occupancy,D0,E0,384.0,18.3057 ± 21.3,1.22441e-05 ± 1.03e-05,0.741406 ± 0.0276,0.633999 ± 0.019
A5_pca_compact_hilbert,C3_frame_core_occupancy,D0,E1,256.0,523.764 ± 337,0.000556074 ± 0.000394,0.870996 ± 0.00408,1.22976 ± 0.0292
A5_pca_compact_hilbert,C3_frame_core_occupancy,D0,E1,384.0,1434.43 ± 812,7.30676e-05 ± 0.000126,0.789779 ± 0.0191,1.11696 ± 0.0567
A5_pca_compact_hilbert,C3_frame_core_occupancy,D0,E2,256.0,3667.34 ± 2.13e+03,0.00072829 ± 0.000576,0.908301 ± 0.0112,1.63164 ± 0.0299
A5_pca_compact_hilbert,C3_frame_core_occupancy,D0,E2,384.0,4913.96 ± 5.48e+03,0.000187948 ± 0.000128,0.869596 ± 0.022,1.5096 ± 0.0634
A5_pca_compact_hilbert,C3_frame_core_occupancy,D0,E5,256.0,2.11399 ± 0.769,4.19092e-06 ± 3.53e-07,0.863281 ± 0.00136,0.184237 ± 0.00224
A5_pca_compact_hilbert,C3_frame_core_occupancy,D0,E5,384.0,0.959981 ± 0.121,5.95971e-07 ± 1.88e-07,0.872852 ± 0.00168,0.146328 ± 0.00109
A5_pca_compact_hilbert,C3_frame_core_occupancy,D0,E6,256.0,1.16225 ± 0.368,6.3431e-06 ± 4.97e-06,0.864551 ± 0.00589,0.266884 ± 0.00198
A5_pca_compact_hilbert,C3_frame_core_occupancy,D0,E6,384.0,1.10903 ± 0.299,2.62107e-06 ± 1.96e-06,0.829492 ± 0.0101,0.22472 ± 0.00407
A5_pca_compact_hilbert,C3_frame_core_occupancy,D0,E7,256.0,1.24894 ± 0.247,2.03653e-05 ± 7.6e-06,0.851562 ± 0.00562,0.297779 ± 0.00842
A5_pca_compact_hilbert,C3_frame_core_occupancy,D0,E7,384.0,1.33424 ± 0.21,1.90341e-06 ± 2.02e-07,0.859701 ± 0.00491,0.251088 ± 0.00292
A5_pca_compact_hilbert,C3_frame_core_occupancy,D0,E8,256.0,28.9103 ± 10.7,2.2366e-05 ± 2.13e-05,0.809082 ± 0.0436,0.640672 ± 0.0415
A5_pca_compact_hilbert,C3_frame_core_occupancy,D0,E8,384.0,22.4146 ± 13.5,5.77955e-06 ± 9.18e-06,0.773438 ± 0.016,0.560072 ± 0.0277
A5_pca_compact_hilbert,C3_frame_core_occupancy,D1,E0,269.0,6826.28 ± 5.62e+03,3.18887e-05 ± 1.66e-05,0.738662 ± 0.034,1.45938 ± 0.15
A5_pca_compact_hilbert,C3_frame_core_occupancy,D1,E0,403.0,12934.9 ± 2.87e+03,2.30352e-05 ± 1.52e-05,0.709429 ± 0.00758,1.32944 ± 0.0654
A5_pca_compact_hilbert,C3_frame_core_occupancy,D1,E1,269.0,153570 ± 6.67e+04,0.000221453 ± 0.000244,0.789777 ± 0.0615,3.0571 ± 0.422
A5_pca_compact_hilbert,C3_frame_core_occupancy,D1,E1,403.0,229803 ± 4.93e+04,0.000175831 ± 0.000155,0.768052 ± 0.0237,2.87411 ± 0.392
A5_pca_compact_hilbert,C3_frame_core_occupancy,D1,E2,269.0,1.7034e+06 ± 1.92e+06,0.000558645 ± 0.000712,0.819703 ± 0.0604,5.08367 ± 0.649
A5_pca_compact_hilbert,C3_frame_core_occupancy,D1,E2,403.0,1.53225e+06 ± 7.81e+05,0.000202592 ± 0.000228,0.809801 ± 0.0354,4.72167 ± 1.32
A5_pca_compact_hilbert,C3_frame_core_occupancy,D1,E5,269.0,193.194 ± 66.8,3.36582e-06 ± 1.8e-06,0.843216 ± 0.0105,0.390976 ± 0.0198
A5_pca_compact_hilbert,C3_frame_core_occupancy,D1,E5,403.0,173.1 ± 85.7,1.02738e-06 ± 9.24e-07,0.823945 ± 0.013,0.319845 ± 0.0124
A5_pca_compact_hilbert,C3_frame_core_occupancy,D1,E6,269.0,402.546 ± 169,1.16441e-05 ± 9.4e-06,0.810688 ± 0.0135,0.527235 ± 0.0253
A5_pca_compact_hilbert,C3_frame_core_occupancy,D1,E6,403.0,357.504 ± 166,3.6614e-06 ± 1.27e-06,0.786663 ± 0.00463,0.43884 ± 0.0151
A5_pca_compact_hilbert,C3_frame_core_occupancy,D1,E7,269.0,490.588 ± 69.9,1.1784e-05 ± 5.06e-06,0.787361 ± 0.0247,0.559488 ± 0.0725
A5_pca_compact_hilbert,C3_frame_core_occupancy,D1,E7,403.0,646.455 ± 172,1.94067e-06 ± 5.47e-07,0.814888 ± 0.0185,0.438546 ± 0.0148
A5_pca_compact_hilbert,C3_frame_core_occupancy,D1,E8,269.0,7327.43 ± 3e+03,7.04654e-06 ± 6.77e-06,0.752788 ± 0.0437,1.48316 ± 0.126
A5_pca_compact_hilbert,C3_frame_core_occupancy,D1,E8,403.0,13362.7 ± 7.6e+03,6.8705e-06 ± 1.13e-05,0.742494 ± 0.0212,1.23161 ± 0.122
A5_pca_compact_hilbert,C3_frame_core_occupancy,D2,E0,294.0,9471.5 ± 5.15e+03,3.58633e-05 ± 2.18e-05,0.748639 ± 0.0552,2.10214 ± 0.231
A5_pca_compact_hilbert,C3_frame_core_occupancy,D2,E0,442.0,14947.8 ± 1.82e+04,1.39986e-05 ± 1.18e-05,0.729355 ± 0.0233,1.99602 ± 0.156
A5_pca_compact_hilbert,C3_frame_core_occupancy,D2,E1,294.0,97051.7 ± 5.12e+04,0.000278284 ± 0.000145,0.795068 ± 0.0394,4.13013 ± 0.617
A5_pca_compact_hilbert,C3_frame_core_occupancy,D2,E1,442.0,156646 ± 6.66e+04,0.000116177 ± 0.000138,0.772172 ± 0.0191,4.27851 ± 0.714
A5_pca_compact_hilbert,C3_frame_core_occupancy,D2,E2,294.0,978937 ± 5.36e+05,0.000627847 ± 0.000538,0.828827 ± 0.0521,6.97642 ± 1.7
A5_pca_compact_hilbert,C3_frame_core_occupancy,D2,E2,442.0,1.10334e+06 ± 7.15e+05,0.000285322 ± 0.000244,0.839649 ± 0.0392,6.98933 ± 2.23
A5_pca_compact_hilbert,C3_frame_core_occupancy,D2,E5,294.0,161.268 ± 68.6,2.17199e-06 ± 1.61e-06,0.827466 ± 0.0236,0.519652 ± 0.0426
A5_pca_compact_hilbert,C3_frame_core_occupancy,D2,E5,442.0,169.413 ± 19,7.9397e-07 ± 5.49e-07,0.805882 ± 0.00864,0.46778 ± 0.019
A5_pca_compact_hilbert,C3_frame_core_occupancy,D2,E6,294.0,354.741 ± 113,6.91914e-06 ± 3.48e-06,0.799915 ± 0.0138,0.67238 ± 0.0399
A5_pca_compact_hilbert,C3_frame_core_occupancy,D2,E6,442.0,351.37 ± 170,2.48925e-06 ± 1.22e-06,0.807862 ± 0.00715,0.595638 ± 0.0178
A5_pca_compact_hilbert,C3_frame_core_occupancy,D2,E7,294.0,543.238 ± 239,1.70022e-05 ± 1.03e-05,0.826701 ± 0.0133,0.641858 ± 0.014
A5_pca_compact_hilbert,C3_frame_core_occupancy,D2,E7,442.0,679.161 ± 121,3.33465e-06 ± 3.45e-06,0.842251 ± 0.00164,0.585954 ± 0.0205
A5_pca_compact_hilbert,C3_frame_core_occupancy,D2,E8,294.0,10367.2 ± 6.47e+03,8.52011e-06 ± 1.07e-05,0.756463 ± 0.0289,2.07588 ± 0.106
A5_pca_compact_hilbert,C3_frame_core_occupancy,D2,E8,442.0,7832.7 ± 1.09e+03,6.84439e-06 ± 8.63e-06,0.758937 ± 0.0306,1.88363 ± 0.143
A5_pca_compact_hilbert,C3_frame_core_occupancy,D3,E0,320.0,7584.67 ± 3.83e+03,4.84547e-05 ± 4.78e-05,0.735 ± 0.0428,2.53193 ± 0.144
A5_pca_compact_hilbert,C3_frame_core_occupancy,D3,E0,480.0,13307.2 ± 1.29e+04,1.11542e-05 ± 1.24e-05,0.740833 ± 0.0257,2.33531 ± 0.158
A5_pca_compact_hilbert,C3_frame_core_occupancy,D3,E1,320.0,93387.3 ± 4.78e+04,0.000234618 ± 0.000187,0.812734 ± 0.0311,4.99697 ± 0.619
A5_pca_compact_hilbert,C3_frame_core_occupancy,D3,E1,480.0,125450 ± 7.69e+04,9.14948e-05 ± 0.000109,0.789531 ± 0.0175,4.92925 ± 0.659
A5_pca_compact_hilbert,C3_frame_core_occupancy,D3,E2,320.0,744766 ± 4.29e+05,0.000771382 ± 0.000199,0.831719 ± 0.0287,8.68048 ± 1.74
A5_pca_compact_hilbert,C3_frame_core_occupancy,D3,E2,480.0,898772 ± 6.31e+05,0.000207677 ± 0.000186,0.835365 ± 0.0406,8.21708 ± 2.43
A5_pca_compact_hilbert,C3_frame_core_occupancy,D3,E5,320.0,129.365 ± 23.8,2.74072e-06 ± 1.36e-06,0.836953 ± 0.0366,0.583772 ± 0.0412
A5_pca_compact_hilbert,C3_frame_core_occupancy,D3,E5,480.0,163.872 ± 53.3,6.23438e-07 ± 6.51e-07,0.815156 ± 0.0216,0.50695 ± 0.022
A5_pca_compact_hilbert,C3_frame_core_occupancy,D3,E6,320.0,339.469 ± 114,9.42864e-06 ± 4.44e-06,0.813359 ± 0.0195,0.752713 ± 0.0446
A5_pca_compact_hilbert,C3_frame_core_occupancy,D3,E6,480.0,364.986 ± 128,3.44561e-06 ± 2.01e-06,0.82151 ± 0.0148,0.666556 ± 0.031
A5_pca_compact_hilbert,C3_frame_core_occupancy,D3,E7,320.0,530.896 ± 283,1.16953e-05 ± 4.41e-06,0.819844 ± 0.00751,0.776274 ± 0.0383
A5_pca_compact_hilbert,C3_frame_core_occupancy,D3,E7,480.0,681.467 ± 216,3.06292e-06 ± 1.92e-06,0.833229 ± 0.0215,0.663359 ± 0.00922
A5_pca_compact_hilbert,C3_frame_core_occupancy,D3,E8,320.0,8193.84 ± 2.55e+03,7.8473e-06 ± 5.49e-06,0.750859 ± 0.0396,2.44896 ± 0.185
A5_pca_compact_hilbert,C3_frame_core_occupancy,D3,E8,480.0,6875.07 ± 2.68e+03,4.22597e-06 ± 3.74e-06,0.771771 ± 0.0301,2.13561 ± 0.153
A5_pca_compact_hilbert,C3_frame_core_occupancy,D4,E0,320.0,29963.5 ± 5.22e+03,2.35243e-06 ± 1.08e-06,0.772656 ± 0.0175,0.78127 ± 0.0391
A5_pca_compact_hilbert,C3_frame_core_occupancy,D4,E0,480.0,33121 ± 5.59e+03,1.87448e-06 ± 1.34e-06,0.74875 ± 0.0113,0.702288 ± 0.0248
A5_pca_compact_hilbert,C3_frame_core_occupancy,D4,E1,320.0,640550 ± 1.01e+05,3.85773e-05 ± 3.39e-05,0.8525 ± 0.0255,1.52174 ± 0.124
A5_pca_compact_hilbert,C3_frame_core_occupancy,D4,E1,480.0,861392 ± 4.06e+05,3.7581e-05 ± 5.08e-05,0.804479 ± 0.0203,1.32959 ± 0.159
A5_pca_compact_hilbert,C3_frame_core_occupancy,D4,E2,320.0,4.61907e+06 ± 9.06e+05,0.000330884 ± 0.000437,0.896094 ± 0.0206,2.1999 ± 0.109
A5_pca_compact_hilbert,C3_frame_core_occupancy,D4,E2,480.0,6.21009e+06 ± 3.18e+06,0.000136004 ± 0.00025,0.834583 ± 0.0489,1.90897 ± 0.272
A5_pca_compact_hilbert,C3_frame_core_occupancy,D4,E5,320.0,644.121 ± 7.11,8.54005e-08 ± 8.02e-08,0.833594 ± 0.00734,0.211025 ± 0.0019
A5_pca_compact_hilbert,C3_frame_core_occupancy,D4,E5,480.0,656.542 ± 23.7,3.25304e-08 ± 3.98e-08,0.846823 ± 0.00383,0.17451 ± 0.000852
A5_pca_compact_hilbert,C3_frame_core_occupancy,D4,E6,320.0,1562.93 ± 112,9.23253e-08 ± 9.3e-08,0.841484 ± 0.00562,0.300124 ± 0.00223
A5_pca_compact_hilbert,C3_frame_core_occupancy,D4,E6,480.0,1707.21 ± 118,5.23108e-08 ± 5.13e-08,0.832187 ± 0.00463,0.246414 ± 0.000957
A5_pca_compact_hilbert,C3_frame_core_occupancy,D4,E7,320.0,2128.59 ± 84.3,8.95678e-08 ± 5.78e-08,0.816484 ± 0.00607,0.329572 ± 0.00479
A5_pca_compact_hilbert,C3_frame_core_occupancy,D4,E7,480.0,2196.14 ± 46.8,3.82253e-08 ± 2.88e-08,0.800573 ± 0.00725,0.271923 ± 0.00139
A5_pca_compact_hilbert,C3_frame_core_occupancy,D4,E8,320.0,30403.4 ± 4.12e+03,5.27637e-06 ± 6.67e-06,0.827109 ± 0.0119,0.753328 ± 0.0155
A5_pca_compact_hilbert,C3_frame_core_occupancy,D4,E8,480.0,38919.9 ± 7.42e+03,1.87552e-06 ± 8.24e-07,0.783021 ± 0.019,0.638062 ± 0.0404
A5_pca_compact_hilbert,C4_hybrid,D0,E0,256.0,37.0999 ± 28.5,1.67108e-05 ± 2.21e-05,0.764453 ± 0.0124,0.710491 ± 0.0283
A5_pca_compact_hilbert,C4_hybrid,D0,E0,384.0,46.7063 ± 50.8,1.25422e-05 ± 1.03e-05,0.718685 ± 0.0376,0.634271 ± 0.0307
A5_pca_compact_hilbert,C4_hybrid,D0,E1,256.0,1390.46 ± 686,0.000246148 ± 0.000259,0.797559 ± 0.0254,1.27406 ± 0.0566
A5_pca_compact_hilbert,C4_hybrid,D0,E1,384.0,1342.16 ± 885,6.83443e-05 ± 6.48e-05,0.795312 ± 0.0235,1.13848 ± 0.0267
A5_pca_compact_hilbert,C4_hybrid,D0,E2,256.0,4690.9 ± 1.17e+03,0.00166224 ± 0.00161,0.885938 ± 0.0172,1.62683 ± 0.0357
A5_pca_compact_hilbert,C4_hybrid,D0,E2,384.0,6693.2 ± 4.09e+03,0.000350787 ± 0.000455,0.821354 ± 0.0246,1.49436 ± 0.0793
A5_pca_compact_hilbert,C4_hybrid,D0,E5,256.0,2.07889 ± 0.0222,4.56429e-06 ± 3.13e-07,0.856348 ± 0.00269,0.188627 ± 0.0026
A5_pca_compact_hilbert,C4_hybrid,D0,E5,384.0,1.06336 ± 0.0101,6.01657e-07 ± 1.85e-07,0.870117 ± 0.0021,0.150017 ± 0.00115
A5_pca_compact_hilbert,C4_hybrid,D0,E6,256.0,1.16225 ± 0.368,6.3431e-06 ± 4.97e-06,0.864551 ± 0.00589,0.266884 ± 0.00198
A5_pca_compact_hilbert,C4_hybrid,D0,E6,384.0,1.10903 ± 0.299,2.62107e-06 ± 1.96e-06,0.829492 ± 0.0101,0.22472 ± 0.00407
A5_pca_compact_hilbert,C4_hybrid,D0,E7,256.0,1.24894 ± 0.247,2.03653e-05 ± 7.6e-06,0.851562 ± 0.00562,0.297779 ± 0.00842
A5_pca_compact_hilbert,C4_hybrid,D0,E7,384.0,1.33424 ± 0.21,1.90341e-06 ± 2.02e-07,0.859701 ± 0.00491,0.251088 ± 0.00292
A5_pca_compact_hilbert,C4_hybrid,D0,E8,256.0,46.2439 ± 20.9,1.04836e-05 ± 1.09e-05,0.778906 ± 0.0107,0.64488 ± 0.0254
A5_pca_compact_hilbert,C4_hybrid,D0,E8,384.0,32.0247 ± 16.2,4.30713e-06 ± 2.27e-06,0.742969 ± 0.00484,0.557753 ± 0.0138
A5_pca_compact_hilbert,C4_hybrid,D1,E0,269.0,6810.87 ± 2.04e+03,2.65859e-05 ± 5.42e-06,0.724442 ± 0.0259,1.49752 ± 0.13
A5_pca_compact_hilbert,C4_hybrid,D1,E0,403.0,15694.2 ± 1.23e+04,1.4015e-05 ± 1.26e-05,0.686042 ± 0.0301,1.39118 ± 0.105
A5_pca_compact_hilbert,C4_hybrid,D1,E1,269.0,189235 ± 7.7e+04,0.000247211 ± 0.000188,0.732807 ± 0.0392,3.04848 ± 0.627
A5_pca_compact_hilbert,C4_hybrid,D1,E1,403.0,209232 ± 1.34e+05,7.59156e-05 ± 3.34e-05,0.751427 ± 0.0483,2.68391 ± 0.523
A5_pca_compact_hilbert,C4_hybrid,D1,E2,269.0,1.54333e+06 ± 1.06e+06,0.000397447 ± 0.000403,0.753625 ± 0.0207,4.85916 ± 1.46
A5_pca_compact_hilbert,C4_hybrid,D1,E2,403.0,1.59373e+06 ± 7.59e+05,0.000176445 ± 0.000177,0.754715 ± 0.0759,4.46502 ± 1.26
A5_pca_compact_hilbert,C4_hybrid,D1,E5,269.0,188.611 ± 77.5,3.35348e-06 ± 1.02e-06,0.82277 ± 0.00688,0.358386 ± 0.0159
A5_pca_compact_hilbert,C4_hybrid,D1,E5,403.0,229.962 ± 65.9,9.08536e-07 ± 9.98e-07,0.810856 ± 0.0152,0.311713 ± 0.0203
A5_pca_compact_hilbert,C4_hybrid,D1,E6,269.0,356.183 ± 83.4,1.20996e-05 ± 6.29e-06,0.818959 ± 0.0136,0.487233 ± 0.0227
A5_pca_compact_hilbert,C4_hybrid,D1,E6,403.0,475.696 ± 145,3.51148e-06 ± 1.47e-06,0.791749 ± 0.0152,0.408605 ± 0.0183
A5_pca_compact_hilbert,C4_hybrid,D1,E7,269.0,622.605 ± 228,1.53038e-05 ± 6.68e-06,0.801859 ± 0.0136,0.480174 ± 0.0288
A5_pca_compact_hilbert,C4_hybrid,D1,E7,403.0,606.749 ± 132,1.735e-06 ± 6.65e-07,0.816439 ± 0.00896,0.415202 ± 0.00897
A5_pca_compact_hilbert,C4_hybrid,D1,E8,269.0,9960.12 ± 8.53e+03,6.99911e-06 ± 8.38e-06,0.745074 ± 0.0192,1.45302 ± 0.183
A5_pca_compact_hilbert,C4_hybrid,D1,E8,403.0,11074.5 ± 1.31e+04,4.74907e-06 ± 8.08e-06,0.735608 ± 0.0167,1.26677 ± 0.122
A5_pca_compact_hilbert,C4_hybrid,D2,E0,294.0,11349.9 ± 6.62e+03,3.19196e-05 ± 2.4e-05,0.758418 ± 0.025,2.12163 ± 0.0984
A5_pca_compact_hilbert,C4_hybrid,D2,E0,442.0,14438.3 ± 7.08e+03,5.49914e-06 ± 2.27e-06,0.674265 ± 0.0222,1.92153 ± 0.141
A5_pca_compact_hilbert,C4_hybrid,D2,E1,294.0,154321 ± 1.16e+05,0.000234002 ± 0.000171,0.775255 ± 0.0418,4.17699 ± 0.648
A5_pca_compact_hilbert,C4_hybrid,D2,E1,442.0,177781 ± 7.54e+04,0.00012298 ± 0.00017,0.754977 ± 0.0188,4.10072 ± 0.876
A5_pca_compact_hilbert,C4_hybrid,D2,E2,294.0,901763 ± 3.11e+05,0.000499723 ± 0.000426,0.791241 ± 0.0795,6.87549 ± 1.6
A5_pca_compact_hilbert,C4_hybrid,D2,E2,442.0,1.10266e+06 ± 9.01e+05,0.000307783 ± 0.00022,0.799378 ± 0.0777,6.82769 ± 2.3
A5_pca_compact_hilbert,C4_hybrid,D2,E5,294.0,193.551 ± 120,2.23595e-06 ± 1.68e-06,0.812075 ± 0.0169,0.495945 ± 0.045
A5_pca_compact_hilbert,C4_hybrid,D2,E5,442.0,153.653 ± 90.9,8.00351e-07 ± 5.26e-07,0.813631 ± 0.0266,0.435196 ± 0.0318
A5_pca_compact_hilbert,C4_hybrid,D2,E6,294.0,389.682 ± 246,8.31259e-06 ± 4.61e-06,0.787585 ± 0.0123,0.64497 ± 0.0616
A5_pca_compact_hilbert,C4_hybrid,D2,E6,442.0,328.605 ± 164,2.57115e-06 ± 1.23e-06,0.793043 ± 0.0102,0.558997 ± 0.028
A5_pca_compact_hilbert,C4_hybrid,D2,E7,294.0,478.731 ± 272,1.43875e-05 ± 7.33e-06,0.810799 ± 0.013,0.649276 ± 0.0288
A5_pca_compact_hilbert,C4_hybrid,D2,E7,442.0,679.96 ± 124,2.87238e-06 ± 2.35e-06,0.824491 ± 0.0105,0.53715 ± 0.0175
A5_pca_compact_hilbert,C4_hybrid,D2,E8,294.0,20161.5 ± 1.05e+04,1.4157e-05 ± 1.48e-05,0.744048 ± 0.0491,2.0321 ± 0.113
A5_pca_compact_hilbert,C4_hybrid,D2,E8,442.0,12964.1 ± 4.13e+03,4.82691e-06 ± 3.77e-06,0.732014 ± 0.0272,1.80611 ± 0.175
A5_pca_compact_hilbert,C4_hybrid,D3,E0,320.0,7734.19 ± 3.84e+03,4.60281e-05 ± 4.87e-05,0.701641 ± 0.0207,2.57295 ± 0.204
A5_pca_compact_hilbert,C4_hybrid,D3,E0,480.0,9378.54 ± 2.09e+03,6.24132e-06 ± 4.88e-06,0.710313 ± 0.00944,2.22425 ± 0.127
A5_pca_compact_hilbert,C4_hybrid,D3,E1,320.0,165360 ± 1.95e+05,0.000202713 ± 0.00017,0.772813 ± 0.0151,5.14829 ± 0.661
A5_pca_compact_hilbert,C4_hybrid,D3,E1,480.0,159195 ± 9.59e+04,9.55701e-05 ± 9.13e-05,0.765104 ± 0.0226,4.61215 ± 0.94
A5_pca_compact_hilbert,C4_hybrid,D3,E2,320.0,1.06858e+06 ± 9.1e+05,0.000661831 ± 0.000222,0.793359 ± 0.0347,8.3162 ± 2.47
A5_pca_compact_hilbert,C4_hybrid,D3,E2,480.0,979931 ± 9.13e+05,0.000137882 ± 8.89e-05,0.79026 ± 0.0606,7.72559 ± 2.45
A5_pca_compact_hilbert,C4_hybrid,D3,E5,320.0,262.083 ± 265,2.64029e-06 ± 1.21e-06,0.810625 ± 0.0364,0.569866 ± 0.0392
A5_pca_compact_hilbert,C4_hybrid,D3,E5,480.0,174.861 ± 92,6.30327e-07 ± 6.55e-07,0.81224 ± 0.029,0.487541 ± 0.0395
A5_pca_compact_hilbert,C4_hybrid,D3,E6,320.0,330.693 ± 184,9.07315e-06 ± 4.24e-06,0.806406 ± 0.021,0.724689 ± 0.0363
A5_pca_compact_hilbert,C4_hybrid,D3,E6,480.0,344.726 ± 160,3.39327e-06 ± 1.99e-06,0.7975 ± 0.0186,0.622194 ± 0.0447
A5_pca_compact_hilbert,C4_hybrid,D3,E7,320.0,511.862 ± 253,1.36583e-05 ± 3.75e-06,0.82625 ± 0.0189,0.732005 ± 0.0148
A5_pca_compact_hilbert,C4_hybrid,D3,E7,480.0,195.983 ± 108,2.24912e-06 ± 2.24e-06,0.807813 ± 0.00514,0.637187 ± 0.0123
A5_pca_compact_hilbert,C4_hybrid,D3,E8,320.0,9733.3 ± 6.77e+03,1.09589e-05 ± 9.11e-06,0.762031 ± 0.0459,2.33986 ± 0.117
A5_pca_compact_hilbert,C4_hybrid,D3,E8,480.0,12171.4 ± 4.83e+03,4.03907e-06 ± 3.64e-06,0.743958 ± 0.0169,2.15072 ± 0.14
A5_pca_compact_hilbert,C4_hybrid,D4,E0,320.0,31357.2 ± 8.15e+03,3.58534e-06 ± 3.38e-06,0.781094 ± 0.0253,0.785824 ± 0.0363
A5_pca_compact_hilbert,C4_hybrid,D4,E0,480.0,35332.6 ± 8.41e+03,1.85356e-06 ± 1.34e-06,0.75401 ± 0.0137,0.667053 ± 0.0337
A5_pca_compact_hilbert,C4_hybrid,D4,E1,320.0,657387 ± 8.28e+04,3.32719e-05 ± 3.36e-05,0.825313 ± 0.0249,1.52137 ± 0.0878
A5_pca_compact_hilbert,C4_hybrid,D4,E1,480.0,861804 ± 3.64e+05,3.05955e-05 ± 4.07e-05,0.795625 ± 0.0172,1.33489 ± 0.163
A5_pca_compact_hilbert,C4_hybrid,D4,E2,320.0,4.82643e+06 ± 7.37e+05,0.000275866 ± 0.000338,0.875078 ± 0.0377,2.20855 ± 0.0577
A5_pca_compact_hilbert,C4_hybrid,D4,E2,480.0,6.29798e+06 ± 3.08e+06,0.000101807 ± 0.000178,0.814375 ± 0.0341,1.90284 ± 0.178
A5_pca_compact_hilbert,C4_hybrid,D4,E5,320.0,644.121 ± 7.11,8.54005e-08 ± 8.02e-08,0.834609 ± 0.00514,0.224571 ± 0.00145
A5_pca_compact_hilbert,C4_hybrid,D4,E5,480.0,643.996 ± 5.16,3.25041e-08 ± 3.98e-08,0.818385 ± 0.0027,0.186002 ± 0.00225
A5_pca_compact_hilbert,C4_hybrid,D4,E6,320.0,1519.63 ± 15.2,8.8176e-08 ± 9.73e-08,0.837109 ± 0.00373,0.298295 ± 0.0013
A5_pca_compact_hilbert,C4_hybrid,D4,E6,480.0,1530.41 ± 11.1,5.23108e-08 ± 5.13e-08,0.828594 ± 0.00529,0.245543 ± 0.00111
A5_pca_compact_hilbert,C4_hybrid,D4,E7,320.0,2127.14 ± 86.8,8.96657e-08 ± 5.76e-08,0.816797 ± 0.00625,0.332194 ± 0.0049
A5_pca_compact_hilbert,C4_hybrid,D4,E7,480.0,2283.64 ± 82.5,3.54291e-08 ± 2.54e-08,0.77224 ± 0.00664,0.262198 ± 0.00256
A5_pca_compact_hilbert,C4_hybrid,D4,E8,320.0,35007.7 ± 5.11e+03,5.81045e-06 ± 6.15e-06,0.815625 ± 0.0271,0.715289 ± 0.0151
A5_pca_compact_hilbert,C4_hybrid,D4,E8,480.0,40987.3 ± 9.21e+03,2.46252e-06 ± 7.98e-07,0.776563 ± 0.0257,0.636789 ± 0.013
A5b_robust_frame_morton,C0_uniform,D0,E0,256.0,108.875 ± 43.7,7.1238e-05 ± 6.8e-05,0.761621 ± 0.0221,0.835134 ± 0.0265
A5b_robust_frame_morton,C0_uniform,D0,E0,384.0,176.445 ± 78,7.5669e-06 ± 6.23e-06,0.728841 ± 0.0245,0.748442 ± 0.0152
A5b_robust_frame_morton,C0_uniform,D0,E1,256.0,7222.22 ± 4.85e+03,0.00017367 ± 0.000151,0.61582 ± 0.0281,2.54759 ± 0.377
A5b_robust_frame_morton,C0_uniform,D0,E1,384.0,5529.05 ± 3.24e+03,5.50184e-05 ± 5.38e-05,0.627279 ± 0.0193,2.35563 ± 0.329
A5b_robust_frame_morton,C0_uniform,D0,E2,256.0,44308.3 ± 2.5e+04,0.00034806 ± 0.000258,0.512305 ± 0.0293,4.90924 ± 0.754
A5b_robust_frame_morton,C0_uniform,D0,E2,384.0,86950.3 ± 9.68e+04,8.56735e-05 ± 9.04e-05,0.537956 ± 0.033,4.50635 ± 0.733
A5b_robust_frame_morton,C0_uniform,D0,E5,256.0,10.218 ± 1.62,3.06512e-06 ± 1.1e-06,0.830762 ± 0.00469,0.237613 ± 0.0085
A5b_robust_frame_morton,C0_uniform,D0,E5,384.0,10.7417 ± 0.63,4.50989e-07 ± 1.02e-07,0.808268 ± 0.00978,0.199898 ± 0.0037
A5b_robust_frame_morton,C0_uniform,D0,E6,256.0,16.1125 ± 0.711,5.87246e-06 ± 3.25e-06,0.759863 ± 0.0067,0.425785 ± 0.00726
A5b_robust_frame_morton,C0_uniform,D0,E6,384.0,16.6537 ± 0.368,3.23803e-06 ± 1.53e-07,0.770898 ± 0.0114,0.347119 ± 0.0108
A5b_robust_frame_morton,C0_uniform,D0,E7,256.0,62.888 ± 2.89,2.33362e-05 ± 4.4e-06,0.753223 ± 0.00689,0.468806 ± 0.0193
A5b_robust_frame_morton,C0_uniform,D0,E7,384.0,56.8881 ± 3.33,2.04336e-06 ± 8.65e-08,0.757812 ± 0.00688,0.403294 ± 0.00518
A5b_robust_frame_morton,C0_uniform,D0,E8,256.0,190.408 ± 80.8,8.6174e-06 ± 7.92e-06,0.746094 ± 0.0282,0.780379 ± 0.0273
A5b_robust_frame_morton,C0_uniform,D0,E8,384.0,203.036 ± 53.3,6.53336e-06 ± 5.81e-06,0.736458 ± 0.0248,0.695695 ± 0.0445
A5b_robust_frame_morton,C0_uniform,D1,E0,269.0,10373.7 ± 6.15e+03,1.86709e-05 ± 2.07e-05,0.7329 ± 0.0183,1.64491 ± 0.109
A5b_robust_frame_morton,C0_uniform,D1,E0,403.0,25297.7 ± 1.88e+04,1.62067e-05 ± 1.2e-05,0.722084 ± 0.028,1.45104 ± 0.0616
A5b_robust_frame_morton,C0_uniform,D1,E1,269.0,709757 ± 8.75e+05,8.77076e-05 ± 6.89e-05,0.60539 ± 0.0256,4.22845 ± 0.873
A5b_robust_frame_morton,C0_uniform,D1,E1,403.0,1.32016e+06 ± 6.3e+05,3.66228e-05 ± 2.97e-05,0.637717 ± 0.0236,4.04542 ± 0.423
A5b_robust_frame_morton,C0_uniform,D1,E2,269.0,4.07091e+06 ± 3.94e+06,0.000247595 ± 0.00024,0.503625 ± 0.0281,7.46677 ± 1.65
A5b_robust_frame_morton,C0_uniform,D1,E2,403.0,4.83387e+06 ± 2.85e+06,8.47959e-05 ± 6.13e-05,0.555893 ± 0.0172,6.89194 ± 1.01
A5b_robust_frame_morton,C0_uniform,D1,E5,269.0,547.697 ± 433,4.20513e-06 ± 1.09e-06,0.793494 ± 0.0159,0.485262 ± 0.0376
A5b_robust_frame_morton,C0_uniform,D1,E5,403.0,358.448 ± 431,4.87506e-07 ± 1.56e-07,0.775124 ± 0.00952,0.397269 ± 0.0171
A5b_robust_frame_morton,C0_uniform,D1,E6,269.0,931.031 ± 767,9.04989e-06 ± 8.31e-06,0.746375 ± 0.00518,0.743143 ± 0.044
A5b_robust_frame_morton,C0_uniform,D1,E6,403.0,1032.49 ± 859,3.11268e-06 ± 1.5e-07,0.756514 ± 0.00476,0.617371 ± 0.0227
A5b_robust_frame_morton,C0_uniform,D1,E7,269.0,1377.2 ± 1.01e+03,2.40569e-05 ± 3.39e-06,0.752881 ± 0.00368,0.78702 ± 0.029
A5b_robust_frame_morton,C0_uniform,D1,E7,403.0,2386.15 ± 1.48e+03,3.13085e-06 ± 1.99e-06,0.740695 ± 0.0209,0.712735 ± 0.0433
A5b_robust_frame_morton,C0_uniform,D1,E8,269.0,20824.8 ± 1.5e+04,6.55507e-06 ± 7.59e-06,0.741914 ± 0.0199,1.52317 ± 0.141
A5b_robust_frame_morton,C0_uniform,D1,E8,403.0,24560 ± 1.25e+04,8.92822e-06 ± 7.01e-06,0.737531 ± 0.015,1.33931 ± 0.0995
A5b_robust_frame_morton,C0_uniform,D2,E0,294.0,25160.3 ± 2.51e+04,5.17428e-05 ± 5.1e-05,0.714541 ± 0.0253,2.33733 ± 0.165
A5b_robust_frame_morton,C0_uniform,D2,E0,442.0,40744.8 ± 1.65e+04,1.18704e-05 ± 1.11e-05,0.698303 ± 0.00601,2.06493 ± 0.0809
A5b_robust_frame_morton,C0_uniform,D2,E1,294.0,990600 ± 3.99e+05,0.000133098 ± 0.000188,0.597789 ± 0.0291,6.26375 ± 0.651
A5b_robust_frame_morton,C0_uniform,D2,E1,442.0,1.56252e+06 ± 5e+05,3.11204e-05 ± 3.23e-05,0.615215 ± 0.0141,5.7329 ± 0.551
A5b_robust_frame_morton,C0_uniform,D2,E2,294.0,8.90006e+06 ± 6.46e+06,0.000201313 ± 0.000162,0.500765 ± 0.0367,11.6911 ± 2.33
A5b_robust_frame_morton,C0_uniform,D2,E2,442.0,1.33525e+07 ± 2.36e+06,6.25252e-05 ± 8.41e-05,0.539253 ± 0.0167,10.3504 ± 1.15
A5b_robust_frame_morton,C0_uniform,D2,E5,294.0,720.239 ± 472,3.19495e-06 ± 1.28e-06,0.760034 ± 0.0195,0.679906 ± 0.0606
A5b_robust_frame_morton,C0_uniform,D2,E5,442.0,974.15 ± 740,4.33685e-07 ± 1.73e-07,0.743495 ± 0.0246,0.609592 ± 0.0531
A5b_robust_frame_morton,C0_uniform,D2,E6,294.0,1287.57 ± 950,8.02888e-06 ± 2.79e-06,0.709949 ± 0.0135,0.98115 ± 0.0979
A5b_robust_frame_morton,C0_uniform,D2,E6,442.0,2249.81 ± 1e+03,3.36215e-06 ± 3.58e-07,0.73224 ± 0.00164,0.884773 ± 0.0522
A5b_robust_frame_morton,C0_uniform,D2,E7,294.0,4272.22 ± 1.55e+03,1.8859e-05 ± 3.78e-06,0.715306 ± 0.0126,1.13554 ± 0.0894
A5b_robust_frame_morton,C0_uniform,D2,E7,442.0,4319.94 ± 2.4e+03,2.24531e-06 ± 1.61e-06,0.722851 ± 0.0117,0.947329 ± 0.0549
A5b_robust_frame_morton,C0_uniform,D2,E8,294.0,29451.8 ± 1.79e+04,6.67011e-06 ± 6.88e-06,0.720493 ± 0.0237,2.16766 ± 0.109
A5b_robust_frame_morton,C0_uniform,D2,E8,442.0,36080.3 ± 2.01e+04,7.11993e-06 ± 9.03e-06,0.707014 ± 0.0222,2.03121 ± 0.102
A5b_robust_frame_morton,C0_uniform,D3,E0,320.0,39608 ± 1.38e+04,2.77994e-05 ± 2.5e-05,0.701719 ± 0.0116,2.61529 ± 0.197
A5b_robust_frame_morton,C0_uniform,D3,E0,480.0,39241.3 ± 1.92e+04,4.33078e-06 ± 3.38e-06,0.681615 ± 0.0307,2.32721 ± 0.123
A5b_robust_frame_morton,C0_uniform,D3,E1,320.0,1.18577e+06 ± 7.77e+05,0.000111326 ± 0.000107,0.587109 ± 0.0288,7.17955 ± 0.913
A5b_robust_frame_morton,C0_uniform,D3,E1,480.0,1.67665e+06 ± 2.49e+05,3.63936e-05 ± 4.2e-05,0.622292 ± 0.0283,6.32414 ± 0.67
A5b_robust_frame_morton,C0_uniform,D3,E2,320.0,8.28399e+06 ± 5.47e+06,0.000151821 ± 0.000125,0.498906 ± 0.038,12.8791 ± 2.17
A5b_robust_frame_morton,C0_uniform,D3,E2,480.0,1.28401e+07 ± 2.08e+06,8.44003e-05 ± 7.76e-05,0.547708 ± 0.0306,11.458 ± 1.42
A5b_robust_frame_morton,C0_uniform,D3,E5,320.0,637.89 ± 348,2.65769e-06 ± 1.32e-06,0.726094 ± 0.0147,0.780405 ± 0.0566
A5b_robust_frame_morton,C0_uniform,D3,E5,480.0,1103.66 ± 575,4.84978e-07 ± 1.92e-07,0.725417 ± 0.0291,0.694921 ± 0.0632
A5b_robust_frame_morton,C0_uniform,D3,E6,320.0,2135.68 ± 838,9.09738e-06 ± 4.27e-06,0.688359 ± 0.0155,1.15147 ± 0.0637
A5b_robust_frame_morton,C0_uniform,D3,E6,480.0,2068.25 ± 909,3.01883e-06 ± 4.2e-07,0.714115 ± 0.00923,0.961841 ± 0.0465
A5b_robust_frame_morton,C0_uniform,D3,E7,320.0,4596.8 ± 1.75e+03,1.94449e-05 ± 3.64e-06,0.708594 ± 0.00903,1.25711 ± 0.0893
A5b_robust_frame_morton,C0_uniform,D3,E7,480.0,4531.92 ± 1.26e+03,1.65541e-06 ± 1.14e-07,0.700417 ± 0.0103,1.03131 ± 0.0324
A5b_robust_frame_morton,C0_uniform,D3,E8,320.0,34313.3 ± 1.64e+04,7.59698e-06 ± 4.75e-06,0.705078 ± 0.0254,2.56777 ± 0.0949
A5b_robust_frame_morton,C0_uniform,D3,E8,480.0,35896.5 ± 1.27e+04,3.33726e-06 ± 3.96e-06,0.694375 ± 0.0219,2.29245 ± 0.0908
A5b_robust_frame_morton,C0_uniform,D4,E0,320.0,32656 ± 7.66e+03,7.72118e-06 ± 4.02e-06,0.807109 ± 0.0168,0.913986 ± 0.0464
A5b_robust_frame_morton,C0_uniform,D4,E0,480.0,36780 ± 6.62e+03,2.85916e-06 ± 3.27e-06,0.775573 ± 0.0272,0.859278 ± 0.0433
A5b_robust_frame_morton,C0_uniform,D4,E1,320.0,855112 ± 3.29e+05,4.17849e-05 ± 3.52e-05,0.681016 ± 0.0174,2.80764 ± 0.895
A5b_robust_frame_morton,C0_uniform,D4,E1,480.0,960549 ± 3.13e+05,3.8137e-05 ± 6.31e-05,0.686562 ± 0.0174,2.37812 ± 0.66
A5b_robust_frame_morton,C0_uniform,D4,E2,320.0,6.05548e+06 ± 2.24e+06,0.00020992 ± 0.000269,0.5825 ± 0.0516,5.34126 ± 4.07
A5b_robust_frame_morton,C0_uniform,D4,E2,480.0,7.95437e+06 ± 3.35e+06,5.66765e-05 ± 0.000137,0.612708 ± 0.0165,4.45498 ± 2.19
A5b_robust_frame_morton,C0_uniform,D4,E5,320.0,666.339 ± 14.3,1.02905e-07 ± 9.48e-08,0.814297 ± 0.0195,0.240204 ± 0.00512
A5b_robust_frame_morton,C0_uniform,D4,E5,480.0,655.5 ± 23.7,2.84052e-08 ± 1.4e-08,0.763385 ± 0.015,0.194521 ± 0.00645
A5b_robust_frame_morton,C0_uniform,D4,E6,320.0,1902.6 ± 270,1.18346e-07 ± 1.36e-07,0.794844 ± 0.0226,0.410663 ± 0.0443
A5b_robust_frame_morton,C0_uniform,D4,E6,480.0,1863.26 ± 272,5.59391e-08 ± 2.93e-08,0.807031 ± 0.0491,0.342159 ± 0.0407
A5b_robust_frame_morton,C0_uniform,D4,E7,320.0,2088.64 ± 139,1.00902e-07 ± 8.69e-08,0.790078 ± 0.0139,0.467357 ± 0.0686
A5b_robust_frame_morton,C0_uniform,D4,E7,480.0,2670.8 ± 489,3.67847e-08 ± 3.26e-08,0.784792 ± 0.0118,0.543102 ± 0.0535
A5b_robust_frame_morton,C0_uniform,D4,E8,320.0,37065.1 ± 8.67e+03,5.20088e-06 ± 5.67e-06,0.790781 ± 0.0236,0.958262 ± 0.214
A5b_robust_frame_morton,C0_uniform,D4,E8,480.0,37837.5 ± 1.04e+04,3.49951e-06 ± 4.08e-06,0.778958 ± 0.0106,0.811887 ± 0.0916
A5b_robust_frame_morton,C1_monotone_half,D0,E0,256.0,115.336 ± 58,5.36832e-05 ± 3.34e-05,0.741016 ± 0.0396,1.65029 ± 0.0816
A5b_robust_frame_morton,C1_monotone_half,D0,E0,384.0,105.237 ± 51.6,2.82066e-05 ± 1.95e-05,0.633398 ± 0.012,1.60145 ± 0.0622
A5b_robust_frame_morton,C1_monotone_half,D0,E1,256.0,128.489 ± 27.2,0.000871051 ± 0.000765,0.997852 ± 0.0011,1.69834 ± 0.0925
A5b_robust_frame_morton,C1_monotone_half,D0,E1,384.0,128.447 ± 27.6,0.000251656 ± 0.000113,0.983594 ± 0.00884,1.58749 ± 0.0638
A5b_robust_frame_morton,C1_monotone_half,D0,E2,256.0,599.195 ± 169,0.0017592 ± 0.00116,1 ± 0,1.75428 ± 0.0771
A5b_robust_frame_morton,C1_monotone_half,D0,E2,384.0,555.873 ± 244,0.000889389 ± 0.000533,0.999089 ± 0.00119,1.65511 ± 0.0801
A5b_robust_frame_morton,C1_monotone_half,D0,E5,256.0,7.38623 ± 0.785,1.65565e-05 ± 4.59e-06,0.984277 ± 0.00362,0.691126 ± 0.0194
A5b_robust_frame_morton,C1_monotone_half,D0,E5,384.0,6.63657 ± 1.25,6.70579e-06 ± 2.3e-06,0.946875 ± 0.00302,0.56646 ± 0.0394
A5b_robust_frame_morton,C1_monotone_half,D0,E6,256.0,15.6573 ± 2.28,4.62973e-05 ± 1.39e-05,0.950781 ± 0.00301,0.749651 ± 0.0304
A5b_robust_frame_morton,C1_monotone_half,D0,E6,384.0,15.8148 ± 1.82,2.54828e-05 ± 4.47e-06,0.884049 ± 0.00956,0.671589 ± 0.00794
A5b_robust_frame_morton,C1_monotone_half,D0,E7,256.0,1.0131 ± 0.0113,0.000114468 ± 2.65e-05,0.999707 ± 0.000332,0.692393 ± 0.0237
A5b_robust_frame_morton,C1_monotone_half,D0,E7,384.0,1.00908 ± 0.0115,3.40315e-05 ± 9.18e-06,0.99349 ± 0.0023,0.635117 ± 0.0113
A5b_robust_frame_morton,C1_monotone_half,D0,E8,256.0,141.571 ± 80.5,3.14325e-05 ± 2.56e-05,0.87207 ± 0.0218,1.25749 ± 0.158
A5b_robust_frame_morton,C1_monotone_half,D0,E8,384.0,181.268 ± 108,1.1715e-05 ± 1.37e-05,0.78431 ± 0.0411,1.24797 ± 0.1
A5b_robust_frame_morton,C1_monotone_half,D1,E0,269.0,17908.1 ± 7.48e+03,6.28053e-05 ± 2.55e-05,0.734758 ± 0.0501,2.10497 ± 0.186
A5b_robust_frame_morton,C1_monotone_half,D1,E0,403.0,37669.6 ± 2.87e+04,1.72947e-05 ± 1.51e-05,0.609305 ± 0.0298,2.1098 ± 0.218
A5b_robust_frame_morton,C1_monotone_half,D1,E1,269.0,246706 ± 2.87e+05,0.000524398 ± 0.000302,0.893494 ± 0.247,3.3827 ± 1.31
A5b_robust_frame_morton,C1_monotone_half,D1,E1,403.0,252293 ± 2.1e+05,0.000133858 ± 0.000166,0.808251 ± 0.208,3.22785 ± 1.12
A5b_robust_frame_morton,C1_monotone_half,D1,E2,269.0,1.51272e+06 ± 1.44e+06,0.00109977 ± 0.000559,0.911431 ± 0.226,5.10755 ± 2.78
A5b_robust_frame_morton,C1_monotone_half,D1,E2,403.0,2.10048e+06 ± 2e+06,0.000605007 ± 0.000618,0.841315 ± 0.22,5.01922 ± 2.42
A5b_robust_frame_morton,C1_monotone_half,D1,E5,269.0,421.47 ± 418,1.67251e-05 ± 4.65e-06,0.967937 ± 0.0135,0.616432 ± 0.0369
A5b_robust_frame_morton,C1_monotone_half,D1,E5,403.0,477.955 ± 322,3.1789e-06 ± 6.29e-07,0.883437 ± 0.0383,0.573556 ± 0.0438
A5b_robust_frame_morton,C1_monotone_half,D1,E6,269.0,882.694 ± 268,3.41158e-05 ± 1.69e-05,0.93039 ± 0.0127,0.782498 ± 0.093
A5b_robust_frame_morton,C1_monotone_half,D1,E6,403.0,881.729 ± 506,2.30672e-05 ± 6.24e-06,0.836352 ± 0.0238,0.724107 ± 0.0745
A5b_robust_frame_morton,C1_monotone_half,D1,E7,269.0,162.468 ± 53,7.27237e-05 ± 1.59e-05,0.996004 ± 0.00229,0.734555 ± 0.0301
A5b_robust_frame_morton,C1_monotone_half,D1,E7,403.0,159.629 ± 61.2,1.65931e-05 ± 4.94e-06,0.982506 ± 0.0037,0.693033 ± 0.0502
A5b_robust_frame_morton,C1_monotone_half,D1,E8,269.0,15568.3 ± 7.85e+03,1.25382e-05 ± 7.33e-06,0.770632 ± 0.114,2.04027 ± 0.335
A5b_robust_frame_morton,C1_monotone_half,D1,E8,403.0,20211.3 ± 8.78e+03,8.5406e-06 ± 7.42e-06,0.655459 ± 0.125,2.06697 ± 0.254
A5b_robust_frame_morton,C1_monotone_half,D2,E0,294.0,22964.4 ± 1.04e+04,7.82785e-05 ± 2.61e-05,0.739201 ± 0.0421,3.23387 ± 0.384
A5b_robust_frame_morton,C1_monotone_half,D2,E0,442.0,34791.2 ± 1.16e+04,2.1355e-05 ± 2.19e-05,0.630034 ± 0.0445,3.29899 ± 0.109
A5b_robust_frame_morton,C1_monotone_half,D2,E1,294.0,386733 ± 5.82e+05,0.000408877 ± 0.000372,0.889541 ± 0.238,5.8142 ± 2.14
A5b_robust_frame_morton,C1_monotone_half,D2,E1,442.0,315888 ± 2.63e+05,0.00015613 ± 0.000112,0.875113 ± 0.03,5.95782 ± 2.03
A5b_robust_frame_morton,C1_monotone_half,D2,E2,294.0,2.69821e+06 ± 4.58e+06,0.00100664 ± 0.000919,0.905612 ± 0.221,9.4299 ± 4.77
A5b_robust_frame_morton,C1_monotone_half,D2,E2,442.0,2.08477e+06 ± 2.11e+06,0.000460463 ± 0.000437,0.907127 ± 0.0425,10.0922 ± 5.13
A5b_robust_frame_morton,C1_monotone_half,D2,E5,294.0,553.603 ± 210,1.86566e-05 ± 4.26e-06,0.952466 ± 0.0128,0.885409 ± 0.0662
A5b_robust_frame_morton,C1_monotone_half,D2,E5,442.0,884.384 ± 245,3.24741e-06 ± 1.53e-06,0.858201 ± 0.0426,0.925742 ± 0.0848
A5b_robust_frame_morton,C1_monotone_half,D2,E6,294.0,1410.09 ± 292,3.32067e-05 ± 6.86e-06,0.916922 ± 0.0114,1.173 ± 0.106
A5b_robust_frame_morton,C1_monotone_half,D2,E6,442.0,1815.69 ± 311,1.96873e-05 ± 7.23e-06,0.834842 ± 0.0253,1.08859 ± 0.103
A5b_robust_frame_morton,C1_monotone_half,D2,E7,294.0,156.537 ± 21.1,7.84847e-05 ± 3.55e-05,0.993197 ± 0.00427,0.9017 ± 0.0506
A5b_robust_frame_morton,C1_monotone_half,D2,E7,442.0,176.166 ± 36.8,1.4433e-05 ± 5.82e-06,0.978733 ± 0.00305,0.903393 ± 0.0238
A5b_robust_frame_morton,C1_monotone_half,D2,E8,294.0,23446 ± 6.63e+03,2.47925e-05 ± 1.88e-05,0.822109 ± 0.0605,3.03957 ± 0.232
A5b_robust_frame_morton,C1_monotone_half,D2,E8,442.0,29427.8 ± 8.77e+03,6.51988e-06 ± 9.02e-06,0.722907 ± 0.0478,3.02884 ± 0.0549
A5b_robust_frame_morton,C1_monotone_half,D3,E0,320.0,28931.5 ± 1.39e+04,8.13929e-05 ± 7.8e-05,0.738516 ± 0.0361,4.40093 ± 0.546
A5b_robust_frame_morton,C1_monotone_half,D3,E0,480.0,40102.3 ± 1.76e+04,1.34236e-05 ± 2.11e-05,0.61974 ± 0.0406,4.58974 ± 0.335
A5b_robust_frame_morton,C1_monotone_half,D3,E1,320.0,253869 ± 2.14e+05,0.000648075 ± 0.000388,0.961797 ± 0.0282,7.68821 ± 2.4
A5b_robust_frame_morton,C1_monotone_half,D3,E1,480.0,376637 ± 3.28e+05,0.000173567 ± 0.000197,0.879792 ± 0.035,7.88562 ± 2.67
A5b_robust_frame_morton,C1_monotone_half,D3,E2,320.0,1.40053e+06 ± 1.17e+06,0.00157914 ± 0.00124,0.971406 ± 0.027,12.6929 ± 5.76
A5b_robust_frame_morton,C1_monotone_half,D3,E2,480.0,2.38228e+06 ± 2.08e+06,0.000468125 ± 0.000406,0.915104 ± 0.0391,13.5481 ± 6.98
A5b_robust_frame_morton,C1_monotone_half,D3,E5,320.0,714.184 ± 112,1.29436e-05 ± 5.15e-06,0.941641 ± 0.0169,1.19852 ± 0.108
A5b_robust_frame_morton,C1_monotone_half,D3,E5,480.0,1000.85 ± 164,2.95023e-06 ± 1.07e-06,0.84724 ± 0.0542,1.10906 ± 0.0504
A5b_robust_frame_morton,C1_monotone_half,D3,E6,320.0,1722.9 ± 262,3.3743e-05 ± 1.63e-05,0.912578 ± 0.0193,1.44808 ± 0.0642
A5b_robust_frame_morton,C1_monotone_half,D3,E6,480.0,2133.29 ± 598,1.87972e-05 ± 7.49e-06,0.828125 ± 0.0359,1.41277 ± 0.144
A5b_robust_frame_morton,C1_monotone_half,D3,E7,320.0,204.967 ± 57.2,7.12346e-05 ± 5.21e-05,0.991484 ± 0.00349,1.0884 ± 0.0495
A5b_robust_frame_morton,C1_monotone_half,D3,E7,480.0,185.036 ± 46.5,1.79561e-05 ± 1.4e-06,0.973333 ± 0.00493,1.04469 ± 0.0299
A5b_robust_frame_morton,C1_monotone_half,D3,E8,320.0,31742.3 ± 9.11e+03,2.35447e-05 ± 3.9e-05,0.789141 ± 0.0811,4.20411 ± 0.215
A5b_robust_frame_morton,C1_monotone_half,D3,E8,480.0,37263.5 ± 1.3e+04,7.09551e-06 ± 6.1e-06,0.738021 ± 0.0311,4.1419 ± 0.333
A5b_robust_frame_morton,C1_monotone_half,D4,E0,320.0,28859.5 ± 5.43e+03,4.24848e-06 ± 3.5e-06,0.767109 ± 0.0277,1.22081 ± 0.0479
A5b_robust_frame_morton,C1_monotone_half,D4,E0,480.0,32268.5 ± 5.74e+03,2.79572e-06 ± 2.25e-06,0.694427 ± 0.0473,1.17133 ± 0.0932
A5b_robust_frame_morton,C1_monotone_half,D4,E1,320.0,657535 ± 1.18e+05,0.000101098 ± 0.000174,0.885234 ± 0.183,1.91134 ± 0.938
A5b_robust_frame_morton,C1_monotone_half,D4,E1,480.0,848387 ± 4.45e+05,6.97521e-05 ± 0.000117,0.818646 ± 0.12,1.67015 ± 0.77
A5b_robust_frame_morton,C1_monotone_half,D4,E2,320.0,4.68888e+06 ± 9.55e+05,0.000310337 ± 0.000439,0.903047 ± 0.17,2.63906 ± 1.76
A5b_robust_frame_morton,C1_monotone_half,D4,E2,480.0,6.4913e+06 ± 4.1e+06,9.97881e-05 ± 0.00016,0.822656 ± 0.138,2.20262 ± 1.32
A5b_robust_frame_morton,C1_monotone_half,D4,E5,320.0,682.499 ± 60.9,1.29324e-07 ± 1.43e-07,0.988203 ± 0.00808,0.416651 ± 0.0159
A5b_robust_frame_morton,C1_monotone_half,D4,E5,480.0,667.464 ± 28.8,4.62599e-08 ± 2.58e-08,0.91026 ± 0.0725,0.39108 ± 0.0134
A5b_robust_frame_morton,C1_monotone_half,D4,E6,320.0,1537.43 ± 32,2.17694e-07 ± 2.18e-07,0.956953 ± 0.00489,0.481986 ± 0.0174
A5b_robust_frame_morton,C1_monotone_half,D4,E6,480.0,1541.17 ± 23.2,1.09065e-07 ± 1.38e-07,0.887604 ± 0.00888,0.42287 ± 0.0185
A5b_robust_frame_morton,C1_monotone_half,D4,E7,320.0,2042.39 ± 85.3,1.7348e-07 ± 1.55e-07,0.989766 ± 0.00373,0.529874 ± 0.0225
A5b_robust_frame_morton,C1_monotone_half,D4,E7,480.0,2009.53 ± 2.33,7.21274e-08 ± 8.39e-08,0.905104 ± 0.00575,0.472302 ± 0.0132
A5b_robust_frame_morton,C1_monotone_half,D4,E8,320.0,29200.3 ± 3.92e+03,5.93157e-06 ± 4.28e-06,0.867109 ± 0.0235,0.990741 ± 0.045
A5b_robust_frame_morton,C1_monotone_half,D4,E8,480.0,34253.1 ± 7.22e+03,2.17164e-06 ± 1.01e-06,0.799948 ± 0.0259,0.920139 ± 0.0245
A5b_robust_frame_morton,C2_occupancy_floor1,D0,E0,256.0,108.875 ± 43.7,7.43097e-05 ± 7.18e-05,0.762109 ± 0.0217,0.836916 ± 0.0331
A5b_robust_frame_morton,C2_occupancy_floor1,D0,E0,384.0,178.815 ± 78.7,7.58235e-06 ± 6.22e-06,0.720833 ± 0.0262,0.770094 ± 0.0354
A5b_robust_frame_morton,C2_occupancy_floor1,D0,E1,256.0,622.237 ± 1.15e+03,0.000320571 ± 0.000246,0.81582 ± 0.0832,1.43931 ± 0.181
A5b_robust_frame_morton,C2_occupancy_floor1,D0,E1,384.0,423.654 ± 151,6.8011e-05 ± 5.85e-05,0.759831 ± 0.0319,1.2996 ± 0.0777
A5b_robust_frame_morton,C2_occupancy_floor1,D0,E2,256.0,847.09 ± 413,0.00092645 ± 0.000794,0.875684 ± 0.0275,1.86881 ± 0.0871
A5b_robust_frame_morton,C2_occupancy_floor1,D0,E2,384.0,561.642 ± 234,0.000282559 ± 0.000278,0.876823 ± 0.0699,1.50415 ± 0.0812
A5b_robust_frame_morton,C2_occupancy_floor1,D0,E5,256.0,6.09318 ± 0.306,2.76406e-06 ± 2.28e-06,0.880176 ± 0.00221,0.21548 ± 0.00338
A5b_robust_frame_morton,C2_occupancy_floor1,D0,E5,384.0,5.94544 ± 0.231,1.33505e-06 ± 1.4e-06,0.857357 ± 0.0103,0.17585 ± 0.00446
A5b_robust_frame_morton,C2_occupancy_floor1,D0,E6,256.0,15.7195 ± 2.94,1.61751e-05 ± 5.31e-06,0.843164 ± 0.00662,0.314689 ± 0.00802
A5b_robust_frame_morton,C2_occupancy_floor1,D0,E6,384.0,16.9729 ± 0.563,4.12263e-06 ± 6.8e-07,0.827083 ± 0.0201,0.263587 ± 0.00316
A5b_robust_frame_morton,C2_occupancy_floor1,D0,E7,256.0,9.36812 ± 1.11,2.74951e-05 ± 1.17e-05,0.810645 ± 0.00824,0.371235 ± 0.00595
A5b_robust_frame_morton,C2_occupancy_floor1,D0,E7,384.0,9.83781 ± 0.557,3.8371e-06 ± 4.29e-07,0.782422 ± 0.00147,0.314567 ± 0.00264
A5b_robust_frame_morton,C2_occupancy_floor1,D0,E8,256.0,151.267 ± 32.2,9.76673e-06 ± 8.46e-06,0.726367 ± 0.0304,0.778303 ± 0.0527
A5b_robust_frame_morton,C2_occupancy_floor1,D0,E8,384.0,135.666 ± 65.1,4.78278e-06 ± 3.82e-06,0.72806 ± 0.0299,0.673589 ± 0.0357
A5b_robust_frame_morton,C2_occupancy_floor1,D1,E0,269.0,10313 ± 6.07e+03,1.8219e-05 ± 1.81e-05,0.716264 ± 0.0375,1.8844 ± 0.133
A5b_robust_frame_morton,C2_occupancy_floor1,D1,E0,403.0,23681.7 ± 1.94e+04,1.35011e-05 ± 1.07e-05,0.732258 ± 0.0469,1.74378 ± 0.0654
A5b_robust_frame_morton,C2_occupancy_floor1,D1,E1,269.0,186774 ± 1.04e+05,0.000198043 ± 0.000257,0.662918 ± 0.0661,3.50133 ± 0.668
A5b_robust_frame_morton,C2_occupancy_floor1,D1,E1,403.0,410808 ± 3.18e+05,7.83109e-05 ± 0.000104,0.65639 ± 0.0434,3.46272 ± 0.898
A5b_robust_frame_morton,C2_occupancy_floor1,D1,E2,269.0,1.35645e+06 ± 1.09e+06,0.000458385 ± 0.000417,0.590242 ± 0.0622,5.79713 ± 1.28
A5b_robust_frame_morton,C2_occupancy_floor1,D1,E2,403.0,2.73385e+06 ± 2.01e+06,0.000156732 ± 0.000137,0.571154 ± 0.047,5.62924 ± 1.5
A5b_robust_frame_morton,C2_occupancy_floor1,D1,E5,269.0,534.254 ± 371,4.67798e-06 ± 1.5e-06,0.815428 ± 0.0117,0.465187 ± 0.0269
A5b_robust_frame_morton,C2_occupancy_floor1,D1,E5,403.0,475.161 ± 447,4.17586e-07 ± 3.42e-08,0.806948 ± 0.00685,0.405093 ± 0.018
A5b_robust_frame_morton,C2_occupancy_floor1,D1,E6,269.0,1449.92 ± 1.67e+03,9.55184e-06 ± 5.03e-06,0.807528 ± 0.0131,0.576122 ± 0.0502
A5b_robust_frame_morton,C2_occupancy_floor1,D1,E6,403.0,1208.06 ± 871,3.26336e-06 ± 3.8e-07,0.749814 ± 0.0173,0.491938 ± 0.0358
A5b_robust_frame_morton,C2_occupancy_floor1,D1,E7,269.0,623.288 ± 272,2.22121e-05 ± 7.28e-06,0.819796 ± 0.0331,0.69994 ± 0.0557
A5b_robust_frame_morton,C2_occupancy_floor1,D1,E7,403.0,499.439 ± 325,2.52828e-06 ± 8.02e-07,0.787531 ± 0.00686,0.537629 ± 0.136
A5b_robust_frame_morton,C2_occupancy_floor1,D1,E8,269.0,22257.8 ± 1.32e+04,5.24562e-06 ± 6.92e-06,0.741729 ± 0.0419,1.65095 ± 0.153
A5b_robust_frame_morton,C2_occupancy_floor1,D1,E8,403.0,24183.8 ± 1.55e+04,8.21978e-06 ± 9.02e-06,0.759988 ± 0.0281,1.51417 ± 0.14
A5b_robust_frame_morton,C2_occupancy_floor1,D2,E0,294.0,25160.3 ± 2.51e+04,6.35543e-05 ± 6.42e-05,0.701531 ± 0.0434,2.55034 ± 0.172
A5b_robust_frame_morton,C2_occupancy_floor1,D2,E0,442.0,43378.7 ± 2.1e+04,1.55204e-05 ± 1.23e-05,0.718439 ± 0.0221,2.31368 ± 0.0746
A5b_robust_frame_morton,C2_occupancy_floor1,D2,E1,294.0,518242 ± 6.4e+05,0.000216756 ± 0.000259,0.670493 ± 0.0675,5.14531 ± 1.14
A5b_robust_frame_morton,C2_occupancy_floor1,D2,E1,442.0,780367 ± 7.91e+05,5.54882e-05 ± 5.07e-05,0.647851 ± 0.052,4.86748 ± 1.12
A5b_robust_frame_morton,C2_occupancy_floor1,D2,E2,294.0,3.83868e+06 ± 5.05e+06,0.000422335 ± 0.000269,0.596429 ± 0.0812,8.51803 ± 2.31
A5b_robust_frame_morton,C2_occupancy_floor1,D2,E2,442.0,4.92393e+06 ± 4.65e+06,0.000112481 ± 0.000159,0.565554 ± 0.0516,8.3454 ± 2.61
A5b_robust_frame_morton,C2_occupancy_floor1,D2,E5,294.0,564.044 ± 328,2.66238e-06 ± 1.52e-06,0.809779 ± 0.0101,0.587264 ± 0.0314
A5b_robust_frame_morton,C2_occupancy_floor1,D2,E5,442.0,912.524 ± 406,5.94981e-07 ± 2.17e-07,0.806222 ± 0.0269,0.540402 ± 0.0141
A5b_robust_frame_morton,C2_occupancy_floor1,D2,E6,294.0,1625.17 ± 601,1.15977e-05 ± 9.78e-06,0.781548 ± 0.0138,0.726998 ± 0.0453
A5b_robust_frame_morton,C2_occupancy_floor1,D2,E6,442.0,1665.88 ± 972,3.56179e-06 ± 3.44e-07,0.771437 ± 0.00925,0.654726 ± 0.0313
A5b_robust_frame_morton,C2_occupancy_floor1,D2,E7,294.0,645.969 ± 302,2.41383e-05 ± 1.07e-05,0.806463 ± 0.0312,0.903137 ± 0.161
A5b_robust_frame_morton,C2_occupancy_floor1,D2,E7,442.0,263.757 ± 77.3,2.7534e-06 ± 7.65e-07,0.800735 ± 0.0106,0.59769 ± 0.0284
A5b_robust_frame_morton,C2_occupancy_floor1,D2,E8,294.0,29451.8 ± 1.79e+04,5.68085e-06 ± 7.36e-06,0.71233 ± 0.0431,2.29954 ± 0.134
A5b_robust_frame_morton,C2_occupancy_floor1,D2,E8,442.0,32160.3 ± 9.64e+03,1.20591e-05 ± 1.7e-05,0.718043 ± 0.0213,2.1853 ± 0.0805
A5b_robust_frame_morton,C2_occupancy_floor1,D3,E0,320.0,34096.1 ± 8.01e+03,3.80944e-05 ± 4.87e-05,0.716797 ± 0.0437,2.76677 ± 0.158
A5b_robust_frame_morton,C2_occupancy_floor1,D3,E0,480.0,37580.7 ± 2.11e+04,5.54112e-06 ± 2.79e-06,0.69026 ± 0.0308,2.6367 ± 0.153
A5b_robust_frame_morton,C2_occupancy_floor1,D3,E1,320.0,516542 ± 6.14e+05,0.000159484 ± 0.00012,0.652578 ± 0.0569,6.0649 ± 1.11
A5b_robust_frame_morton,C2_occupancy_floor1,D3,E1,480.0,821802 ± 7.9e+05,9.9849e-05 ± 0.00011,0.647344 ± 0.0574,5.56637 ± 1.25
A5b_robust_frame_morton,C2_occupancy_floor1,D3,E2,320.0,3.8751e+06 ± 5.04e+06,0.000371868 ± 0.000298,0.594922 ± 0.0934,9.82842 ± 2.9
A5b_robust_frame_morton,C2_occupancy_floor1,D3,E2,480.0,5.71812e+06 ± 6.02e+06,0.00027702 ± 0.00027,0.5825 ± 0.0561,9.54877 ± 3.33
A5b_robust_frame_morton,C2_occupancy_floor1,D3,E5,320.0,759.151 ± 240,2.19907e-06 ± 1.2e-06,0.803438 ± 0.0351,0.653239 ± 0.0462
A5b_robust_frame_morton,C2_occupancy_floor1,D3,E5,480.0,1069.23 ± 832,4.14746e-07 ± 2.3e-07,0.798333 ± 0.0324,0.594087 ± 0.0345
A5b_robust_frame_morton,C2_occupancy_floor1,D3,E6,320.0,2116 ± 1e+03,1.77313e-05 ± 3.8e-06,0.792891 ± 0.00675,0.815772 ± 0.0351
A5b_robust_frame_morton,C2_occupancy_floor1,D3,E6,480.0,1585.75 ± 459,4.3783e-06 ± 2.31e-06,0.770938 ± 0.0182,0.711306 ± 0.0373
A5b_robust_frame_morton,C2_occupancy_floor1,D3,E7,320.0,496.773 ± 275,2.24002e-05 ± 1.08e-05,0.808594 ± 0.0465,0.909334 ± 0.186
A5b_robust_frame_morton,C2_occupancy_floor1,D3,E7,480.0,322.855 ± 61.3,3.61186e-06 ± 1.13e-06,0.797292 ± 0.00965,0.685189 ± 0.0404
A5b_robust_frame_morton,C2_occupancy_floor1,D3,E8,320.0,35127.3 ± 1.82e+04,6.86563e-06 ± 6.17e-06,0.684141 ± 0.0309,2.70112 ± 0.087
A5b_robust_frame_morton,C2_occupancy_floor1,D3,E8,480.0,36582.5 ± 2.07e+04,6.11222e-06 ± 5.73e-06,0.709063 ± 0.0348,2.49783 ± 0.0635
A5b_robust_frame_morton,C2_occupancy_floor1,D4,E0,320.0,29723.8 ± 7.95e+03,6.42207e-06 ± 5.66e-06,0.809531 ± 0.0432,0.974883 ± 0.0723
A5b_robust_frame_morton,C2_occupancy_floor1,D4,E0,480.0,35189.9 ± 8.28e+03,2.02909e-06 ± 8.96e-07,0.78125 ± 0.0662,0.929815 ± 0.0541
A5b_robust_frame_morton,C2_occupancy_floor1,D4,E1,320.0,688454 ± 1.25e+05,4.61294e-05 ± 5.32e-05,0.749062 ± 0.0654,1.90553 ± 0.37
A5b_robust_frame_morton,C2_occupancy_floor1,D4,E1,480.0,864640 ± 3.67e+05,2.461e-05 ± 2.99e-05,0.730625 ± 0.0231,1.77912 ± 0.428
A5b_robust_frame_morton,C2_occupancy_floor1,D4,E2,320.0,4.92607e+06 ± 1.11e+06,0.000426344 ± 0.0004,0.728359 ± 0.0988,2.98149 ± 1.02
A5b_robust_frame_morton,C2_occupancy_floor1,D4,E2,480.0,6.46697e+06 ± 3.46e+06,7.56339e-05 ± 0.000157,0.70026 ± 0.089,2.44285 ± 0.616
A5b_robust_frame_morton,C2_occupancy_floor1,D4,E5,320.0,732.061 ± 13.7,1.00094e-07 ± 9.33e-08,0.873281 ± 0.00793,0.315473 ± 0.0279
A5b_robust_frame_morton,C2_occupancy_floor1,D4,E5,480.0,656.726 ± 34,4.69464e-08 ± 3.9e-08,0.875312 ± 0.00831,0.280507 ± 0.0153
A5b_robust_frame_morton,C2_occupancy_floor1,D4,E6,320.0,1646.61 ± 134,2.01074e-07 ± 1.96e-07,0.857344 ± 0.0102,0.336741 ± 0.0501
A5b_robust_frame_morton,C2_occupancy_floor1,D4,E6,480.0,1643.75 ± 123,8.86971e-08 ± 8.51e-08,0.821562 ± 0.00788,0.281926 ± 0.0124
A5b_robust_frame_morton,C2_occupancy_floor1,D4,E7,320.0,2154.94 ± 99.3,8.61724e-08 ± 5.2e-08,0.854297 ± 0.00314,0.540744 ± 0.142
A5b_robust_frame_morton,C2_occupancy_floor1,D4,E7,480.0,2144.11 ± 59.9,4.36526e-08 ± 4.25e-08,0.788958 ± 0.00486,0.398702 ± 0.00498
A5b_robust_frame_morton,C2_occupancy_floor1,D4,E8,320.0,33395.1 ± 3.71e+03,6.01855e-06 ± 6.06e-06,0.804141 ± 0.0265,0.845299 ± 0.0291
A5b_robust_frame_morton,C2_occupancy_floor1,D4,E8,480.0,35862.4 ± 9.78e+03,2.139e-06 ± 5.82e-07,0.786146 ± 0.0122,0.8016 ± 0.019
A5b_robust_frame_morton,C3_frame_core_occupancy,D0,E0,256.0,72.4603 ± 17.1,5.5925e-05 ± 6.68e-05,0.754199 ± 0.0241,0.853952 ± 0.0202
A5b_robust_frame_morton,C3_frame_core_occupancy,D0,E0,384.0,138.191 ± 92.5,7.59407e-06 ± 6.11e-06,0.721159 ± 0.0228,0.761535 ± 0.0149
A5b_robust_frame_morton,C3_frame_core_occupancy,D0,E1,256.0,244.617 ± 99.7,0.00045744 ± 0.000441,0.892773 ± 0.0328,1.35871 ± 0.0707
A5b_robust_frame_morton,C3_frame_core_occupancy,D0,E1,384.0,510.53 ± 585,6.11873e-05 ± 4.87e-05,0.804102 ± 0.0327,1.2676 ± 0.0778
A5b_robust_frame_morton,C3_frame_core_occupancy,D0,E2,256.0,1640.31 ± 858,0.00167102 ± 0.00144,0.943457 ± 0.0261,1.86101 ± 0.107
A5b_robust_frame_morton,C3_frame_core_occupancy,D0,E2,384.0,2895.84 ± 3.35e+03,0.000422531 ± 0.000577,0.89388 ± 0.0643,1.64531 ± 0.205
A5b_robust_frame_morton,C3_frame_core_occupancy,D0,E5,256.0,6.09318 ± 0.306,2.75145e-06 ± 2.28e-06,0.880762 ± 0.00352,0.216073 ± 0.00397
A5b_robust_frame_morton,C3_frame_core_occupancy,D0,E5,384.0,5.94544 ± 0.231,1.3401e-06 ± 1.42e-06,0.855924 ± 0.00905,0.178588 ± 0.00477
A5b_robust_frame_morton,C3_frame_core_occupancy,D0,E6,256.0,15.7195 ± 2.94,1.61751e-05 ± 5.31e-06,0.843164 ± 0.00662,0.314689 ± 0.00802
A5b_robust_frame_morton,C3_frame_core_occupancy,D0,E6,384.0,16.9729 ± 0.563,4.12263e-06 ± 6.8e-07,0.827083 ± 0.0201,0.263587 ± 0.00316
A5b_robust_frame_morton,C3_frame_core_occupancy,D0,E7,256.0,9.36812 ± 1.11,2.74951e-05 ± 1.17e-05,0.810645 ± 0.00824,0.371235 ± 0.00595
A5b_robust_frame_morton,C3_frame_core_occupancy,D0,E7,384.0,9.83781 ± 0.557,3.8371e-06 ± 4.29e-07,0.782422 ± 0.00147,0.314567 ± 0.00264
A5b_robust_frame_morton,C3_frame_core_occupancy,D0,E8,256.0,67.5522 ± 16,1.45078e-05 ± 2.21e-05,0.789258 ± 0.0727,0.732117 ± 0.0341
A5b_robust_frame_morton,C3_frame_core_occupancy,D0,E8,384.0,79.2223 ± 22,6.57715e-06 ± 7.28e-06,0.750391 ± 0.0319,0.675724 ± 0.037
A5b_robust_frame_morton,C3_frame_core_occupancy,D1,E0,269.0,6109.66 ± 1.14e+03,2.0078e-05 ± 2.48e-05,0.732063 ± 0.0167,1.71452 ± 0.0974
A5b_robust_frame_morton,C3_frame_core_occupancy,D1,E0,403.0,15951.1 ± 2.29e+04,1.24039e-05 ± 1.07e-05,0.716377 ± 0.0261,1.56362 ± 0.176
A5b_robust_frame_morton,C3_frame_core_occupancy,D1,E1,269.0,152640 ± 8.97e+04,0.000480189 ± 0.000446,0.873234 ± 0.0486,3.3412 ± 0.264
A5b_robust_frame_morton,C3_frame_core_occupancy,D1,E1,403.0,209530 ± 6.68e+04,4.82777e-05 ± 3.17e-05,0.783561 ± 0.025,3.28251 ± 0.205
A5b_robust_frame_morton,C3_frame_core_occupancy,D1,E2,269.0,1.20764e+06 ± 7.92e+05,0.00132072 ± 0.00155,0.942937 ± 0.016,5.8013 ± 0.844
A5b_robust_frame_morton,C3_frame_core_occupancy,D1,E2,403.0,1.58373e+06 ± 6.66e+05,0.000345479 ± 0.000184,0.91464 ± 0.0497,5.60401 ± 0.893
A5b_robust_frame_morton,C3_frame_core_occupancy,D1,E5,269.0,213.387 ± 63.3,5.08221e-06 ± 1.22e-06,0.848513 ± 0.0251,0.410223 ± 0.0207
A5b_robust_frame_morton,C3_frame_core_occupancy,D1,E5,403.0,185.336 ± 59.4,5.04171e-07 ± 5.23e-08,0.822953 ± 0.00916,0.359019 ± 0.0211
A5b_robust_frame_morton,C3_frame_core_occupancy,D1,E6,269.0,342.101 ± 130,1.08261e-05 ± 4.59e-06,0.836431 ± 0.00627,0.593049 ± 0.0505
A5b_robust_frame_morton,C3_frame_core_occupancy,D1,E6,403.0,430.943 ± 162,4.32671e-06 ± 9.35e-07,0.801985 ± 0.00903,0.50887 ± 0.00418
A5b_robust_frame_morton,C3_frame_core_occupancy,D1,E7,269.0,502.319 ± 136,2.44926e-05 ± 8.91e-06,0.789033 ± 0.0132,0.682337 ± 0.0574
A5b_robust_frame_morton,C3_frame_core_occupancy,D1,E7,403.0,655.922 ± 96.2,2.64614e-06 ± 1.15e-06,0.768859 ± 0.00714,0.618486 ± 0.0712
A5b_robust_frame_morton,C3_frame_core_occupancy,D1,E8,269.0,6153.57 ± 1.73e+03,1.3502e-05 ± 8.97e-06,0.805576 ± 0.0504,1.52525 ± 0.174
A5b_robust_frame_morton,C3_frame_core_occupancy,D1,E8,403.0,6971.99 ± 1.43e+03,5.91782e-06 ± 4.7e-06,0.752295 ± 0.0211,1.43205 ± 0.11
A5b_robust_frame_morton,C3_frame_core_occupancy,D2,E0,294.0,7071.55 ± 1.69e+03,5.83797e-05 ± 5.47e-05,0.718707 ± 0.0204,2.51706 ± 0.254
A5b_robust_frame_morton,C3_frame_core_occupancy,D2,E0,442.0,11537.8 ± 7.04e+03,1.22908e-05 ± 1.15e-05,0.702545 ± 0.0174,2.44365 ± 0.109
A5b_robust_frame_morton,C3_frame_core_occupancy,D2,E1,294.0,167857 ± 7.37e+04,0.000359349 ± 0.000291,0.842432 ± 0.0641,5.57481 ± 0.323
A5b_robust_frame_morton,C3_frame_core_occupancy,D2,E1,442.0,296142 ± 2.11e+05,0.000116087 ± 0.00017,0.765045 ± 0.0452,5.48969 ± 0.933
A5b_robust_frame_morton,C3_frame_core_occupancy,D2,E2,294.0,1.33079e+06 ± 8.63e+05,0.00089498 ± 0.000739,0.922109 ± 0.0296,10.0303 ± 1.01
A5b_robust_frame_morton,C3_frame_core_occupancy,D2,E2,442.0,1.75728e+06 ± 1.42e+06,0.000310139 ± 0.000439,0.874943 ± 0.053,10.2238 ± 2.18
A5b_robust_frame_morton,C3_frame_core_occupancy,D2,E5,294.0,233.491 ± 174,3.29619e-06 ± 2.13e-06,0.831037 ± 0.0116,0.5955 ± 0.0476
A5b_robust_frame_morton,C3_frame_core_occupancy,D2,E5,442.0,312.456 ± 294,7.2754e-07 ± 2.59e-07,0.811425 ± 0.0203,0.567599 ± 0.0727
A5b_robust_frame_morton,C3_frame_core_occupancy,D2,E6,294.0,727.518 ± 859,1.45995e-05 ± 1.29e-05,0.818027 ± 0.0169,0.841355 ± 0.119
A5b_robust_frame_morton,C3_frame_core_occupancy,D2,E6,442.0,442.022 ± 142,3.98794e-06 ± 3.94e-07,0.778676 ± 0.0115,0.775307 ± 0.0624
A5b_robust_frame_morton,C3_frame_core_occupancy,D2,E7,294.0,634.132 ± 107,2.4784e-05 ± 9.23e-06,0.735799 ± 0.00578,1.02284 ± 0.0566
A5b_robust_frame_morton,C3_frame_core_occupancy,D2,E7,442.0,645.619 ± 83.1,2.58163e-06 ± 8.73e-07,0.759502 ± 0.0127,0.851183 ± 0.06
A5b_robust_frame_morton,C3_frame_core_occupancy,D2,E8,294.0,8369.34 ± 1.61e+03,1.78493e-05 ± 2.05e-05,0.784609 ± 0.0472,2.434 ± 0.18
A5b_robust_frame_morton,C3_frame_core_occupancy,D2,E8,442.0,13804.5 ± 8.59e+03,9.30397e-06 ± 8.97e-06,0.712839 ± 0.023,2.37233 ± 0.0661
A5b_robust_frame_morton,C3_frame_core_occupancy,D3,E0,320.0,8901.83 ± 1.89e+03,3.65714e-05 ± 3.95e-05,0.706797 ± 0.0206,3.00647 ± 0.272
A5b_robust_frame_morton,C3_frame_core_occupancy,D3,E0,480.0,11654.3 ± 9.94e+03,5.60662e-06 ± 3.54e-06,0.695521 ± 0.0405,2.92217 ± 0.43
A5b_robust_frame_morton,C3_frame_core_occupancy,D3,E1,320.0,256553 ± 2.07e+05,0.000460639 ± 0.000429,0.830313 ± 0.0808,7.11162 ± 0.867
A5b_robust_frame_morton,C3_frame_core_occupancy,D3,E1,480.0,308849 ± 1.96e+05,0.000122959 ± 0.000151,0.744635 ± 0.0385,7.16292 ± 1.1
A5b_robust_frame_morton,C3_frame_core_occupancy,D3,E2,320.0,1.48503e+06 ± 8.19e+05,0.000787408 ± 0.000838,0.907031 ± 0.027,12.6066 ± 2.64
A5b_robust_frame_morton,C3_frame_core_occupancy,D3,E2,480.0,1.72413e+06 ± 5.01e+05,0.000348441 ± 0.000381,0.86875 ± 0.0906,12.9336 ± 3.67
A5b_robust_frame_morton,C3_frame_core_occupancy,D3,E5,320.0,274.173 ± 135,2.1797e-06 ± 1.34e-06,0.806328 ± 0.0306,0.694551 ± 0.0351
A5b_robust_frame_morton,C3_frame_core_occupancy,D3,E5,480.0,467.637 ± 384,4.56188e-07 ± 1.33e-07,0.805937 ± 0.00859,0.633049 ± 0.0542
A5b_robust_frame_morton,C3_frame_core_occupancy,D3,E6,320.0,810.05 ± 909,1.97262e-05 ± 5e-06,0.805937 ± 0.00819,0.976102 ± 0.0985
A5b_robust_frame_morton,C3_frame_core_occupancy,D3,E6,480.0,564.516 ± 347,4.75614e-06 ± 2.27e-06,0.779323 ± 0.0164,0.858966 ± 0.109
A5b_robust_frame_morton,C3_frame_core_occupancy,D3,E7,320.0,642.997 ± 227,2.12808e-05 ± 8.39e-06,0.734922 ± 0.0123,1.17137 ± 0.0966
A5b_robust_frame_morton,C3_frame_core_occupancy,D3,E7,480.0,652.317 ± 190,2.86941e-06 ± 9.25e-07,0.75349 ± 0.0118,1.02422 ± 0.0986
A5b_robust_frame_morton,C3_frame_core_occupancy,D3,E8,320.0,12177.5 ± 9.09e+03,1.04823e-05 ± 1.1e-05,0.740391 ± 0.0324,3.09229 ± 0.138
A5b_robust_frame_morton,C3_frame_core_occupancy,D3,E8,480.0,17807.7 ± 8.63e+03,5.34891e-06 ± 5.7e-06,0.696875 ± 0.0233,2.90156 ± 0.198
A5b_robust_frame_morton,C3_frame_core_occupancy,D4,E0,320.0,30991.9 ± 7.26e+03,6.55057e-06 ± 5.72e-06,0.806328 ± 0.0163,0.836576 ± 0.0231
A5b_robust_frame_morton,C3_frame_core_occupancy,D4,E0,480.0,36264.9 ± 5.23e+03,2.05029e-06 ± 8.63e-07,0.759219 ± 0.0291,0.791745 ± 0.0783
A5b_robust_frame_morton,C3_frame_core_occupancy,D4,E1,320.0,699109 ± 1.3e+05,5.79318e-05 ± 7.92e-05,0.880703 ± 0.0329,1.58868 ± 0.186
A5b_robust_frame_morton,C3_frame_core_occupancy,D4,E1,480.0,904840 ± 3.34e+05,3.72463e-05 ± 3.3e-05,0.80401 ± 0.0372,1.46237 ± 0.18
A5b_robust_frame_morton,C3_frame_core_occupancy,D4,E2,320.0,5.00066e+06 ± 9.13e+05,0.00036264 ± 0.000449,0.935859 ± 0.0123,3.28598 ± 2.62
A5b_robust_frame_morton,C3_frame_core_occupancy,D4,E2,480.0,6.8113e+06 ± 3.2e+06,9.56614e-05 ± 0.000146,0.907708 ± 0.0667,2.13252 ± 0.293
A5b_robust_frame_morton,C3_frame_core_occupancy,D4,E5,320.0,668.104 ± 9.73,1.00094e-07 ± 9.33e-08,0.884453 ± 0.00871,0.216714 ± 0.003
A5b_robust_frame_morton,C3_frame_core_occupancy,D4,E5,480.0,651.008 ± 17.6,4.69464e-08 ± 3.9e-08,0.866927 ± 0.00958,0.175005 ± 0.00207
A5b_robust_frame_morton,C3_frame_core_occupancy,D4,E6,320.0,1597.09 ± 74.5,1.90574e-07 ± 1.84e-07,0.879453 ± 0.00594,0.308104 ± 0.00493
A5b_robust_frame_morton,C3_frame_core_occupancy,D4,E6,480.0,1608.99 ± 66.1,7.09708e-08 ± 8.39e-08,0.84474 ± 0.00638,0.255198 ± 0.00415
A5b_robust_frame_morton,C3_frame_core_occupancy,D4,E7,320.0,2166.44 ± 46,8.61724e-08 ± 5.2e-08,0.829375 ± 0.00791,0.369362 ± 0.0155
A5b_robust_frame_morton,C3_frame_core_occupancy,D4,E7,480.0,2524.86 ± 282,4.36526e-08 ± 4.25e-08,0.796198 ± 0.012,0.333836 ± 0.0295
A5b_robust_frame_morton,C3_frame_core_occupancy,D4,E8,320.0,35917.6 ± 6.5e+03,6.21585e-06 ± 5.82e-06,0.823984 ± 0.0398,0.772228 ± 0.0542
A5b_robust_frame_morton,C3_frame_core_occupancy,D4,E8,480.0,40018.9 ± 1.02e+04,1.86967e-06 ± 1.02e-06,0.780833 ± 0.0181,0.681339 ± 0.0404
A5b_robust_frame_morton,C4_hybrid,D0,E0,256.0,114.811 ± 61.7,7.45544e-05 ± 7.17e-05,0.761719 ± 0.0249,0.852319 ± 0.0392
A5b_robust_frame_morton,C4_hybrid,D0,E0,384.0,176.445 ± 78,7.56999e-06 ± 6.23e-06,0.728841 ± 0.024,0.747927 ± 0.0139
A5b_robust_frame_morton,C4_hybrid,D0,E1,256.0,335.254 ± 90,0.000319238 ± 0.000228,0.766602 ± 0.0247,1.47656 ± 0.111
A5b_robust_frame_morton,C4_hybrid,D0,E1,384.0,532.247 ± 740,7.19887e-05 ± 6.75e-05,0.748568 ± 0.0693,1.30148 ± 0.103
A5b_robust_frame_morton,C4_hybrid,D0,E2,256.0,724.21 ± 478,0.00104458 ± 0.000706,0.932813 ± 0.0522,1.69966 ± 0.0644
A5b_robust_frame_morton,C4_hybrid,D0,E2,384.0,894.361 ± 565,0.000276543 ± 0.000413,0.797201 ± 0.0257,1.67811 ± 0.112
A5b_robust_frame_morton,C4_hybrid,D0,E5,256.0,6.09318 ± 0.306,2.76406e-06 ± 2.28e-06,0.880176 ± 0.00221,0.21548 ± 0.00338
A5b_robust_frame_morton,C4_hybrid,D0,E5,384.0,5.94544 ± 0.231,1.33505e-06 ± 1.4e-06,0.857357 ± 0.0103,0.17585 ± 0.00446
A5b_robust_frame_morton,C4_hybrid,D0,E6,256.0,15.7195 ± 2.94,1.61751e-05 ± 5.31e-06,0.843164 ± 0.00662,0.314689 ± 0.00802
A5b_robust_frame_morton,C4_hybrid,D0,E6,384.0,16.9729 ± 0.563,4.12263e-06 ± 6.8e-07,0.827083 ± 0.0201,0.263587 ± 0.00316
A5b_robust_frame_morton,C4_hybrid,D0,E7,256.0,9.36812 ± 1.11,2.74951e-05 ± 1.17e-05,0.810645 ± 0.00824,0.371235 ± 0.00595
A5b_robust_frame_morton,C4_hybrid,D0,E7,384.0,9.83781 ± 0.557,3.8371e-06 ± 4.29e-07,0.782422 ± 0.00147,0.314567 ± 0.00264
A5b_robust_frame_morton,C4_hybrid,D0,E8,256.0,163.81 ± 110,8.33955e-06 ± 6.16e-06,0.761328 ± 0.0718,0.735132 ± 0.0496
A5b_robust_frame_morton,C4_hybrid,D0,E8,384.0,198.574 ± 64.4,5.31145e-06 ± 4.71e-06,0.737109 ± 0.0222,0.676772 ± 0.00926
A5b_robust_frame_morton,C4_hybrid,D1,E0,269.0,10373.7 ± 6.15e+03,1.86564e-05 ± 2.07e-05,0.732807 ± 0.0182,1.64432 ± 0.107
A5b_robust_frame_morton,C4_hybrid,D1,E0,403.0,17757.2 ± 1.06e+04,1.3931e-05 ± 1.01e-05,0.720533 ± 0.0299,1.44477 ± 0.0728
A5b_robust_frame_morton,C4_hybrid,D1,E1,269.0,279977 ± 1.86e+05,0.000222779 ± 0.000299,0.692379 ± 0.0201,3.294 ± 0.429
A5b_robust_frame_morton,C4_hybrid,D1,E1,403.0,572905 ± 8.39e+05,8.10535e-05 ± 0.000107,0.648387 ± 0.0356,3.17268 ± 0.86
A5b_robust_frame_morton,C4_hybrid,D1,E2,269.0,1.21354e+06 ± 1.08e+06,0.000522752 ± 0.000464,0.60381 ± 0.0544,5.0103 ± 1.39
A5b_robust_frame_morton,C4_hybrid,D1,E2,403.0,2.34762e+06 ± 1.56e+06,0.000155375 ± 0.000162,0.565881 ± 0.0406,5.02841 ± 2.01
A5b_robust_frame_morton,C4_hybrid,D1,E5,269.0,544.672 ± 353,4.71087e-06 ± 1.96e-06,0.815613 ± 0.0141,0.398726 ± 0.026
A5b_robust_frame_morton,C4_hybrid,D1,E5,403.0,484.195 ± 438,3.94612e-07 ± 2.4e-08,0.804342 ± 0.00654,0.330817 ± 0.0141
A5b_robust_frame_morton,C4_hybrid,D1,E6,269.0,1446.71 ± 1.68e+03,9.1889e-06 ± 4.43e-06,0.828346 ± 0.0114,0.551809 ± 0.0481
A5b_robust_frame_morton,C4_hybrid,D1,E6,403.0,1232.72 ± 830,3.8289e-06 ± 8.28e-07,0.774876 ± 0.00825,0.45569 ± 0.0263
A5b_robust_frame_morton,C4_hybrid,D1,E7,269.0,573.562 ± 284,2.53454e-05 ± 9.58e-06,0.799814 ± 0.0203,0.534453 ± 0.0483
A5b_robust_frame_morton,C4_hybrid,D1,E7,403.0,721.372 ± 320,2.68822e-06 ± 1.18e-06,0.771712 ± 0.00863,0.509101 ± 0.064
A5b_robust_frame_morton,C4_hybrid,D1,E8,269.0,20824.8 ± 1.5e+04,5.95003e-06 ± 7.87e-06,0.741914 ± 0.0195,1.52547 ± 0.141
A5b_robust_frame_morton,C4_hybrid,D1,E8,403.0,22432.4 ± 1.27e+04,8.67952e-06 ± 8.44e-06,0.734553 ± 0.0182,1.36633 ± 0.151
A5b_robust_frame_morton,C4_hybrid,D2,E0,294.0,25160.3 ± 2.51e+04,5.04634e-05 ± 5.09e-05,0.714371 ± 0.0263,2.34146 ± 0.168
A5b_robust_frame_morton,C4_hybrid,D2,E0,442.0,42482.2 ± 1.77e+04,1.55611e-05 ± 1.17e-05,0.697624 ± 0.0127,2.05741 ± 0.0753
A5b_robust_frame_morton,C4_hybrid,D2,E1,294.0,768786 ± 7.53e+05,0.00026257 ± 0.000332,0.672619 ± 0.0419,4.91411 ± 1.07
A5b_robust_frame_morton,C4_hybrid,D2,E1,442.0,822377 ± 7.21e+05,5.51581e-05 ± 5.37e-05,0.629977 ± 0.0187,4.64696 ± 0.749
A5b_robust_frame_morton,C4_hybrid,D2,E2,294.0,3.83889e+06 ± 5.05e+06,0.000442475 ± 0.000329,0.593282 ± 0.0788,7.95022 ± 2.68
A5b_robust_frame_morton,C4_hybrid,D2,E2,442.0,9.20251e+06 ± 7.7e+06,8.94548e-05 ± 0.000131,0.566968 ± 0.0499,8.04429 ± 3.22
A5b_robust_frame_morton,C4_hybrid,D2,E5,294.0,564.044 ± 328,2.94416e-06 ± 2.06e-06,0.81301 ± 0.0138,0.528411 ± 0.0199
A5b_robust_frame_morton,C4_hybrid,D2,E5,442.0,913.325 ± 390,5.87854e-07 ± 2.07e-07,0.802715 ± 0.0264,0.462436 ± 0.00888
A5b_robust_frame_morton,C4_hybrid,D2,E6,294.0,1569.8 ± 670,1.25785e-05 ± 1.09e-05,0.807653 ± 0.00712,0.702871 ± 0.038
A5b_robust_frame_morton,C4_hybrid,D2,E6,442.0,1685.43 ± 970,3.5061e-06 ± 3.78e-07,0.773925 ± 0.00829,0.614771 ± 0.0158
A5b_robust_frame_morton,C4_hybrid,D2,E7,294.0,503.924 ± 323,2.72263e-05 ± 1.19e-05,0.798214 ± 0.0479,0.68497 ± 0.0814
A5b_robust_frame_morton,C4_hybrid,D2,E7,442.0,451.457 ± 311,2.88121e-06 ± 9.27e-07,0.7819 ± 0.0284,0.596457 ± 0.0683
A5b_robust_frame_morton,C4_hybrid,D2,E8,294.0,29451.8 ± 1.79e+04,6.55858e-06 ± 6.7e-06,0.718027 ± 0.027,2.16745 ± 0.116
A5b_robust_frame_morton,C4_hybrid,D2,E8,442.0,31642.2 ± 9.67e+03,1.26201e-05 ± 1.78e-05,0.710294 ± 0.0216,2.03793 ± 0.0948
A5b_robust_frame_morton,C4_hybrid,D3,E0,320.0,39608 ± 1.38e+04,2.76235e-05 ± 2.47e-05,0.701875 ± 0.0118,2.61492 ± 0.195
A5b_robust_frame_morton,C4_hybrid,D3,E0,480.0,48054.7 ± 2.26e+04,4.50142e-06 ± 3.21e-06,0.686667 ± 0.0271,2.36842 ± 0.2
A5b_robust_frame_morton,C4_hybrid,D3,E1,320.0,673252 ± 6.34e+05,0.000208108 ± 0.000161,0.646875 ± 0.0593,5.98285 ± 1.29
A5b_robust_frame_morton,C4_hybrid,D3,E1,480.0,1.04314e+06 ± 7.57e+05,8.74708e-05 ± 0.00011,0.637917 ± 0.0432,5.53358 ± 1.26
A5b_robust_frame_morton,C4_hybrid,D3,E2,320.0,4.2478e+06 ± 4.85e+06,0.000281452 ± 0.000227,0.580391 ± 0.0959,9.34419 ± 3.23
A5b_robust_frame_morton,C4_hybrid,D3,E2,480.0,9.16626e+06 ± 7.18e+06,0.000179579 ± 0.000231,0.579844 ± 0.0512,9.38516 ± 3.75
A5b_robust_frame_morton,C4_hybrid,D3,E5,320.0,707.731 ± 328,2.11779e-06 ± 1.21e-06,0.796641 ± 0.0296,0.620822 ± 0.0393
A5b_robust_frame_morton,C4_hybrid,D3,E5,480.0,1069.23 ± 832,4.04177e-07 ± 1.46e-07,0.794792 ± 0.0233,0.525043 ± 0.0344
A5b_robust_frame_morton,C4_hybrid,D3,E6,320.0,2025.32 ± 909,2.04214e-05 ± 9.68e-06,0.792188 ± 0.0512,0.812534 ± 0.0413
A5b_robust_frame_morton,C4_hybrid,D3,E6,480.0,1585.75 ± 459,4.29395e-06 ± 2.08e-06,0.774792 ± 0.0163,0.675066 ± 0.0192
A5b_robust_frame_morton,C4_hybrid,D3,E7,320.0,257.588 ± 58.6,2.56013e-05 ± 1.05e-05,0.812187 ± 0.0123,0.745158 ± 0.0262
A5b_robust_frame_morton,C4_hybrid,D3,E7,480.0,674.18 ± 444,3.1269e-06 ± 1.12e-06,0.767083 ± 0.0342,0.699226 ± 0.0866
A5b_robust_frame_morton,C4_hybrid,D3,E8,320.0,34313.3 ± 1.64e+04,6.39345e-06 ± 4.34e-06,0.703125 ± 0.0239,2.57216 ± 0.0956
A5b_robust_frame_morton,C4_hybrid,D3,E8,480.0,41358.9 ± 2.07e+04,4.97529e-06 ± 3.38e-06,0.6925 ± 0.0199,2.29667 ± 0.0865
A5b_robust_frame_morton,C4_hybrid,D4,E0,320.0,29968.1 ± 8.8e+03,5.95815e-06 ± 6.65e-06,0.804219 ± 0.0228,0.809541 ± 0.0305
A5b_robust_frame_morton,C4_hybrid,D4,E0,480.0,35751.7 ± 7.48e+03,2.20781e-06 ± 1.13e-06,0.7675 ± 0.0209,0.722143 ± 0.0338
A5b_robust_frame_morton,C4_hybrid,D4,E1,320.0,653829 ± 1.37e+05,4.7159e-05 ± 5.17e-05,0.777578 ± 0.0304,1.51551 ± 0.0407
A5b_robust_frame_morton,C4_hybrid,D4,E1,480.0,836135 ± 3.58e+05,3.38723e-05 ± 4.08e-05,0.728333 ± 0.058,1.35987 ± 0.177
A5b_robust_frame_morton,C4_hybrid,D4,E2,320.0,4.68765e+06 ± 1.24e+06,0.000307159 ± 0.000278,0.716953 ± 0.107,2.42163 ± 0.183
A5b_robust_frame_morton,C4_hybrid,D4,E2,480.0,6.2905e+06 ± 3.4e+06,7.28005e-05 ± 0.000144,0.727969 ± 0.117,1.91089 ± 0.299
A5b_robust_frame_morton,C4_hybrid,D4,E5,320.0,672.067 ± 18.9,1.00094e-07 ± 9.33e-08,0.8725 ± 0.00583,0.220003 ± 0.00395
A5b_robust_frame_morton,C4_hybrid,D4,E5,480.0,646.315 ± 15.1,4.69464e-08 ± 3.9e-08,0.85849 ± 0.0133,0.180781 ± 0.0149
A5b_robust_frame_morton,C4_hybrid,D4,E6,320.0,1565.92 ± 17.4,2.01074e-07 ± 1.96e-07,0.863672 ± 0.00886,0.317643 ± 0.0117
A5b_robust_frame_morton,C4_hybrid,D4,E6,480.0,1601.32 ± 37.2,9.76222e-08 ± 1.58e-07,0.815104 ± 0.0107,0.258034 ± 0.0085
A5b_robust_frame_morton,C4_hybrid,D4,E7,320.0,2045.6 ± 57.3,1.08794e-07 ± 1.04e-07,0.838906 ± 0.0169,0.319754 ± 0.01
A5b_robust_frame_morton,C4_hybrid,D4,E7,480.0,2055.11 ± 52.4,6.99844e-08 ± 8.79e-08,0.79599 ± 0.0195,0.277474 ± 0.00662
A5b_robust_frame_morton,C4_hybrid,D4,E8,320.0,33182.7 ± 3.35e+03,7.84176e-06 ± 7.58e-06,0.812734 ± 0.027,0.732332 ± 0.0409
A5b_robust_frame_morton,C4_hybrid,D4,E8,480.0,37069.1 ± 1.04e+04,1.86153e-06 ± 1.36e-06,0.762031 ± 0.016,0.650425 ± 0.0317
A6_rch,C0_uniform,D0,E0,256.0,33.0602 ± 11,5.85404e-05 ± 4.67e-05,0.777344 ± 0.036,0.718976 ± 0.0293
A6_rch,C0_uniform,D0,E0,384.0,39.9524 ± 30.4,6.51055e-06 ± 5.15e-06,0.716862 ± 0.0326,0.631007 ± 0.0144
A6_rch,C0_uniform,D0,E1,256.0,1747.15 ± 1.02e+03,0.000158084 ± 0.000137,0.68125 ± 0.0201,1.8595 ± 0.207
A6_rch,C0_uniform,D0,E1,384.0,1729.4 ± 380,4.07403e-05 ± 3.18e-05,0.650456 ± 0.0195,1.69068 ± 0.21
A6_rch,C0_uniform,D0,E2,256.0,14953 ± 9.3e+03,0.000233487 ± 0.00016,0.598145 ± 0.0283,3.4619 ± 0.375
A6_rch,C0_uniform,D0,E2,384.0,16779.7 ± 1.5e+04,8.69287e-05 ± 8.93e-05,0.576693 ± 0.0256,3.18364 ± 0.49
A6_rch,C0_uniform,D0,E5,256.0,1.76564 ± 0.869,2.28734e-06 ± 8.83e-07,0.836816 ± 0.00457,0.199971 ± 0.00379
A6_rch,C0_uniform,D0,E5,384.0,1.38895 ± 0.324,3.78411e-07 ± 1.11e-07,0.814063 ± 0.00854,0.165364 ± 0.00203
A6_rch,C0_uniform,D0,E6,256.0,3.85888 ± 1.46,6.19755e-06 ± 1.41e-06,0.80459 ± 0.0165,0.328924 ± 0.00673
A6_rch,C0_uniform,D0,E6,384.0,4.02038 ± 0.946,2.20618e-06 ± 3.54e-07,0.771094 ± 0.0163,0.270822 ± 0.00333
A6_rch,C0_uniform,D0,E7,256.0,6.70038 ± 1.08,1.27965e-05 ± 3.48e-06,0.817578 ± 0.00659,0.363833 ± 0.00701
A6_rch,C0_uniform,D0,E7,384.0,3.97131 ± 0.109,1.037e-06 ± 1.59e-07,0.803516 ± 0.00754,0.308603 ± 0.00501
A6_rch,C0_uniform,D0,E8,256.0,118.577 ± 91.1,6.11295e-06 ± 5.51e-06,0.75957 ± 0.0417,0.648013 ± 0.0338
A6_rch,C0_uniform,D0,E8,384.0,121.019 ± 116,4.19394e-06 ± 2.96e-06,0.728841 ± 0.0216,0.569007 ± 0.0229
A6_rch,C0_uniform,D1,E0,269.0,12195.2 ± 8.03e+03,1.6572e-05 ± 1.06e-05,0.742658 ± 0.0284,1.53093 ± 0.0672
A6_rch,C0_uniform,D1,E0,403.0,13234.4 ± 8.09e+03,1.10913e-05 ± 6.32e-06,0.698697 ± 0.0273,1.32406 ± 0.063
A6_rch,C0_uniform,D1,E1,269.0,391384 ± 2.56e+05,9.78678e-05 ± 7.85e-05,0.645632 ± 0.0182,3.60104 ± 0.27
A6_rch,C0_uniform,D1,E1,403.0,357124 ± 2.67e+05,4.01368e-05 ± 3.94e-05,0.6317 ± 0.032,3.24331 ± 0.376
A6_rch,C0_uniform,D1,E2,269.0,2.82829e+06 ± 1.87e+06,0.000187567 ± 0.000153,0.56013 ± 0.0172,6.73286 ± 0.879
A6_rch,C0_uniform,D1,E2,403.0,5.23418e+06 ± 8.07e+06,8.44422e-05 ± 7.38e-05,0.571154 ± 0.0284,5.83912 ± 1.06
A6_rch,C0_uniform,D1,E5,269.0,385.965 ± 329,2.7499e-06 ± 1.54e-06,0.801394 ± 0.0195,0.420838 ± 0.0168
A6_rch,C0_uniform,D1,E5,403.0,262.155 ± 85.1,3.85416e-07 ± 8.58e-08,0.772457 ± 0.00856,0.34527 ± 0.0128
A6_rch,C0_uniform,D1,E6,269.0,617.806 ± 405,9.24478e-06 ± 1.44e-06,0.763197 ± 0.0142,0.620476 ± 0.0556
A6_rch,C0_uniform,D1,E6,403.0,797.848 ± 492,2.30725e-06 ± 7.75e-07,0.74603 ± 0.00464,0.517646 ± 0.0266
A6_rch,C0_uniform,D1,E7,269.0,1921.57 ± 1.13e+03,1.48628e-05 ± 3.69e-06,0.750279 ± 0.0101,0.657438 ± 0.0572
A6_rch,C0_uniform,D1,E7,403.0,2348.03 ± 1.93e+03,2.37238e-06 ± 1.68e-06,0.735112 ± 0.0137,0.571161 ± 0.0231
A6_rch,C0_uniform,D1,E8,269.0,6800.39 ± 2.28e+03,4.76149e-06 ± 5.05e-06,0.754275 ± 0.0135,1.41159 ± 0.138
A6_rch,C0_uniform,D1,E8,403.0,7077.37 ± 2.86e+03,9.88369e-06 ± 8.16e-06,0.73232 ± 0.0283,1.20707 ± 0.11
A6_rch,C0_uniform,D2,E0,294.0,10258.3 ± 5.32e+03,3.76416e-05 ± 2.71e-05,0.720578 ± 0.0189,2.05773 ± 0.197
A6_rch,C0_uniform,D2,E0,442.0,15498.1 ± 1.2e+04,1.18213e-05 ± 8.76e-06,0.675 ± 0.00393,1.8099 ± 0.0667
A6_rch,C0_uniform,D2,E1,294.0,691997 ± 6.07e+05,0.000136798 ± 0.000109,0.629252 ± 0.0294,5.31127 ± 0.372
A6_rch,C0_uniform,D2,E1,442.0,446545 ± 2.38e+05,2.84625e-05 ± 2.6e-05,0.620984 ± 0.026,4.66364 ± 0.343
A6_rch,C0_uniform,D2,E2,294.0,3.38273e+06 ± 2.36e+06,0.000158304 ± 0.000102,0.555527 ± 0.0264,9.28983 ± 0.718
A6_rch,C0_uniform,D2,E2,442.0,3.83524e+06 ± 1.96e+06,7.19306e-05 ± 8.06e-05,0.562274 ± 0.0247,8.33062 ± 0.939
A6_rch,C0_uniform,D2,E5,294.0,293.466 ± 219,2.26242e-06 ± 1.32e-06,0.768878 ± 0.0123,0.575516 ± 0.0469
A6_rch,C0_uniform,D2,E5,442.0,248.807 ± 56.1,3.63628e-07 ± 1.47e-07,0.744627 ± 0.018,0.485051 ± 0.0386
A6_rch,C0_uniform,D2,E6,294.0,807.407 ± 600,4.48799e-06 ± 1.12e-06,0.724575 ± 0.0168,0.80374 ± 0.031
A6_rch,C0_uniform,D2,E6,442.0,716.357 ± 359,1.74242e-06 ± 7.34e-07,0.715158 ± 0.00878,0.671976 ± 0.0492
A6_rch,C0_uniform,D2,E7,294.0,3332.68 ± 1.71e+03,1.13643e-05 ± 3.91e-06,0.71369 ± 0.00686,0.8615 ± 0.0505
A6_rch,C0_uniform,D2,E7,442.0,1802.44 ± 664,1.44134e-06 ± 1.47e-06,0.720871 ± 0.0111,0.702132 ± 0.03
A6_rch,C0_uniform,D2,E8,294.0,12419.1 ± 6.83e+03,8.81365e-06 ± 1.45e-05,0.729762 ± 0.0186,1.99816 ± 0.115
A6_rch,C0_uniform,D2,E8,442.0,12882.5 ± 2.66e+03,8.39406e-06 ± 8.24e-06,0.700622 ± 0.025,1.8083 ± 0.0612
A6_rch,C0_uniform,D3,E0,320.0,7723.56 ± 3.47e+03,2.40848e-05 ± 2.08e-05,0.704609 ± 0.0185,2.23211 ± 0.11
A6_rch,C0_uniform,D3,E0,480.0,13577.6 ± 1.58e+04,2.18193e-06 ± 1.57e-06,0.663177 ± 0.0328,2.03482 ± 0.0726
A6_rch,C0_uniform,D3,E1,320.0,474945 ± 4.95e+05,0.000110797 ± 0.000108,0.615469 ± 0.0284,6.01279 ± 0.323
A6_rch,C0_uniform,D3,E1,480.0,659063 ± 4.65e+05,3.75419e-05 ± 2.59e-05,0.627292 ± 0.0279,5.1872 ± 0.568
A6_rch,C0_uniform,D3,E2,320.0,3.38596e+06 ± 3.34e+06,0.000123066 ± 0.000111,0.544219 ± 0.0366,10.7958 ± 0.942
A6_rch,C0_uniform,D3,E2,480.0,2.78869e+06 ± 7.62e+05,6.1485e-05 ± 4.35e-05,0.572917 ± 0.0307,9.42117 ± 1.34
A6_rch,C0_uniform,D3,E5,320.0,299.925 ± 154,1.49901e-06 ± 6.53e-07,0.741641 ± 0.0208,0.631916 ± 0.0459
A6_rch,C0_uniform,D3,E5,480.0,229.451 ± 91.6,3.67169e-07 ± 1e-07,0.73125 ± 0.0201,0.552429 ± 0.0439
A6_rch,C0_uniform,D3,E6,320.0,693.766 ± 364,6.67156e-06 ± 4.2e-06,0.695391 ± 0.0131,0.907645 ± 0.0907
A6_rch,C0_uniform,D3,E6,480.0,520.727 ± 277,1.39359e-06 ± 1.56e-07,0.704896 ± 0.0212,0.731649 ± 0.0542
A6_rch,C0_uniform,D3,E7,320.0,2125.14 ± 299,1.0431e-05 ± 2.31e-06,0.70875 ± 0.0117,0.921617 ± 0.0441
A6_rch,C0_uniform,D3,E7,480.0,2451.4 ± 2.1e+03,1.82091e-06 ± 1.43e-06,0.710885 ± 0.0161,0.771506 ± 0.0239
A6_rch,C0_uniform,D3,E8,320.0,8462.7 ± 3.2e+03,6.02329e-06 ± 5.01e-06,0.715156 ± 0.0349,2.27451 ± 0.166
A6_rch,C0_uniform,D3,E8,480.0,7924.57 ± 2.92e+03,3.38426e-06 ± 4.04e-06,0.695833 ± 0.0247,2.00862 ± 0.15
A6_rch,C0_uniform,D4,E0,320.0,35801 ± 9.06e+03,4.15053e-06 ± 2.7e-06,0.799922 ± 0.0281,0.927912 ± 0.0242
A6_rch,C0_uniform,D4,E0,480.0,39634.2 ± 6.12e+03,2.45369e-06 ± 2.25e-06,0.741927 ± 0.0417,0.807844 ± 0.0516
A6_rch,C0_uniform,D4,E1,320.0,1.06878e+06 ± 3.83e+05,3.9635e-05 ± 3.55e-05,0.695625 ± 0.026,2.68764 ± 0.694
A6_rch,C0_uniform,D4,E1,480.0,1.22052e+06 ± 3.58e+05,1.92461e-05 ± 3.15e-05,0.640521 ± 0.0261,2.24539 ± 0.561
A6_rch,C0_uniform,D4,E2,320.0,8.00657e+06 ± 3.12e+06,0.000151639 ± 0.000151,0.619609 ± 0.038,5.19335 ± 3.06
A6_rch,C0_uniform,D4,E2,480.0,1.01235e+07 ± 4.58e+06,2.93856e-05 ± 4.29e-05,0.609062 ± 0.0562,4.15465 ± 1.64
A6_rch,C0_uniform,D4,E5,320.0,937.518 ± 71,8.03537e-08 ± 5.04e-08,0.818672 ± 0.00835,0.236781 ± 0.00315
A6_rch,C0_uniform,D4,E5,480.0,923.744 ± 104,2.26918e-08 ± 9.9e-09,0.791302 ± 0.0103,0.18682 ± 0.00359
A6_rch,C0_uniform,D4,E6,320.0,1879.82 ± 183,5.78101e-08 ± 7.47e-08,0.782891 ± 0.0112,0.406748 ± 0.0259
A6_rch,C0_uniform,D4,E6,480.0,1888.63 ± 233,4.36663e-08 ± 1.67e-08,0.781042 ± 0.0431,0.319653 ± 0.0235
A6_rch,C0_uniform,D4,E7,320.0,4122.54 ± 587,9.08375e-08 ± 4.45e-08,0.754922 ± 0.0107,0.456007 ± 0.032
A6_rch,C0_uniform,D4,E7,480.0,3317.43 ± 1.15e+03,3.48577e-08 ± 3.4e-08,0.734583 ± 0.0389,0.458748 ± 0.0372
A6_rch,C0_uniform,D4,E8,320.0,36855.6 ± 3.36e+03,2.85405e-06 ± 3.08e-06,0.783672 ± 0.0376,0.892364 ± 0.0586
A6_rch,C0_uniform,D4,E8,480.0,42405.1 ± 1.03e+04,1.38964e-06 ± 1.21e-06,0.713333 ± 0.0203,0.767493 ± 0.0479
A6_rch,C1_monotone_half,D0,E0,256.0,101.835 ± 72.1,2.83293e-05 ± 1.41e-05,0.62002 ± 0.0484,1.5537 ± 0.0929
A6_rch,C1_monotone_half,D0,E0,384.0,98.4162 ± 34,1.33305e-05 ± 1.31e-05,0.53138 ± 0.0277,1.48847 ± 0.0823
A6_rch,C1_monotone_half,D0,E1,256.0,510.225 ± 220,0.000458639 ± 0.000503,0.938086 ± 0.0201,1.73361 ± 0.0724
A6_rch,C1_monotone_half,D0,E1,384.0,673.141 ± 505,0.000221654 ± 0.000178,0.880664 ± 0.0127,1.5893 ± 0.0786
A6_rch,C1_monotone_half,D0,E2,256.0,3642.21 ± 1.99e+03,0.00101586 ± 0.00071,0.963184 ± 0.0145,1.88114 ± 0.0919
A6_rch,C1_monotone_half,D0,E2,384.0,5168.94 ± 4.09e+03,0.000707019 ± 0.000684,0.930013 ± 0.00591,1.72774 ± 0.0961
A6_rch,C1_monotone_half,D0,E5,256.0,5.84832 ± 1.21,3.49463e-06 ± 2.01e-06,0.814551 ± 0.00571,0.585072 ± 0.0147
A6_rch,C1_monotone_half,D0,E5,384.0,5.68671 ± 1.22,8.37541e-07 ± 2.01e-07,0.754167 ± 0.00354,0.481401 ± 0.0238
A6_rch,C1_monotone_half,D0,E6,256.0,14.2971 ± 2,1.78461e-05 ± 9.53e-06,0.778906 ± 0.00833,0.665127 ± 0.0129
A6_rch,C1_monotone_half,D0,E6,384.0,15.4249 ± 2.15,3.94178e-06 ± 2.65e-06,0.729232 ± 0.0103,0.585704 ± 0.012
A6_rch,C1_monotone_half,D0,E7,256.0,2.42785 ± 0.878,3.34883e-05 ± 3.51e-06,0.847168 ± 0.00963,0.663322 ± 0.0096
A6_rch,C1_monotone_half,D0,E7,384.0,1.72203 ± 0.308,3.15319e-06 ± 1.09e-07,0.816536 ± 0.00195,0.596755 ± 0.0124
A6_rch,C1_monotone_half,D0,E8,256.0,156.183 ± 117,6.20653e-06 ± 2.55e-06,0.749121 ± 0.0684,1.18694 ± 0.101
A6_rch,C1_monotone_half,D0,E8,384.0,139.096 ± 99.4,4.10063e-06 ± 4.42e-06,0.651758 ± 0.0265,1.13365 ± 0.0785
A6_rch,C1_monotone_half,D1,E0,269.0,16059.6 ± 4.36e+03,2.74174e-05 ± 2.6e-05,0.667658 ± 0.0305,2.10556 ± 0.105
A6_rch,C1_monotone_half,D1,E0,403.0,18637.2 ± 1.45e+04,1.18615e-05 ± 1.08e-05,0.609926 ± 0.0241,2.09273 ± 0.191
A6_rch,C1_monotone_half,D1,E1,269.0,197409 ± 1.22e+05,0.000421973 ± 0.000241,0.821654 ± 0.159,3.40921 ± 1.16
A6_rch,C1_monotone_half,D1,E1,403.0,251278 ± 2.1e+05,0.000200423 ± 0.000264,0.777605 ± 0.167,3.33904 ± 1.21
A6_rch,C1_monotone_half,D1,E2,269.0,1.27907e+06 ± 1.19e+06,0.00105741 ± 0.00104,0.845074 ± 0.197,5.27583 ± 2.66
A6_rch,C1_monotone_half,D1,E2,403.0,1.8671e+06 ± 1.87e+06,0.000543798 ± 0.00053,0.803536 ± 0.224,5.15366 ± 2.38
A6_rch,C1_monotone_half,D1,E5,269.0,524.988 ± 320,4.19418e-06 ± 2.34e-06,0.804833 ± 0.0176,0.600796 ± 0.0339
A6_rch,C1_monotone_half,D1,E5,403.0,496.561 ± 298,1.15984e-06 ± 1.43e-06,0.73201 ± 0.0304,0.555758 ± 0.0149
A6_rch,C1_monotone_half,D1,E6,269.0,993.186 ± 271,9.24839e-06 ± 5.38e-06,0.754182 ± 0.0434,0.765898 ± 0.02
A6_rch,C1_monotone_half,D1,E6,403.0,1086.66 ± 546,4.13079e-06 ± 2.55e-06,0.696154 ± 0.0207,0.684878 ± 0.0262
A6_rch,C1_monotone_half,D1,E7,269.0,310.079 ± 136,3.23601e-05 ± 1.74e-06,0.884294 ± 0.00695,0.744228 ± 0.0277
A6_rch,C1_monotone_half,D1,E7,403.0,310.79 ± 110,3.6215e-06 ± 1.39e-06,0.792494 ± 0.00813,0.690797 ± 0.0206
A6_rch,C1_monotone_half,D1,E8,269.0,16649.7 ± 8.39e+03,9.41539e-06 ± 7.37e-06,0.685037 ± 0.0894,2.06395 ± 0.37
A6_rch,C1_monotone_half,D1,E8,403.0,21801.8 ± 9.47e+03,6.54316e-06 ± 4.06e-06,0.630831 ± 0.0792,2.00165 ± 0.238
A6_rch,C1_monotone_half,D2,E0,294.0,25009.6 ± 1.72e+04,4.99748e-05 ± 2.5e-05,0.641667 ± 0.043,3.27219 ± 0.63
A6_rch,C1_monotone_half,D2,E0,442.0,34354.7 ± 1.47e+04,1.49652e-05 ± 1.38e-05,0.627149 ± 0.0259,3.32508 ± 0.18
A6_rch,C1_monotone_half,D2,E1,294.0,439707 ± 6.33e+05,0.000244534 ± 0.000235,0.81131 ± 0.156,5.88604 ± 1.98
A6_rch,C1_monotone_half,D2,E1,442.0,307148 ± 2.32e+05,0.000146136 ± 0.000118,0.82845 ± 0.022,5.85288 ± 1.92
A6_rch,C1_monotone_half,D2,E2,294.0,2.9753e+06 ± 5.24e+06,0.000806176 ± 0.000698,0.839711 ± 0.196,9.50207 ± 4.3
A6_rch,C1_monotone_half,D2,E2,442.0,2.47404e+06 ± 2.52e+06,0.000614059 ± 0.000444,0.877998 ± 0.0273,9.83996 ± 4.7
A6_rch,C1_monotone_half,D2,E5,294.0,598.571 ± 200,5.37881e-06 ± 3.42e-06,0.817007 ± 0.0161,0.864967 ± 0.0423
A6_rch,C1_monotone_half,D2,E5,442.0,669.784 ± 170,8.74513e-07 ± 7.69e-07,0.73207 ± 0.0331,0.864834 ± 0.0816
A6_rch,C1_monotone_half,D2,E6,294.0,1257.76 ± 268,1.16494e-05 ± 6.5e-06,0.764031 ± 0.0318,1.13722 ± 0.0839
A6_rch,C1_monotone_half,D2,E6,442.0,1682.31 ± 245,3.45766e-06 ± 1.84e-06,0.70526 ± 0.0129,1.07671 ± 0.0784
A6_rch,C1_monotone_half,D2,E7,294.0,315.091 ± 195,3.23523e-05 ± 1.04e-05,0.885204 ± 0.0124,0.93248 ± 0.04
A6_rch,C1_monotone_half,D2,E7,442.0,251.958 ± 58.3,4.48975e-06 ± 1.83e-06,0.802206 ± 0.00783,0.905171 ± 0.026
A6_rch,C1_monotone_half,D2,E8,294.0,27496.4 ± 6.96e+03,1.95928e-05 ± 1.86e-05,0.728656 ± 0.0671,3.1411 ± 0.257
A6_rch,C1_monotone_half,D2,E8,442.0,36548.4 ± 1.09e+04,4.03848e-06 ± 5.08e-06,0.690498 ± 0.0358,3.08417 ± 0.043
A6_rch,C1_monotone_half,D3,E0,320.0,24072.8 ± 6.23e+03,4.54157e-05 ± 2.57e-05,0.666641 ± 0.0724,4.31855 ± 0.511
A6_rch,C1_monotone_half,D3,E0,480.0,39202 ± 9.67e+03,3.68146e-06 ± 3.83e-06,0.59 ± 0.0384,4.39105 ± 0.107
A6_rch,C1_monotone_half,D3,E1,320.0,295594 ± 2.66e+05,0.000448624 ± 0.000358,0.866953 ± 0.0454,7.69225 ± 2.32
A6_rch,C1_monotone_half,D3,E1,480.0,351120 ± 2.59e+05,0.000112425 ± 0.000105,0.823177 ± 0.0265,7.9102 ± 2.83
A6_rch,C1_monotone_half,D3,E2,320.0,1.93981e+06 ± 2.32e+06,0.00117899 ± 0.000634,0.907266 ± 0.0484,12.9304 ± 5.56
A6_rch,C1_monotone_half,D3,E2,480.0,2.52582e+06 ± 1.89e+06,0.000298878 ± 0.00031,0.866615 ± 0.0293,13.4849 ± 7.08
A6_rch,C1_monotone_half,D3,E5,320.0,790.347 ± 209,4.28754e-06 ± 3.19e-06,0.815781 ± 0.049,1.15843 ± 0.104
A6_rch,C1_monotone_half,D3,E5,480.0,956.419 ± 252,1.08665e-06 ± 9.13e-07,0.740052 ± 0.0311,1.04469 ± 0.0475
A6_rch,C1_monotone_half,D3,E6,320.0,1688.15 ± 656,1.20551e-05 ± 8.25e-06,0.761719 ± 0.039,1.37823 ± 0.121
A6_rch,C1_monotone_half,D3,E6,480.0,1915.4 ± 355,4.28626e-06 ± 2.5e-06,0.709167 ± 0.00978,1.3507 ± 0.126
A6_rch,C1_monotone_half,D3,E7,320.0,268.047 ± 51.3,2.69486e-05 ± 1.05e-05,0.885312 ± 0.013,1.09891 ± 0.0509
A6_rch,C1_monotone_half,D3,E7,480.0,205.517 ± 23.5,3.64634e-06 ± 1e-06,0.801406 ± 0.0108,1.01583 ± 0.0139
A6_rch,C1_monotone_half,D3,E8,320.0,32698.9 ± 7e+03,5.20065e-06 ± 5.92e-06,0.708359 ± 0.0475,4.08125 ± 0.262
A6_rch,C1_monotone_half,D3,E8,480.0,38337.1 ± 1.01e+04,3.86258e-06 ± 2.26e-06,0.692865 ± 0.043,4.12539 ± 0.396
A6_rch,C1_monotone_half,D4,E0,320.0,36502.5 ± 6.05e+03,4.53415e-06 ± 5.81e-06,0.750859 ± 0.0213,1.2117 ± 0.0877
A6_rch,C1_monotone_half,D4,E0,480.0,37883.5 ± 1.16e+04,2.37742e-06 ± 1.26e-06,0.675625 ± 0.0456,1.13469 ± 0.0468
A6_rch,C1_monotone_half,D4,E1,320.0,701698 ± 1.35e+05,6.60624e-05 ± 0.000103,0.834688 ± 0.151,1.85991 ± 0.738
A6_rch,C1_monotone_half,D4,E1,480.0,915792 ± 4.14e+05,3.13225e-05 ± 2.86e-05,0.796146 ± 0.161,1.64728 ± 0.665
A6_rch,C1_monotone_half,D4,E2,320.0,5.00232e+06 ± 1.1e+06,0.000247277 ± 0.000214,0.85375 ± 0.182,2.56053 ± 1.41
A6_rch,C1_monotone_half,D4,E2,480.0,7.34723e+06 ± 5.19e+06,9.97408e-05 ± 9.83e-05,0.812969 ± 0.214,2.20366 ± 1.24
A6_rch,C1_monotone_half,D4,E5,320.0,846.133 ± 327,1.29324e-07 ± 1.43e-07,0.839531 ± 0.0173,0.408247 ± 0.0139
A6_rch,C1_monotone_half,D4,E5,480.0,920.277 ± 295,4.62599e-08 ± 2.58e-08,0.777292 ± 0.0287,0.371941 ± 0.00521
A6_rch,C1_monotone_half,D4,E6,320.0,2715.26 ± 91.8,2.61059e-07 ± 3.17e-07,0.833359 ± 0.00596,0.469948 ± 0.0255
A6_rch,C1_monotone_half,D4,E6,480.0,2737.07 ± 42.3,1.09065e-07 ± 1.38e-07,0.796146 ± 0.00723,0.397884 ± 0.0247
A6_rch,C1_monotone_half,D4,E7,320.0,2220.06 ± 44.8,1.60453e-07 ± 1.27e-07,0.839844 ± 0.0115,0.51071 ± 0.0112
A6_rch,C1_monotone_half,D4,E7,480.0,2215.75 ± 14.4,4.31873e-08 ± 4.59e-08,0.761875 ± 0.00229,0.452446 ± 0.00503
A6_rch,C1_monotone_half,D4,E8,320.0,44335 ± 4.65e+03,4.48093e-06 ± 1.38e-06,0.830391 ± 0.0382,1.05581 ± 0.0349
A6_rch,C1_monotone_half,D4,E8,480.0,51421.8 ± 1.1e+04,2.59393e-06 ± 1.61e-06,0.788542 ± 0.0237,0.969188 ± 0.0318
A6_rch,C2_occupancy_floor1,D0,E0,256.0,31.8046 ± 13.3,5.93358e-05 ± 4.65e-05,0.778906 ± 0.0377,0.746928 ± 0.0443
A6_rch,C2_occupancy_floor1,D0,E0,384.0,53.377 ± 32.2,6.08626e-06 ± 4.82e-06,0.708073 ± 0.0266,0.666846 ± 0.00987
A6_rch,C2_occupancy_floor1,D0,E1,256.0,577.312 ± 302,0.000350855 ± 0.000308,0.839746 ± 0.0464,1.29262 ± 0.105
A6_rch,C2_occupancy_floor1,D0,E1,384.0,1854.78 ± 517,0.000126193 ± 0.000116,0.795247 ± 0.0148,1.15972 ± 0.031
A6_rch,C2_occupancy_floor1,D0,E2,256.0,5029.02 ± 1.67e+03,0.000947489 ± 0.000894,0.878125 ± 0.0243,1.69541 ± 0.0635
A6_rch,C2_occupancy_floor1,D0,E2,384.0,3876.75 ± 2.68e+03,0.000339049 ± 0.000294,0.863346 ± 0.0321,1.44082 ± 0.0604
A6_rch,C2_occupancy_floor1,D0,E5,256.0,0.752442 ± 0.277,2.00588e-06 ± 1.11e-06,0.883008 ± 0.0056,0.182657 ± 0.00262
A6_rch,C2_occupancy_floor1,D0,E5,384.0,0.561185 ± 0.239,5.20642e-07 ± 5.07e-07,0.873112 ± 0.0066,0.153391 ± 0.00253
A6_rch,C2_occupancy_floor1,D0,E6,256.0,0.8604 ± 0.227,1.07512e-05 ± 8.89e-07,0.861621 ± 0.00963,0.263872 ± 0.00872
A6_rch,C2_occupancy_floor1,D0,E6,384.0,1.05029 ± 0.622,1.95337e-06 ± 4.81e-07,0.815104 ± 0.00787,0.22401 ± 0.000886
A6_rch,C2_occupancy_floor1,D0,E7,256.0,1.62209 ± 0.571,2.25795e-05 ± 1.03e-05,0.84668 ± 0.00483,0.308869 ± 0.00822
A6_rch,C2_occupancy_floor1,D0,E7,384.0,1.82846 ± 0.293,1.93073e-06 ± 7.65e-08,0.853841 ± 0.00286,0.261187 ± 0.00179
A6_rch,C2_occupancy_floor1,D0,E8,256.0,148.964 ± 130,6.1495e-06 ± 5.54e-06,0.76377 ± 0.0551,0.687252 ± 0.0293
A6_rch,C2_occupancy_floor1,D0,E8,384.0,101.865 ± 90.8,5.60671e-06 ± 5.16e-06,0.740299 ± 0.0152,0.604766 ± 0.0405
A6_rch,C2_occupancy_floor1,D1,E0,269.0,12488.8 ± 7.66e+03,1.72016e-05 ± 9.55e-06,0.756506 ± 0.0394,1.84287 ± 0.0485
A6_rch,C2_occupancy_floor1,D1,E0,403.0,11507 ± 6.79e+03,1.41215e-05 ± 1.34e-05,0.739144 ± 0.0345,1.64885 ± 0.102
A6_rch,C2_occupancy_floor1,D1,E1,269.0,138864 ± 8.69e+04,0.000215559 ± 0.000248,0.698792 ± 0.0302,3.31104 ± 0.673
A6_rch,C2_occupancy_floor1,D1,E1,403.0,168225 ± 6.46e+04,6.21302e-05 ± 8.4e-05,0.666935 ± 0.0384,3.13921 ± 0.605
A6_rch,C2_occupancy_floor1,D1,E2,269.0,940626 ± 8.14e+05,0.000419847 ± 0.000376,0.660409 ± 0.0662,5.27381 ± 1.23
A6_rch,C2_occupancy_floor1,D1,E2,403.0,1.25964e+06 ± 5.67e+05,0.00011973 ± 7.83e-05,0.592432 ± 0.0574,5.02482 ± 1.13
A6_rch,C2_occupancy_floor1,D1,E5,269.0,206.501 ± 72.7,3.45694e-06 ± 5.54e-07,0.863104 ± 0.0221,0.430388 ± 0.0277
A6_rch,C2_occupancy_floor1,D1,E5,403.0,378.431 ± 441,2.87374e-07 ± 7.57e-08,0.831079 ± 0.0158,0.384235 ± 0.0123
A6_rch,C2_occupancy_floor1,D1,E6,269.0,403.838 ± 110,8.60323e-06 ± 5.17e-06,0.806413 ± 0.0157,0.537754 ± 0.0398
A6_rch,C2_occupancy_floor1,D1,E6,403.0,509.177 ± 234,2.00663e-06 ± 6.05e-07,0.788337 ± 0.00609,0.481796 ± 0.0365
A6_rch,C2_occupancy_floor1,D1,E7,269.0,418.461 ± 228,1.8093e-05 ± 6.89e-06,0.789312 ± 0.0265,0.631794 ± 0.0261
A6_rch,C2_occupancy_floor1,D1,E7,403.0,659.138 ± 183,2.1853e-06 ± 1.89e-06,0.816067 ± 0.0105,0.516182 ± 0.0727
A6_rch,C2_occupancy_floor1,D1,E8,269.0,7453.31 ± 1.6e+03,3.63511e-06 ± 4.25e-06,0.77277 ± 0.0272,1.58036 ± 0.137
A6_rch,C2_occupancy_floor1,D1,E8,403.0,7630.35 ± 3.21e+03,7.79963e-06 ± 8.22e-06,0.758251 ± 0.0252,1.44464 ± 0.156
A6_rch,C2_occupancy_floor1,D2,E0,294.0,10092.6 ± 5.6e+03,4.293e-05 ± 3.13e-05,0.737925 ± 0.0336,2.34178 ± 0.171
A6_rch,C2_occupancy_floor1,D2,E0,442.0,21983.7 ± 2.04e+04,1.4015e-05 ± 1.3e-05,0.724661 ± 0.0148,2.14941 ± 0.139
A6_rch,C2_occupancy_floor1,D2,E1,294.0,157041 ± 3.57e+04,0.000198431 ± 0.000255,0.69949 ± 0.062,4.71425 ± 0.817
A6_rch,C2_occupancy_floor1,D2,E1,442.0,199122 ± 5.85e+04,5.05636e-05 ± 3.83e-05,0.670588 ± 0.0386,4.35746 ± 0.836
A6_rch,C2_occupancy_floor1,D2,E2,294.0,969699 ± 3.62e+05,0.00046287 ± 0.00029,0.668793 ± 0.0742,7.60344 ± 1.57
A6_rch,C2_occupancy_floor1,D2,E2,442.0,1.56444e+06 ± 8.16e+05,0.000115192 ± 0.000125,0.602149 ± 0.0574,7.36598 ± 1.98
A6_rch,C2_occupancy_floor1,D2,E5,294.0,171.589 ± 94.1,2.26527e-06 ± 1.3e-06,0.825 ± 0.0335,0.549431 ± 0.0388
A6_rch,C2_occupancy_floor1,D2,E5,442.0,170.452 ± 81.3,4.70965e-07 ± 2.47e-07,0.817534 ± 0.0177,0.504601 ± 0.0298
A6_rch,C2_occupancy_floor1,D2,E6,294.0,349.95 ± 168,1.05147e-05 ± 9.43e-06,0.791327 ± 0.0177,0.682651 ± 0.0652
A6_rch,C2_occupancy_floor1,D2,E6,442.0,311.486 ± 83,2.538e-06 ± 8.32e-07,0.788914 ± 0.0192,0.59563 ± 0.0487
A6_rch,C2_occupancy_floor1,D2,E7,294.0,414.955 ± 213,1.77794e-05 ± 7.87e-06,0.830442 ± 0.0103,0.758335 ± 0.0679
A6_rch,C2_occupancy_floor1,D2,E7,442.0,623.734 ± 194,1.97192e-06 ± 7.74e-07,0.822059 ± 0.00692,0.585307 ± 0.0213
A6_rch,C2_occupancy_floor1,D2,E8,294.0,12265.2 ± 7.2e+03,7.89489e-06 ± 1.42e-05,0.740051 ± 0.0302,2.18177 ± 0.116
A6_rch,C2_occupancy_floor1,D2,E8,442.0,18642.5 ± 1.97e+04,8.78595e-06 ± 1.04e-05,0.720814 ± 0.0289,2.04383 ± 0.0824
A6_rch,C2_occupancy_floor1,D3,E0,320.0,7494.41 ± 2.32e+03,2.43412e-05 ± 2.41e-05,0.72625 ± 0.0306,2.52799 ± 0.191
A6_rch,C2_occupancy_floor1,D3,E0,480.0,17735.5 ± 1.64e+04,4.07197e-06 ± 2.84e-06,0.712396 ± 0.0265,2.29162 ± 0.0982
A6_rch,C2_occupancy_floor1,D3,E1,320.0,139728 ± 5.93e+04,0.000236276 ± 0.00026,0.69 ± 0.0713,5.40422 ± 0.825
A6_rch,C2_occupancy_floor1,D3,E1,480.0,185526 ± 1.14e+05,8.37723e-05 ± 8.59e-05,0.682083 ± 0.0515,4.94739 ± 1.02
A6_rch,C2_occupancy_floor1,D3,E2,320.0,825574 ± 3.67e+05,0.000282263 ± 0.000192,0.669531 ± 0.0829,8.9204 ± 2.1
A6_rch,C2_occupancy_floor1,D3,E2,480.0,1.40014e+06 ± 1.01e+06,0.000184701 ± 0.000116,0.619792 ± 0.0537,8.45485 ± 2.58
A6_rch,C2_occupancy_floor1,D3,E5,320.0,124.966 ± 41.4,1.71357e-06 ± 1.13e-06,0.828828 ± 0.032,0.604974 ± 0.028
A6_rch,C2_occupancy_floor1,D3,E5,480.0,171.165 ± 81.9,3.63916e-07 ± 2.15e-07,0.809167 ± 0.0204,0.553871 ± 0.0439
A6_rch,C2_occupancy_floor1,D3,E6,320.0,333.688 ± 133,1.29213e-05 ± 6.65e-06,0.795156 ± 0.00876,0.746422 ± 0.0244
A6_rch,C2_occupancy_floor1,D3,E6,480.0,295.608 ± 151,4.00494e-06 ± 1.21e-06,0.79724 ± 0.027,0.651849 ± 0.0494
A6_rch,C2_occupancy_floor1,D3,E7,320.0,380.055 ± 332,1.43536e-05 ± 4.61e-06,0.832578 ± 0.00354,0.805399 ± 0.0833
A6_rch,C2_occupancy_floor1,D3,E7,480.0,710.129 ± 228,3.39663e-06 ± 1.65e-06,0.823802 ± 0.00421,0.633318 ± 0.0207
A6_rch,C2_occupancy_floor1,D3,E8,320.0,8250.47 ± 2.93e+03,5.30739e-06 ± 5.41e-06,0.714219 ± 0.0416,2.46115 ± 0.157
A6_rch,C2_occupancy_floor1,D3,E8,480.0,13410.7 ± 8.45e+03,4.87742e-06 ± 4.28e-06,0.724063 ± 0.0322,2.24491 ± 0.1
A6_rch,C2_occupancy_floor1,D4,E0,320.0,37349.1 ± 7.04e+03,6.79056e-06 ± 5.89e-06,0.815 ± 0.0258,1.05607 ± 0.0775
A6_rch,C2_occupancy_floor1,D4,E0,480.0,41276.7 ± 1.05e+04,2.05029e-06 ± 8.63e-07,0.784531 ± 0.0298,0.954985 ± 0.113
A6_rch,C2_occupancy_floor1,D4,E1,320.0,711653 ± 1.66e+05,4.90664e-05 ± 5.76e-05,0.793828 ± 0.0415,1.94289 ± 0.371
A6_rch,C2_occupancy_floor1,D4,E1,480.0,1.05674e+06 ± 4.18e+05,2.3718e-05 ± 2.39e-05,0.753906 ± 0.0556,1.92267 ± 0.554
A6_rch,C2_occupancy_floor1,D4,E2,320.0,4.84181e+06 ± 8.47e+05,0.000396841 ± 0.000414,0.743828 ± 0.0962,3.00398 ± 1.04
A6_rch,C2_occupancy_floor1,D4,E2,480.0,7.07988e+06 ± 4.15e+06,4.72339e-05 ± 7.63e-05,0.731563 ± 0.111,2.6408 ± 0.891
A6_rch,C2_occupancy_floor1,D4,E5,320.0,1171.46 ± 62.2,1.00094e-07 ± 9.33e-08,0.923281 ± 0.00476,0.339257 ± 0.0288
A6_rch,C2_occupancy_floor1,D4,E5,480.0,1169.76 ± 71.5,4.69464e-08 ± 3.9e-08,0.905677 ± 0.00409,0.296528 ± 0.0159
A6_rch,C2_occupancy_floor1,D4,E6,320.0,2507.18 ± 145,2.01074e-07 ± 1.96e-07,0.857812 ± 0.0166,0.373779 ± 0.0508
A6_rch,C2_occupancy_floor1,D4,E6,480.0,2487.3 ± 196,8.86971e-08 ± 8.51e-08,0.835104 ± 0.00762,0.303851 ± 0.017
A6_rch,C2_occupancy_floor1,D4,E7,320.0,2320.29 ± 360,8.61724e-08 ± 5.2e-08,0.818438 ± 0.0192,0.539675 ± 0.15
A6_rch,C2_occupancy_floor1,D4,E7,480.0,2312.68 ± 334,4.36526e-08 ± 4.25e-08,0.803698 ± 0.014,0.387222 ± 0.0069
A6_rch,C2_occupancy_floor1,D4,E8,320.0,44226.9 ± 5.23e+03,6.01855e-06 ± 6.06e-06,0.825313 ± 0.0321,0.934101 ± 0.0407
A6_rch,C2_occupancy_floor1,D4,E8,480.0,48020.6 ± 1.1e+04,2.139e-06 ± 5.82e-07,0.776771 ± 0.0128,0.86415 ± 0.0219
A6_rch,C3_frame_core_occupancy,D0,E0,256.0,18.3085 ± 8.68,4.85434e-05 ± 5.16e-05,0.789258 ± 0.033,0.709591 ± 0.0204
A6_rch,C3_frame_core_occupancy,D0,E0,384.0,13.7494 ± 6.6,6.66426e-06 ± 5.27e-06,0.736979 ± 0.0277,0.630639 ± 0.0134
A6_rch,C3_frame_core_occupancy,D0,E1,256.0,565.183 ± 281,0.00057126 ± 0.000576,0.863086 ± 0.0125,1.24157 ± 0.0394
A6_rch,C3_frame_core_occupancy,D0,E1,384.0,1267.98 ± 1.37e+03,7.68864e-05 ± 5.91e-05,0.797266 ± 0.0252,1.1509 ± 0.0203
A6_rch,C3_frame_core_occupancy,D0,E2,256.0,3336.7 ± 1.57e+03,0.00148168 ± 0.00129,0.91416 ± 0.0198,1.66898 ± 0.052
A6_rch,C3_frame_core_occupancy,D0,E2,384.0,3089.83 ± 1.46e+03,0.000302967 ± 0.000446,0.870052 ± 0.0286,1.49689 ± 0.0923
A6_rch,C3_frame_core_occupancy,D0,E5,256.0,0.745322 ± 0.277,2.0113e-06 ± 1.12e-06,0.883105 ± 0.00573,0.181092 ± 0.00439
A6_rch,C3_frame_core_occupancy,D0,E5,384.0,0.561185 ± 0.239,5.16377e-07 ± 5e-07,0.871745 ± 0.00548,0.152135 ± 0.00132
A6_rch,C3_frame_core_occupancy,D0,E6,256.0,0.8604 ± 0.227,1.07512e-05 ± 8.89e-07,0.861621 ± 0.00963,0.263872 ± 0.00872
A6_rch,C3_frame_core_occupancy,D0,E6,384.0,1.05029 ± 0.622,1.95337e-06 ± 4.81e-07,0.815104 ± 0.00787,0.22401 ± 0.000886
A6_rch,C3_frame_core_occupancy,D0,E7,256.0,1.62209 ± 0.571,2.25795e-05 ± 1.03e-05,0.84668 ± 0.00483,0.308869 ± 0.00822
A6_rch,C3_frame_core_occupancy,D0,E7,384.0,1.82846 ± 0.293,1.93073e-06 ± 7.65e-08,0.853841 ± 0.00286,0.261187 ± 0.00179
A6_rch,C3_frame_core_occupancy,D0,E8,256.0,32.4402 ± 9.43,1.5143e-05 ± 2.19e-05,0.782031 ± 0.0332,0.660581 ± 0.0461
A6_rch,C3_frame_core_occupancy,D0,E8,384.0,39.9779 ± 13.1,8.49629e-06 ± 9.04e-06,0.767578 ± 0.0422,0.590044 ± 0.0195
A6_rch,C3_frame_core_occupancy,D1,E0,269.0,5488.53 ± 839,1.74374e-05 ± 1.12e-05,0.766729 ± 0.0316,1.54907 ± 0.0789
A6_rch,C3_frame_core_occupancy,D1,E0,403.0,5819.43 ± 1.76e+03,8.46599e-06 ± 6.25e-06,0.726675 ± 0.0307,1.41641 ± 0.169
A6_rch,C3_frame_core_occupancy,D1,E1,269.0,160417 ± 8.87e+04,0.00032558 ± 0.000112,0.858364 ± 0.0244,3.31036 ± 0.28
A6_rch,C3_frame_core_occupancy,D1,E1,403.0,244870 ± 9.04e+04,2.36856e-05 ± 2.06e-05,0.793362 ± 0.0115,3.09242 ± 0.179
A6_rch,C3_frame_core_occupancy,D1,E2,269.0,1.228e+06 ± 7.1e+05,0.00093885 ± 0.000942,0.910223 ± 0.0139,5.71961 ± 0.779
A6_rch,C3_frame_core_occupancy,D1,E2,403.0,1.52654e+06 ± 7.11e+05,0.00036833 ± 0.000452,0.87804 ± 0.0228,5.3474 ± 0.548
A6_rch,C3_frame_core_occupancy,D1,E5,269.0,150.83 ± 69.1,2.59492e-06 ± 4.08e-07,0.863848 ± 0.0151,0.380419 ± 0.0169
A6_rch,C3_frame_core_occupancy,D1,E5,403.0,177.735 ± 72.9,2.35517e-07 ± 1.45e-08,0.843548 ± 0.00176,0.336764 ± 0.0226
A6_rch,C3_frame_core_occupancy,D1,E6,269.0,292.658 ± 101,8.17813e-06 ± 6.84e-06,0.837361 ± 0.00349,0.518709 ± 0.0471
A6_rch,C3_frame_core_occupancy,D1,E6,403.0,355.571 ± 140,1.96509e-06 ± 5.21e-07,0.813462 ± 0.0081,0.451133 ± 0.0162
A6_rch,C3_frame_core_occupancy,D1,E7,269.0,500.198 ± 131,2.10066e-05 ± 7.07e-06,0.852045 ± 0.00757,0.600302 ± 0.0213
A6_rch,C3_frame_core_occupancy,D1,E7,403.0,572.727 ± 62.5,2.35046e-06 ± 4.57e-07,0.845968 ± 0.00858,0.541691 ± 0.0379
A6_rch,C3_frame_core_occupancy,D1,E8,269.0,7432.42 ± 1.84e+03,1.99332e-05 ± 1.49e-05,0.783643 ± 0.0287,1.47889 ± 0.157
A6_rch,C3_frame_core_occupancy,D1,E8,403.0,6475.97 ± 2.01e+03,1.04495e-05 ± 1.54e-05,0.755087 ± 0.0187,1.3155 ± 0.0657
A6_rch,C3_frame_core_occupancy,D2,E0,294.0,6750.97 ± 2.08e+03,4.04708e-05 ± 2.56e-05,0.753741 ± 0.0239,2.2585 ± 0.162
A6_rch,C3_frame_core_occupancy,D2,E0,442.0,8134.41 ± 2.78e+03,1.12636e-05 ± 8.45e-06,0.70724 ± 0.0131,2.26082 ± 0.185
A6_rch,C3_frame_core_occupancy,D2,E1,294.0,180251 ± 6.53e+04,0.000265081 ± 0.00011,0.827891 ± 0.0385,5.39473 ± 0.333
A6_rch,C3_frame_core_occupancy,D2,E1,442.0,275042 ± 1.15e+05,0.000124607 ± 8.72e-05,0.78371 ± 0.0166,5.46449 ± 0.82
A6_rch,C3_frame_core_occupancy,D2,E2,294.0,1.33836e+06 ± 5.26e+05,0.000650885 ± 0.000427,0.885884 ± 0.0171,9.85023 ± 1.03
A6_rch,C3_frame_core_occupancy,D2,E2,442.0,1.65942e+06 ± 7.24e+05,0.000384233 ± 0.000484,0.85362 ± 0.0232,9.87414 ± 2.06
A6_rch,C3_frame_core_occupancy,D2,E5,294.0,167.545 ± 126,1.8971e-06 ± 1.18e-06,0.847619 ± 0.0161,0.552051 ± 0.0321
A6_rch,C3_frame_core_occupancy,D2,E5,442.0,217.519 ± 179,3.46885e-07 ± 1.13e-07,0.831052 ± 0.0236,0.52898 ± 0.0679
A6_rch,C3_frame_core_occupancy,D2,E6,294.0,292.378 ± 132,9.26435e-06 ± 9.79e-06,0.818707 ± 0.0153,0.742906 ± 0.0905
A6_rch,C3_frame_core_occupancy,D2,E6,442.0,397.095 ± 159,2.22646e-06 ± 9.94e-07,0.797511 ± 0.00431,0.687677 ± 0.0435
A6_rch,C3_frame_core_occupancy,D2,E7,294.0,597.2 ± 46.5,1.83139e-05 ± 1.08e-05,0.842007 ± 0.0111,0.873187 ± 0.0616
A6_rch,C3_frame_core_occupancy,D2,E7,442.0,536.333 ± 110,2.02073e-06 ± 6.59e-07,0.830995 ± 0.00656,0.768646 ± 0.0564
A6_rch,C3_frame_core_occupancy,D2,E8,294.0,10809.9 ± 4.56e+03,1.42049e-05 ± 1.37e-05,0.761224 ± 0.041,2.37594 ± 0.165
A6_rch,C3_frame_core_occupancy,D2,E8,442.0,10342.9 ± 1.49e+03,5.45179e-06 ± 5.1e-06,0.742477 ± 0.026,2.20216 ± 0.0881
A6_rch,C3_frame_core_occupancy,D3,E0,320.0,7735.67 ± 2.62e+03,2.65102e-05 ± 2.31e-05,0.746484 ± 0.0185,2.7598 ± 0.262
A6_rch,C3_frame_core_occupancy,D3,E0,480.0,9861.04 ± 3.48e+03,5.51489e-06 ± 5.43e-06,0.719688 ± 0.0226,2.74131 ± 0.298
A6_rch,C3_frame_core_occupancy,D3,E1,320.0,195089 ± 9.21e+04,0.000365944 ± 0.00032,0.821484 ± 0.0475,6.84772 ± 0.98
A6_rch,C3_frame_core_occupancy,D3,E1,480.0,287957 ± 2.24e+05,0.0001506 ± 0.000138,0.782813 ± 0.0244,6.76154 ± 0.922
A6_rch,C3_frame_core_occupancy,D3,E2,320.0,1.17101e+06 ± 5.5e+05,0.000733313 ± 0.000763,0.870391 ± 0.022,12.2657 ± 2.69
A6_rch,C3_frame_core_occupancy,D3,E2,480.0,1.9182e+06 ± 5.19e+05,0.000352655 ± 0.00031,0.842917 ± 0.0473,12.5904 ± 3.47
A6_rch,C3_frame_core_occupancy,D3,E5,320.0,135.524 ± 45.2,1.42259e-06 ± 9.89e-07,0.826719 ± 0.0184,0.635577 ± 0.0367
A6_rch,C3_frame_core_occupancy,D3,E5,480.0,177.476 ± 47.2,3.09272e-07 ± 1.53e-07,0.819167 ± 0.0149,0.596984 ± 0.0364
A6_rch,C3_frame_core_occupancy,D3,E6,320.0,433.676 ± 178,1.16484e-05 ± 6.13e-06,0.802891 ± 0.0188,0.876761 ± 0.12
A6_rch,C3_frame_core_occupancy,D3,E6,480.0,337.709 ± 152,3.76468e-06 ± 1.38e-06,0.800729 ± 0.0127,0.758698 ± 0.0727
A6_rch,C3_frame_core_occupancy,D3,E7,320.0,576.952 ± 128,1.16111e-05 ± 7.57e-06,0.839453 ± 0.00225,0.971492 ± 0.0672
A6_rch,C3_frame_core_occupancy,D3,E7,480.0,520.821 ± 71.1,3.47884e-06 ± 3.24e-06,0.820469 ± 0.00426,0.831292 ± 0.055
A6_rch,C3_frame_core_occupancy,D3,E8,320.0,12387.8 ± 5e+03,1.52164e-05 ± 2.07e-05,0.749219 ± 0.0219,2.93605 ± 0.147
A6_rch,C3_frame_core_occupancy,D3,E8,480.0,12770.4 ± 6.56e+03,4.96459e-06 ± 4.13e-06,0.709271 ± 0.0167,2.79789 ± 0.212
A6_rch,C3_frame_core_occupancy,D4,E0,320.0,32702.6 ± 7.16e+03,6.16658e-06 ± 5.61e-06,0.817422 ± 0.0204,0.833276 ± 0.0232
A6_rch,C3_frame_core_occupancy,D4,E0,480.0,34884.4 ± 5.81e+03,1.87028e-06 ± 9.67e-07,0.764844 ± 0.0209,0.732337 ± 0.0679
A6_rch,C3_frame_core_occupancy,D4,E1,320.0,732625 ± 2.27e+05,4.82688e-05 ± 7.75e-05,0.866484 ± 0.0247,1.56186 ± 0.179
A6_rch,C3_frame_core_occupancy,D4,E1,480.0,904455 ± 3.34e+05,3.48001e-05 ± 3.44e-05,0.80776 ± 0.025,1.41799 ± 0.186
A6_rch,C3_frame_core_occupancy,D4,E2,320.0,5.38759e+06 ± 1.22e+06,0.000367703 ± 0.000443,0.893047 ± 0.033,3.26685 ± 1.51
A6_rch,C3_frame_core_occupancy,D4,E2,480.0,6.84908e+06 ± 3.43e+06,0.000129102 ± 0.00015,0.869427 ± 0.0485,2.22607 ± 0.28
A6_rch,C3_frame_core_occupancy,D4,E5,320.0,763.618 ± 9.99,1.00094e-07 ± 9.33e-08,0.880859 ± 0.00676,0.213805 ± 0.00117
A6_rch,C3_frame_core_occupancy,D4,E5,480.0,771.967 ± 17.1,4.69464e-08 ± 3.9e-08,0.869427 ± 0.0115,0.173135 ± 0.00267
A6_rch,C3_frame_core_occupancy,D4,E6,320.0,1751.36 ± 139,1.90574e-07 ± 1.84e-07,0.847734 ± 0.0127,0.309173 ± 0.00375
A6_rch,C3_frame_core_occupancy,D4,E6,480.0,1719.74 ± 109,7.09708e-08 ± 8.39e-08,0.832187 ± 0.00714,0.252537 ± 0.0038
A6_rch,C3_frame_core_occupancy,D4,E7,320.0,2297.72 ± 116,8.61724e-08 ± 5.2e-08,0.853047 ± 0.0106,0.364367 ± 0.00807
A6_rch,C3_frame_core_occupancy,D4,E7,480.0,2306.02 ± 92.8,4.36526e-08 ± 4.25e-08,0.81375 ± 0.0176,0.306415 ± 0.0311
A6_rch,C3_frame_core_occupancy,D4,E8,320.0,35636.5 ± 5.03e+03,6.17076e-06 ± 5.73e-06,0.811328 ± 0.0272,0.790935 ± 0.0535
A6_rch,C3_frame_core_occupancy,D4,E8,480.0,41381.7 ± 9.63e+03,1.93932e-06 ± 8.71e-07,0.779167 ± 0.0211,0.66467 ± 0.0261
A6_rch,C4_hybrid,D0,E0,256.0,60.7263 ± 44.7,5.84127e-05 ± 6.01e-05,0.75332 ± 0.0232,0.736773 ± 0.0226
A6_rch,C4_hybrid,D0,E0,384.0,39.9524 ± 30.4,6.51055e-06 ± 5.15e-06,0.716862 ± 0.0325,0.634034 ± 0.0126
A6_rch,C4_hybrid,D0,E1,256.0,1240.03 ± 455,0.000423443 ± 0.000474,0.797949 ± 0.0251,1.27799 ± 0.0486
A6_rch,C4_hybrid,D0,E1,384.0,1182.74 ± 955,8.52431e-05 ± 7.91e-05,0.791927 ± 0.0173,1.11485 ± 0.049
A6_rch,C4_hybrid,D0,E2,256.0,3265.52 ± 2.09e+03,0.00110631 ± 0.000788,0.902051 ± 0.0364,1.62211 ± 0.026
A6_rch,C4_hybrid,D0,E2,384.0,7433.21 ± 5.9e+03,0.000371188 ± 0.000558,0.819271 ± 0.0315,1.45325 ± 0.0931
A6_rch,C4_hybrid,D0,E5,256.0,0.752442 ± 0.277,2.00588e-06 ± 1.11e-06,0.883008 ± 0.0056,0.182657 ± 0.00262
A6_rch,C4_hybrid,D0,E5,384.0,0.561185 ± 0.239,5.20642e-07 ± 5.07e-07,0.873112 ± 0.0066,0.153391 ± 0.00253
A6_rch,C4_hybrid,D0,E6,256.0,0.8604 ± 0.227,1.07512e-05 ± 8.89e-07,0.861621 ± 0.00963,0.263872 ± 0.00872
A6_rch,C4_hybrid,D0,E6,384.0,1.05029 ± 0.622,1.95337e-06 ± 4.81e-07,0.815104 ± 0.00787,0.22401 ± 0.000886
A6_rch,C4_hybrid,D0,E7,256.0,1.62209 ± 0.571,2.25795e-05 ± 1.03e-05,0.84668 ± 0.00483,0.308869 ± 0.00822
A6_rch,C4_hybrid,D0,E7,384.0,1.82846 ± 0.293,1.93073e-06 ± 7.65e-08,0.853841 ± 0.00286,0.261187 ± 0.00179
A6_rch,C4_hybrid,D0,E8,256.0,132.738 ± 148,7.37327e-06 ± 5.25e-06,0.77334 ± 0.0565,0.643383 ± 0.0203
A6_rch,C4_hybrid,D0,E8,384.0,125.668 ± 114,4.50892e-06 ± 4.07e-06,0.729622 ± 0.0254,0.580041 ± 0.0137
A6_rch,C4_hybrid,D1,E0,269.0,12195.2 ± 8.03e+03,1.65479e-05 ± 1.06e-05,0.742844 ± 0.0279,1.53999 ± 0.0708
A6_rch,C4_hybrid,D1,E0,403.0,11607.3 ± 8.55e+03,9.53333e-06 ± 5.24e-06,0.705087 ± 0.0106,1.32843 ± 0.0607
A6_rch,C4_hybrid,D1,E1,269.0,191499 ± 9.06e+04,0.0003056 ± 0.000301,0.695167 ± 0.0373,2.92905 ± 0.406
A6_rch,C4_hybrid,D1,E1,403.0,221564 ± 1.58e+05,6.25666e-05 ± 8.46e-05,0.691377 ± 0.025,2.68742 ± 0.804
A6_rch,C4_hybrid,D1,E2,269.0,1.13124e+06 ± 8.85e+05,0.000396053 ± 0.000307,0.661152 ± 0.0649,4.77419 ± 1.65
A6_rch,C4_hybrid,D1,E2,403.0,1.47865e+06 ± 1.41e+06,0.000152505 ± 0.000157,0.629963 ± 0.0429,4.6289 ± 1.85
A6_rch,C4_hybrid,D1,E5,269.0,206.501 ± 72.7,3.13162e-06 ± 6.05e-07,0.828996 ± 0.0247,0.353551 ± 0.0253
A6_rch,C4_hybrid,D1,E5,403.0,380.437 ± 440,2.54881e-07 ± 5.56e-08,0.812841 ± 0.0138,0.296589 ± 0.0107
A6_rch,C4_hybrid,D1,E6,269.0,416.733 ± 96,8.04815e-06 ± 5.1e-06,0.805019 ± 0.00841,0.48412 ± 0.0438
A6_rch,C4_hybrid,D1,E6,403.0,518.749 ± 216,2.11046e-06 ± 6.79e-07,0.786973 ± 0.00457,0.423752 ± 0.0254
A6_rch,C4_hybrid,D1,E7,269.0,511.855 ± 203,1.99213e-05 ± 7.56e-06,0.802974 ± 0.0251,0.4845 ± 0.0249
A6_rch,C4_hybrid,D1,E7,403.0,507.482 ± 176,3.06218e-06 ± 1.93e-06,0.801985 ± 0.00819,0.413585 ± 0.0305
A6_rch,C4_hybrid,D1,E8,269.0,6827.66 ± 2.23e+03,4.18384e-06 ± 5.09e-06,0.754368 ± 0.0147,1.43172 ± 0.14
A6_rch,C4_hybrid,D1,E8,403.0,12014.2 ± 1.59e+04,7.95559e-06 ± 7.41e-06,0.738462 ± 0.0212,1.24311 ± 0.129
A6_rch,C4_hybrid,D2,E0,294.0,10258.3 ± 5.32e+03,3.75869e-05 ± 2.72e-05,0.720748 ± 0.0192,2.06935 ± 0.203
A6_rch,C4_hybrid,D2,E0,442.0,22010.8 ± 2.09e+04,1.49411e-05 ± 1.62e-05,0.694231 ± 0.0233,1.8282 ± 0.0903
A6_rch,C4_hybrid,D2,E1,294.0,191716 ± 7.18e+04,0.000256152 ± 0.000333,0.692942 ± 0.0499,4.29737 ± 0.744
A6_rch,C4_hybrid,D2,E1,442.0,166542 ± 9.75e+04,6.66342e-05 ± 6.67e-05,0.693722 ± 0.0261,3.94593 ± 0.762
A6_rch,C4_hybrid,D2,E2,294.0,962271 ± 3.79e+05,0.000383352 ± 0.000297,0.67534 ± 0.0533,7.07266 ± 2
A6_rch,C4_hybrid,D2,E2,442.0,2.56122e+06 ± 2.68e+06,0.000109427 ± 0.000117,0.615894 ± 0.058,6.931 ± 2.54
A6_rch,C4_hybrid,D2,E5,294.0,171.589 ± 94.1,2.15399e-06 ± 1.28e-06,0.815051 ± 0.014,0.47446 ± 0.028
A6_rch,C4_hybrid,D2,E5,442.0,178.027 ± 101,4.27861e-07 ± 1.89e-07,0.800396 ± 0.0181,0.414944 ± 0.0206
A6_rch,C4_hybrid,D2,E6,294.0,348.367 ± 144,1.10624e-05 ± 9.21e-06,0.8 ± 0.00857,0.625904 ± 0.0668
A6_rch,C4_hybrid,D2,E6,442.0,311.389 ± 143,2.40177e-06 ± 9.05e-07,0.793326 ± 0.0152,0.536667 ± 0.0279
A6_rch,C4_hybrid,D2,E7,294.0,518.084 ± 325,1.81026e-05 ± 8.07e-06,0.815221 ± 0.00759,0.622403 ± 0.0252
A6_rch,C4_hybrid,D2,E7,442.0,579.838 ± 250,2.45966e-06 ± 9.53e-07,0.815102 ± 0.0166,0.546412 ± 0.0248
A6_rch,C4_hybrid,D2,E8,294.0,12419.1 ± 6.83e+03,8.92853e-06 ± 1.46e-05,0.727296 ± 0.0195,2.01565 ± 0.116
A6_rch,C4_hybrid,D2,E8,442.0,20498.5 ± 2.37e+04,8.03105e-06 ± 9.26e-06,0.715894 ± 0.0393,1.81615 ± 0.092
A6_rch,C4_hybrid,D3,E0,320.0,7723.56 ± 3.47e+03,2.31314e-05 ± 2.02e-05,0.704609 ± 0.0188,2.2403 ± 0.113
A6_rch,C4_hybrid,D3,E0,480.0,20613.2 ± 2.31e+04,2.15574e-06 ± 1.62e-06,0.677917 ± 0.038,2.06525 ± 0.151
A6_rch,C4_hybrid,D3,E1,320.0,293966 ± 3.48e+05,0.000195325 ± 0.000216,0.678672 ± 0.0569,5.16451 ± 0.96
A6_rch,C4_hybrid,D3,E1,480.0,339119 ± 3.02e+05,7.53399e-05 ± 6.03e-05,0.683229 ± 0.0526,4.72688 ± 1.06
A6_rch,C4_hybrid,D3,E2,320.0,816660 ± 4.46e+05,0.000266879 ± 0.000164,0.667734 ± 0.0818,8.56612 ± 2.65
A6_rch,C4_hybrid,D3,E2,480.0,2.06051e+06 ± 1.54e+06,0.00010825 ± 0.000146,0.633542 ± 0.047,8.06846 ± 3.01
A6_rch,C4_hybrid,D3,E5,320.0,134.326 ± 52.5,1.67368e-06 ± 1.14e-06,0.817734 ± 0.0242,0.557561 ± 0.0215
A6_rch,C4_hybrid,D3,E5,480.0,157.061 ± 86.4,3.27939e-07 ± 1.61e-07,0.797969 ± 0.014,0.476098 ± 0.0416
A6_rch,C4_hybrid,D3,E6,320.0,255.863 ± 167,1.26396e-05 ± 6.25e-06,0.810469 ± 0.0113,0.675831 ± 0.043
A6_rch,C4_hybrid,D3,E6,480.0,300.931 ± 145,3.6799e-06 ± 8.59e-07,0.800208 ± 0.0239,0.598417 ± 0.0356
A6_rch,C4_hybrid,D3,E7,320.0,619.238 ± 90.9,1.56133e-05 ± 5.94e-06,0.818281 ± 0.00581,0.711373 ± 0.0166
A6_rch,C4_hybrid,D3,E7,480.0,436.088 ± 282,2.87636e-06 ± 1.47e-06,0.814635 ± 0.0093,0.604274 ± 0.035
A6_rch,C4_hybrid,D3,E8,320.0,8462.7 ± 3.2e+03,5.49645e-06 ± 5.46e-06,0.714375 ± 0.0326,2.29195 ± 0.168
A6_rch,C4_hybrid,D3,E8,480.0,10801 ± 6.77e+03,3.69412e-06 ± 3.81e-06,0.708594 ± 0.0365,1.98004 ± 0.0865
A6_rch,C4_hybrid,D4,E0,320.0,34553.3 ± 1.02e+04,8.11603e-06 ± 6.21e-06,0.799922 ± 0.0385,0.784327 ± 0.0793
A6_rch,C4_hybrid,D4,E0,480.0,42900.4 ± 1.14e+04,1.83589e-06 ± 1e-06,0.748021 ± 0.0208,0.683104 ± 0.0503
A6_rch,C4_hybrid,D4,E1,320.0,639705 ± 1.17e+05,4.38926e-05 ± 3.88e-05,0.770625 ± 0.0505,1.50376 ± 0.134
A6_rch,C4_hybrid,D4,E1,480.0,937528 ± 4.06e+05,3.44891e-05 ± 3.41e-05,0.759271 ± 0.0543,1.3412 ± 0.241
A6_rch,C4_hybrid,D4,E2,320.0,4.85187e+06 ± 1.32e+06,0.000217628 ± 0.000187,0.729219 ± 0.0992,2.49121 ± 0.471
A6_rch,C4_hybrid,D4,E2,480.0,6.62991e+06 ± 3.52e+06,5.51677e-05 ± 8.15e-05,0.748906 ± 0.0981,1.91913 ± 0.555
A6_rch,C4_hybrid,D4,E5,320.0,1092.5 ± 74,1.00094e-07 ± 9.33e-08,0.878437 ± 0.00326,0.23883 ± 0.00223
A6_rch,C4_hybrid,D4,E5,480.0,996.476 ± 136,3.735e-08 ± 2.13e-08,0.858698 ± 0.0126,0.187112 ± 0.0104
A6_rch,C4_hybrid,D4,E6,320.0,2658.8 ± 147,1.55963e-07 ± 1.77e-07,0.835859 ± 0.0154,0.333119 ± 0.0195
A6_rch,C4_hybrid,D4,E6,480.0,2686.17 ± 175,6.3228e-08 ± 6.33e-08,0.826042 ± 0.0114,0.259358 ± 0.00832
A6_rch,C4_hybrid,D4,E7,320.0,2467.85 ± 316,1.08794e-07 ± 1.04e-07,0.833516 ± 0.0106,0.31748 ± 0.00636
A6_rch,C4_hybrid,D4,E7,480.0,2920.84 ± 361,6.99844e-08 ± 8.79e-08,0.842292 ± 0.0104,0.263844 ± 0.00677
A6_rch,C4_hybrid,D4,E8,320.0,41635.1 ± 7.6e+03,7.22669e-06 ± 8.35e-06,0.806953 ± 0.0248,0.77398 ± 0.0488
A6_rch,C4_hybrid,D4,E8,480.0,49237.2 ± 1.13e+04,1.65085e-06 ± 1.02e-06,0.741979 ± 0.0131,0.666827 ± 0.0201
A6_rch_b2_mrcd,C0_uniform,D0,E0,256.0,33.0602 ± 11,5.85404e-05 ± 4.67e-05,0.777344 ± 0.036,0.718976 ± 0.0293
A6_rch_b2_mrcd,C0_uniform,D0,E0,384.0,39.9524 ± 30.4,6.51055e-06 ± 5.15e-06,0.716862 ± 0.0326,0.631007 ± 0.0144
A6_rch_b2_mrcd,C0_uniform,D0,E1,256.0,1747.15 ± 1.02e+03,0.000158084 ± 0.000137,0.68125 ± 0.0201,1.8595 ± 0.207
A6_rch_b2_mrcd,C0_uniform,D0,E1,384.0,1729.4 ± 380,4.07403e-05 ± 3.18e-05,0.650456 ± 0.0195,1.69068 ± 0.21
A6_rch_b2_mrcd,C0_uniform,D0,E2,256.0,16869 ± 9.57e+03,0.000136042 ± 0.000147,0.591309 ± 0.03,3.50535 ± 0.333
A6_rch_b2_mrcd,C0_uniform,D0,E2,384.0,26916.7 ± 2.61e+04,0.000102958 ± 9.99e-05,0.573177 ± 0.0296,3.15834 ± 0.324
A6_rch_b2_mrcd,C0_uniform,D0,E5,256.0,1.76564 ± 0.869,2.28734e-06 ± 8.83e-07,0.836816 ± 0.00457,0.200003 ± 0.00327
A6_rch_b2_mrcd,C0_uniform,D0,E5,384.0,1.38895 ± 0.324,3.78626e-07 ± 1.11e-07,0.814128 ± 0.00859,0.165155 ± 0.00215
A6_rch_b2_mrcd,C0_uniform,D0,E6,256.0,3.85888 ± 1.46,6.18086e-06 ± 1.41e-06,0.805176 ± 0.0156,0.329393 ± 0.00593
A6_rch_b2_mrcd,C0_uniform,D0,E6,384.0,4.06954 ± 0.958,2.20889e-06 ± 3.57e-07,0.771875 ± 0.0173,0.2719 ± 0.00388
A6_rch_b2_mrcd,C0_uniform,D0,E7,256.0,8.27125 ± 4.72,1.27826e-05 ± 3.48e-06,0.818945 ± 0.0078,0.365682 ± 0.00645
A6_rch_b2_mrcd,C0_uniform,D0,E7,384.0,3.94399 ± 0.129,1.03754e-06 ± 1.59e-07,0.803385 ± 0.00774,0.307674 ± 0.00589
A6_rch_b2_mrcd,C0_uniform,D0,E8,256.0,118.577 ± 91.1,6.11295e-06 ± 5.51e-06,0.75957 ± 0.0417,0.648013 ± 0.0338
A6_rch_b2_mrcd,C0_uniform,D0,E8,384.0,121.019 ± 116,4.19394e-06 ± 2.96e-06,0.728841 ± 0.0216,0.569007 ± 0.0229
A6_rch_b2_mrcd,C0_uniform,D1,E0,269.0,12195.2 ± 8.03e+03,1.6572e-05 ± 1.06e-05,0.742658 ± 0.0284,1.53093 ± 0.0672
A6_rch_b2_mrcd,C0_uniform,D1,E0,403.0,13234.4 ± 8.09e+03,1.10913e-05 ± 6.32e-06,0.698697 ± 0.0273,1.32406 ± 0.063
A6_rch_b2_mrcd,C0_uniform,D1,E1,269.0,391384 ± 2.56e+05,9.78678e-05 ± 7.85e-05,0.645632 ± 0.0182,3.60104 ± 0.27
A6_rch_b2_mrcd,C0_uniform,D1,E1,403.0,357124 ± 2.67e+05,4.01368e-05 ± 3.94e-05,0.6317 ± 0.032,3.24331 ± 0.376
A6_rch_b2_mrcd,C0_uniform,D1,E2,269.0,2.75829e+06 ± 2.14e+06,0.000209718 ± 0.000239,0.565613 ± 0.0206,6.56402 ± 1.03
A6_rch_b2_mrcd,C0_uniform,D1,E2,403.0,5.68456e+06 ± 7.71e+06,0.000116647 ± 0.000114,0.573015 ± 0.0367,5.92429 ± 0.903
A6_rch_b2_mrcd,C0_uniform,D1,E5,269.0,385.965 ± 329,2.7499e-06 ± 1.54e-06,0.801394 ± 0.0195,0.420838 ± 0.0168
A6_rch_b2_mrcd,C0_uniform,D1,E5,403.0,262.155 ± 85.1,3.85416e-07 ± 8.58e-08,0.772457 ± 0.00856,0.34527 ± 0.0128
A6_rch_b2_mrcd,C0_uniform,D1,E6,269.0,617.806 ± 405,9.24478e-06 ± 1.44e-06,0.763197 ± 0.0142,0.620476 ± 0.0556
A6_rch_b2_mrcd,C0_uniform,D1,E6,403.0,797.848 ± 492,2.30725e-06 ± 7.75e-07,0.74603 ± 0.00464,0.517646 ± 0.0266
A6_rch_b2_mrcd,C0_uniform,D1,E7,269.0,1921.57 ± 1.13e+03,1.48628e-05 ± 3.69e-06,0.750279 ± 0.0101,0.657438 ± 0.0572
A6_rch_b2_mrcd,C0_uniform,D1,E7,403.0,2348.03 ± 1.93e+03,2.37238e-06 ± 1.68e-06,0.735112 ± 0.0137,0.571161 ± 0.0231
A6_rch_b2_mrcd,C0_uniform,D1,E8,269.0,6800.39 ± 2.28e+03,4.76149e-06 ± 5.05e-06,0.754275 ± 0.0135,1.41159 ± 0.138
A6_rch_b2_mrcd,C0_uniform,D1,E8,403.0,7077.37 ± 2.86e+03,9.88369e-06 ± 8.16e-06,0.73232 ± 0.0283,1.20707 ± 0.11
A6_rch_b2_mrcd,C0_uniform,D2,E0,294.0,10258.3 ± 5.32e+03,3.76416e-05 ± 2.71e-05,0.720578 ± 0.0189,2.05773 ± 0.197
A6_rch_b2_mrcd,C0_uniform,D2,E0,442.0,15498.1 ± 1.2e+04,1.18213e-05 ± 8.76e-06,0.675 ± 0.00393,1.8099 ± 0.0667
A6_rch_b2_mrcd,C0_uniform,D2,E1,294.0,691997 ± 6.07e+05,0.000136798 ± 0.000109,0.629252 ± 0.0294,5.31127 ± 0.372
A6_rch_b2_mrcd,C0_uniform,D2,E1,442.0,446545 ± 2.38e+05,2.84625e-05 ± 2.6e-05,0.620984 ± 0.026,4.66364 ± 0.343
A6_rch_b2_mrcd,C0_uniform,D2,E2,294.0,3.33978e+06 ± 1.81e+06,0.000115929 ± 5.84e-05,0.559609 ± 0.032,9.27056 ± 0.658
A6_rch_b2_mrcd,C0_uniform,D2,E2,442.0,5.36697e+06 ± 4.61e+06,9.45725e-05 ± 0.000111,0.563744 ± 0.0317,8.49776 ± 0.864
A6_rch_b2_mrcd,C0_uniform,D2,E5,294.0,293.466 ± 219,2.26242e-06 ± 1.32e-06,0.768878 ± 0.0123,0.575516 ± 0.0469
A6_rch_b2_mrcd,C0_uniform,D2,E5,442.0,248.807 ± 56.1,3.63628e-07 ± 1.47e-07,0.744627 ± 0.018,0.485051 ± 0.0386
A6_rch_b2_mrcd,C0_uniform,D2,E6,294.0,807.407 ± 600,4.48799e-06 ± 1.12e-06,0.724575 ± 0.0168,0.80374 ± 0.031
A6_rch_b2_mrcd,C0_uniform,D2,E6,442.0,716.357 ± 359,1.74242e-06 ± 7.34e-07,0.715158 ± 0.00878,0.671976 ± 0.0492
A6_rch_b2_mrcd,C0_uniform,D2,E7,294.0,3332.68 ± 1.71e+03,1.13643e-05 ± 3.91e-06,0.71369 ± 0.00686,0.8615 ± 0.0505
A6_rch_b2_mrcd,C0_uniform,D2,E7,442.0,1802.44 ± 664,1.44134e-06 ± 1.47e-06,0.720871 ± 0.0111,0.702132 ± 0.03
A6_rch_b2_mrcd,C0_uniform,D2,E8,294.0,12419.1 ± 6.83e+03,8.81365e-06 ± 1.45e-05,0.729762 ± 0.0186,1.99816 ± 0.115
A6_rch_b2_mrcd,C0_uniform,D2,E8,442.0,12882.5 ± 2.66e+03,8.39406e-06 ± 8.24e-06,0.700622 ± 0.025,1.8083 ± 0.0612
A6_rch_b2_mrcd,C0_uniform,D3,E0,320.0,7723.56 ± 3.47e+03,2.40848e-05 ± 2.08e-05,0.704609 ± 0.0185,2.23211 ± 0.11
A6_rch_b2_mrcd,C0_uniform,D3,E0,480.0,13577.6 ± 1.58e+04,2.18193e-06 ± 1.57e-06,0.663177 ± 0.0328,2.03482 ± 0.0726
A6_rch_b2_mrcd,C0_uniform,D3,E1,320.0,474945 ± 4.95e+05,0.000110797 ± 0.000108,0.615469 ± 0.0284,6.01279 ± 0.323
A6_rch_b2_mrcd,C0_uniform,D3,E1,480.0,659063 ± 4.65e+05,3.75419e-05 ± 2.59e-05,0.627292 ± 0.0279,5.1872 ± 0.568
A6_rch_b2_mrcd,C0_uniform,D3,E2,320.0,3.83161e+06 ± 3.19e+06,0.00023425 ± 0.000261,0.553359 ± 0.0503,10.736 ± 1.01
A6_rch_b2_mrcd,C0_uniform,D3,E2,480.0,6.01265e+06 ± 3.58e+06,6.40632e-05 ± 5.98e-05,0.567083 ± 0.0408,9.80069 ± 1.55
A6_rch_b2_mrcd,C0_uniform,D3,E5,320.0,299.925 ± 154,1.49901e-06 ± 6.53e-07,0.741641 ± 0.0208,0.631916 ± 0.0459
A6_rch_b2_mrcd,C0_uniform,D3,E5,480.0,229.451 ± 91.6,3.67169e-07 ± 1e-07,0.73125 ± 0.0201,0.552429 ± 0.0439
A6_rch_b2_mrcd,C0_uniform,D3,E6,320.0,693.766 ± 364,6.67156e-06 ± 4.2e-06,0.695391 ± 0.0131,0.907645 ± 0.0907
A6_rch_b2_mrcd,C0_uniform,D3,E6,480.0,520.727 ± 277,1.39359e-06 ± 1.56e-07,0.704896 ± 0.0212,0.731649 ± 0.0542
A6_rch_b2_mrcd,C0_uniform,D3,E7,320.0,2125.14 ± 299,1.0431e-05 ± 2.31e-06,0.70875 ± 0.0117,0.921617 ± 0.0441
A6_rch_b2_mrcd,C0_uniform,D3,E7,480.0,2451.4 ± 2.1e+03,1.82091e-06 ± 1.43e-06,0.710885 ± 0.0161,0.771506 ± 0.0239
A6_rch_b2_mrcd,C0_uniform,D3,E8,320.0,8462.7 ± 3.2e+03,6.02329e-06 ± 5.01e-06,0.715156 ± 0.0349,2.27451 ± 0.166
A6_rch_b2_mrcd,C0_uniform,D3,E8,480.0,7924.57 ± 2.92e+03,3.38426e-06 ± 4.04e-06,0.695833 ± 0.0247,2.00862 ± 0.15
A6_rch_b2_mrcd,C0_uniform,D4,E0,320.0,35801 ± 9.06e+03,4.15053e-06 ± 2.7e-06,0.799922 ± 0.0281,0.927912 ± 0.0242
A6_rch_b2_mrcd,C0_uniform,D4,E0,480.0,39634.2 ± 6.12e+03,2.45369e-06 ± 2.25e-06,0.741927 ± 0.0417,0.807844 ± 0.0516
A6_rch_b2_mrcd,C0_uniform,D4,E1,320.0,1.05302e+06 ± 4.08e+05,3.57633e-05 ± 3.39e-05,0.696953 ± 0.026,2.58665 ± 0.578
A6_rch_b2_mrcd,C0_uniform,D4,E1,480.0,1.22052e+06 ± 3.58e+05,1.92461e-05 ± 3.15e-05,0.640521 ± 0.0261,2.24539 ± 0.561
A6_rch_b2_mrcd,C0_uniform,D4,E2,320.0,7.55488e+06 ± 2.81e+06,8.75384e-05 ± 8.83e-05,0.638125 ± 0.0324,4.45887 ± 1.55
A6_rch_b2_mrcd,C0_uniform,D4,E2,480.0,1.00643e+07 ± 3.81e+06,2.57913e-05 ± 3.22e-05,0.620521 ± 0.03,3.638 ± 1
A6_rch_b2_mrcd,C0_uniform,D4,E5,320.0,937.518 ± 71,8.03537e-08 ± 5.04e-08,0.818672 ± 0.00835,0.236781 ± 0.00315
A6_rch_b2_mrcd,C0_uniform,D4,E5,480.0,923.744 ± 104,2.26918e-08 ± 9.9e-09,0.791302 ± 0.0103,0.18682 ± 0.00359
A6_rch_b2_mrcd,C0_uniform,D4,E6,320.0,1878.82 ± 182,9.98849e-08 ± 1.5e-07,0.783125 ± 0.0116,0.40652 ± 0.0258
A6_rch_b2_mrcd,C0_uniform,D4,E6,480.0,1886.22 ± 228,4.32817e-08 ± 1.66e-08,0.780729 ± 0.0427,0.319663 ± 0.0235
A6_rch_b2_mrcd,C0_uniform,D4,E7,320.0,4122.54 ± 587,9.08375e-08 ± 4.45e-08,0.754922 ± 0.0107,0.456007 ± 0.032
A6_rch_b2_mrcd,C0_uniform,D4,E7,480.0,3317.43 ± 1.15e+03,2.13756e-08 ± 2.42e-08,0.734531 ± 0.0385,0.455366 ± 0.0292
A6_rch_b2_mrcd,C0_uniform,D4,E8,320.0,36855.6 ± 3.36e+03,2.85405e-06 ± 3.08e-06,0.783672 ± 0.0376,0.892364 ± 0.0586
A6_rch_b2_mrcd,C0_uniform,D4,E8,480.0,42405.1 ± 1.03e+04,1.38964e-06 ± 1.21e-06,0.713333 ± 0.0203,0.767493 ± 0.0479
A6_rch_b2_mrcd,C1_monotone_half,D0,E0,256.0,101.835 ± 72.1,2.83293e-05 ± 1.41e-05,0.62002 ± 0.0484,1.5537 ± 0.0929
A6_rch_b2_mrcd,C1_monotone_half,D0,E0,384.0,98.4162 ± 34,1.33305e-05 ± 1.31e-05,0.53138 ± 0.0277,1.48847 ± 0.0823
A6_rch_b2_mrcd,C1_monotone_half,D0,E1,256.0,510.225 ± 220,0.000458639 ± 0.000503,0.938086 ± 0.0201,1.73361 ± 0.0724
A6_rch_b2_mrcd,C1_monotone_half,D0,E1,384.0,673.141 ± 505,0.000221654 ± 0.000178,0.880664 ± 0.0127,1.5893 ± 0.0786
A6_rch_b2_mrcd,C1_monotone_half,D0,E2,256.0,3749.76 ± 1.93e+03,0.000785822 ± 0.000621,0.962793 ± 0.0168,1.85401 ± 0.0738
A6_rch_b2_mrcd,C1_monotone_half,D0,E2,384.0,5254.41 ± 3.91e+03,0.000483452 ± 0.000158,0.929167 ± 0.0105,1.72257 ± 0.0464
A6_rch_b2_mrcd,C1_monotone_half,D0,E5,256.0,6.00932 ± 0.889,2.75046e-06 ± 4.1e-07,0.814551 ± 0.00704,0.582991 ± 0.00835
A6_rch_b2_mrcd,C1_monotone_half,D0,E5,384.0,5.9233 ± 1.3,8.36462e-07 ± 1.89e-07,0.75306 ± 0.00362,0.478322 ± 0.0305
A6_rch_b2_mrcd,C1_monotone_half,D0,E6,256.0,14.6254 ± 1.36,1.75661e-05 ± 9.52e-06,0.778711 ± 0.00743,0.661427 ± 0.0211
A6_rch_b2_mrcd,C1_monotone_half,D0,E6,384.0,15.3404 ± 2.1,3.9346e-06 ± 2.64e-06,0.727865 ± 0.0114,0.590287 ± 0.00699
A6_rch_b2_mrcd,C1_monotone_half,D0,E7,256.0,2.54222 ± 1.18,3.31657e-05 ± 3.29e-06,0.844531 ± 0.0109,0.670215 ± 0.0107
A6_rch_b2_mrcd,C1_monotone_half,D0,E7,384.0,1.98818 ± 0.414,3.24446e-06 ± 2.71e-07,0.817188 ± 0.00173,0.589633 ± 0.0115
A6_rch_b2_mrcd,C1_monotone_half,D0,E8,256.0,156.183 ± 117,6.20653e-06 ± 2.55e-06,0.749121 ± 0.0684,1.18694 ± 0.101
A6_rch_b2_mrcd,C1_monotone_half,D0,E8,384.0,139.096 ± 99.4,4.10063e-06 ± 4.42e-06,0.651758 ± 0.0265,1.13365 ± 0.0785
A6_rch_b2_mrcd,C1_monotone_half,D1,E0,269.0,16059.6 ± 4.36e+03,2.74174e-05 ± 2.6e-05,0.667658 ± 0.0305,2.10556 ± 0.105
A6_rch_b2_mrcd,C1_monotone_half,D1,E0,403.0,18637.2 ± 1.45e+04,1.18615e-05 ± 1.08e-05,0.609926 ± 0.0241,2.09273 ± 0.191
A6_rch_b2_mrcd,C1_monotone_half,D1,E1,269.0,197409 ± 1.22e+05,0.000421973 ± 0.000241,0.821654 ± 0.159,3.40921 ± 1.16
A6_rch_b2_mrcd,C1_monotone_half,D1,E1,403.0,251278 ± 2.1e+05,0.000200423 ± 0.000264,0.777605 ± 0.167,3.33904 ± 1.21
A6_rch_b2_mrcd,C1_monotone_half,D1,E2,269.0,1.26326e+06 ± 1.19e+06,0.00110628 ± 0.000961,0.846468 ± 0.196,5.13947 ± 2.41
A6_rch_b2_mrcd,C1_monotone_half,D1,E2,403.0,1.89681e+06 ± 1.85e+06,0.000538092 ± 0.000593,0.797333 ± 0.226,5.16952 ± 2.4
A6_rch_b2_mrcd,C1_monotone_half,D1,E5,269.0,524.988 ± 320,4.19418e-06 ± 2.34e-06,0.804833 ± 0.0176,0.600796 ± 0.0339
A6_rch_b2_mrcd,C1_monotone_half,D1,E5,403.0,496.561 ± 298,1.15984e-06 ± 1.43e-06,0.73201 ± 0.0304,0.555758 ± 0.0149
A6_rch_b2_mrcd,C1_monotone_half,D1,E6,269.0,993.186 ± 271,9.24839e-06 ± 5.38e-06,0.754182 ± 0.0434,0.765898 ± 0.02
A6_rch_b2_mrcd,C1_monotone_half,D1,E6,403.0,1086.66 ± 546,4.13079e-06 ± 2.55e-06,0.696154 ± 0.0207,0.684878 ± 0.0262
A6_rch_b2_mrcd,C1_monotone_half,D1,E7,269.0,310.079 ± 136,3.23601e-05 ± 1.74e-06,0.884294 ± 0.00695,0.744228 ± 0.0277
A6_rch_b2_mrcd,C1_monotone_half,D1,E7,403.0,310.79 ± 110,3.6215e-06 ± 1.39e-06,0.792494 ± 0.00813,0.690797 ± 0.0206
A6_rch_b2_mrcd,C1_monotone_half,D1,E8,269.0,16649.7 ± 8.39e+03,9.41539e-06 ± 7.37e-06,0.685037 ± 0.0894,2.06395 ± 0.37
A6_rch_b2_mrcd,C1_monotone_half,D1,E8,403.0,21801.8 ± 9.47e+03,6.54316e-06 ± 4.06e-06,0.630831 ± 0.0792,2.00165 ± 0.238
A6_rch_b2_mrcd,C1_monotone_half,D2,E0,294.0,25009.6 ± 1.72e+04,4.99748e-05 ± 2.5e-05,0.641667 ± 0.043,3.27219 ± 0.63
A6_rch_b2_mrcd,C1_monotone_half,D2,E0,442.0,34354.7 ± 1.47e+04,1.49652e-05 ± 1.38e-05,0.627149 ± 0.0259,3.32508 ± 0.18
A6_rch_b2_mrcd,C1_monotone_half,D2,E1,294.0,439707 ± 6.33e+05,0.000244534 ± 0.000235,0.81131 ± 0.156,5.88604 ± 1.98
A6_rch_b2_mrcd,C1_monotone_half,D2,E1,442.0,307148 ± 2.32e+05,0.000146136 ± 0.000118,0.82845 ± 0.022,5.85288 ± 1.92
A6_rch_b2_mrcd,C1_monotone_half,D2,E2,294.0,2.73521e+06 ± 4.53e+06,0.00102155 ± 0.000547,0.84881 ± 0.199,9.19747 ± 4.08
A6_rch_b2_mrcd,C1_monotone_half,D2,E2,442.0,2.42479e+06 ± 2.56e+06,0.000531665 ± 0.00043,0.875735 ± 0.0227,9.95367 ± 4.85
A6_rch_b2_mrcd,C1_monotone_half,D2,E5,294.0,598.571 ± 200,5.37881e-06 ± 3.42e-06,0.817007 ± 0.0161,0.864967 ± 0.0423
A6_rch_b2_mrcd,C1_monotone_half,D2,E5,442.0,669.784 ± 170,8.74513e-07 ± 7.69e-07,0.73207 ± 0.0331,0.864834 ± 0.0816
A6_rch_b2_mrcd,C1_monotone_half,D2,E6,294.0,1257.76 ± 268,1.16494e-05 ± 6.5e-06,0.764031 ± 0.0318,1.13722 ± 0.0839
A6_rch_b2_mrcd,C1_monotone_half,D2,E6,442.0,1682.31 ± 245,3.45766e-06 ± 1.84e-06,0.70526 ± 0.0129,1.07671 ± 0.0784
A6_rch_b2_mrcd,C1_monotone_half,D2,E7,294.0,315.091 ± 195,3.23523e-05 ± 1.04e-05,0.885204 ± 0.0124,0.93248 ± 0.04
A6_rch_b2_mrcd,C1_monotone_half,D2,E7,442.0,251.958 ± 58.3,4.48975e-06 ± 1.83e-06,0.802206 ± 0.00783,0.905171 ± 0.026
A6_rch_b2_mrcd,C1_monotone_half,D2,E8,294.0,27496.4 ± 6.96e+03,1.95928e-05 ± 1.86e-05,0.728656 ± 0.0671,3.1411 ± 0.257
A6_rch_b2_mrcd,C1_monotone_half,D2,E8,442.0,36548.4 ± 1.09e+04,4.03848e-06 ± 5.08e-06,0.690498 ± 0.0358,3.08417 ± 0.043
A6_rch_b2_mrcd,C1_monotone_half,D3,E0,320.0,24072.8 ± 6.23e+03,4.54157e-05 ± 2.57e-05,0.666641 ± 0.0724,4.31855 ± 0.511
A6_rch_b2_mrcd,C1_monotone_half,D3,E0,480.0,39202 ± 9.67e+03,3.68146e-06 ± 3.83e-06,0.59 ± 0.0384,4.39105 ± 0.107
A6_rch_b2_mrcd,C1_monotone_half,D3,E1,320.0,295594 ± 2.66e+05,0.000448624 ± 0.000358,0.866953 ± 0.0454,7.69225 ± 2.32
A6_rch_b2_mrcd,C1_monotone_half,D3,E1,480.0,351120 ± 2.59e+05,0.000112425 ± 0.000105,0.823177 ± 0.0265,7.9102 ± 2.83
A6_rch_b2_mrcd,C1_monotone_half,D3,E2,320.0,1.97973e+06 ± 2.29e+06,0.00119276 ± 0.000632,0.907344 ± 0.0418,12.9995 ± 5.63
A6_rch_b2_mrcd,C1_monotone_half,D3,E2,480.0,2.48458e+06 ± 1.98e+06,0.000373636 ± 0.00034,0.868646 ± 0.0259,13.5082 ± 6.84
A6_rch_b2_mrcd,C1_monotone_half,D3,E5,320.0,790.347 ± 209,4.28754e-06 ± 3.19e-06,0.815781 ± 0.049,1.15843 ± 0.104
A6_rch_b2_mrcd,C1_monotone_half,D3,E5,480.0,956.419 ± 252,1.08665e-06 ± 9.13e-07,0.740052 ± 0.0311,1.04469 ± 0.0475
A6_rch_b2_mrcd,C1_monotone_half,D3,E6,320.0,1688.15 ± 656,1.20551e-05 ± 8.25e-06,0.761719 ± 0.039,1.37823 ± 0.121
A6_rch_b2_mrcd,C1_monotone_half,D3,E6,480.0,1915.4 ± 355,4.28626e-06 ± 2.5e-06,0.709167 ± 0.00978,1.3507 ± 0.126
A6_rch_b2_mrcd,C1_monotone_half,D3,E7,320.0,268.047 ± 51.3,2.69486e-05 ± 1.05e-05,0.885312 ± 0.013,1.09891 ± 0.0509
A6_rch_b2_mrcd,C1_monotone_half,D3,E7,480.0,205.517 ± 23.5,3.64634e-06 ± 1e-06,0.801406 ± 0.0108,1.01583 ± 0.0139
A6_rch_b2_mrcd,C1_monotone_half,D3,E8,320.0,32698.9 ± 7e+03,5.20065e-06 ± 5.92e-06,0.708359 ± 0.0475,4.08125 ± 0.262
A6_rch_b2_mrcd,C1_monotone_half,D3,E8,480.0,38337.1 ± 1.01e+04,3.86258e-06 ± 2.26e-06,0.692865 ± 0.043,4.12539 ± 0.396
A6_rch_b2_mrcd,C1_monotone_half,D4,E0,320.0,36502.5 ± 6.05e+03,4.53415e-06 ± 5.81e-06,0.750859 ± 0.0213,1.2117 ± 0.0877
A6_rch_b2_mrcd,C1_monotone_half,D4,E0,480.0,37883.5 ± 1.16e+04,2.37742e-06 ± 1.26e-06,0.675625 ± 0.0456,1.13469 ± 0.0468
A6_rch_b2_mrcd,C1_monotone_half,D4,E1,320.0,701879 ± 1.35e+05,5.80991e-05 ± 0.000105,0.839453 ± 0.154,1.86335 ± 0.736
A6_rch_b2_mrcd,C1_monotone_half,D4,E1,480.0,915792 ± 4.14e+05,3.13225e-05 ± 2.86e-05,0.796146 ± 0.161,1.64728 ± 0.665
A6_rch_b2_mrcd,C1_monotone_half,D4,E2,320.0,4.91207e+06 ± 9.73e+05,0.000159535 ± 0.000241,0.865859 ± 0.154,2.50755 ± 1.28
A6_rch_b2_mrcd,C1_monotone_half,D4,E2,480.0,7.55279e+06 ± 5.89e+06,0.00019285 ± 0.000287,0.826146 ± 0.184,2.39284 ± 1.78
A6_rch_b2_mrcd,C1_monotone_half,D4,E5,320.0,846.133 ± 327,1.29324e-07 ± 1.43e-07,0.839531 ± 0.0173,0.408247 ± 0.0139
A6_rch_b2_mrcd,C1_monotone_half,D4,E5,480.0,920.277 ± 295,4.62599e-08 ± 2.58e-08,0.777292 ± 0.0287,0.371941 ± 0.00521
A6_rch_b2_mrcd,C1_monotone_half,D4,E6,320.0,2715.26 ± 91.8,2.09561e-07 ± 2.02e-07,0.833125 ± 0.006,0.470126 ± 0.0252
A6_rch_b2_mrcd,C1_monotone_half,D4,E6,480.0,2737.07 ± 42.3,1.24918e-07 ± 1.8e-07,0.79625 ± 0.00717,0.397405 ± 0.0255
A6_rch_b2_mrcd,C1_monotone_half,D4,E7,320.0,2220.06 ± 44.8,1.60453e-07 ± 1.27e-07,0.839844 ± 0.0115,0.51071 ± 0.0112
A6_rch_b2_mrcd,C1_monotone_half,D4,E7,480.0,2215.75 ± 14.4,4.31873e-08 ± 4.59e-08,0.761875 ± 0.00229,0.452446 ± 0.00503
A6_rch_b2_mrcd,C1_monotone_half,D4,E8,320.0,44335 ± 4.65e+03,4.48093e-06 ± 1.38e-06,0.830391 ± 0.0382,1.05581 ± 0.0349
A6_rch_b2_mrcd,C1_monotone_half,D4,E8,480.0,51421.8 ± 1.1e+04,2.59393e-06 ± 1.61e-06,0.788542 ± 0.0237,0.969188 ± 0.0318
A6_rch_b2_mrcd,C2_occupancy_floor1,D0,E0,256.0,31.8046 ± 13.3,5.93358e-05 ± 4.65e-05,0.778906 ± 0.0377,0.746928 ± 0.0443
A6_rch_b2_mrcd,C2_occupancy_floor1,D0,E0,384.0,53.377 ± 32.2,6.08626e-06 ± 4.82e-06,0.708073 ± 0.0266,0.666846 ± 0.00987
A6_rch_b2_mrcd,C2_occupancy_floor1,D0,E1,256.0,577.312 ± 302,0.000350855 ± 0.000308,0.839746 ± 0.0464,1.29262 ± 0.105
A6_rch_b2_mrcd,C2_occupancy_floor1,D0,E1,384.0,1854.78 ± 517,0.000126193 ± 0.000116,0.795247 ± 0.0148,1.15972 ± 0.031
A6_rch_b2_mrcd,C2_occupancy_floor1,D0,E2,256.0,4994.77 ± 1.95e+03,0.000873149 ± 0.000908,0.87041 ± 0.0202,1.6983 ± 0.0291
A6_rch_b2_mrcd,C2_occupancy_floor1,D0,E2,384.0,5182.5 ± 5.47e+03,0.000374899 ± 0.000255,0.855729 ± 0.0531,1.48553 ± 0.0887
A6_rch_b2_mrcd,C2_occupancy_floor1,D0,E5,256.0,0.752442 ± 0.277,2.00588e-06 ± 1.11e-06,0.883105 ± 0.00563,0.182289 ± 0.00257
A6_rch_b2_mrcd,C2_occupancy_floor1,D0,E5,384.0,0.561185 ± 0.239,5.24871e-07 ± 5.15e-07,0.873112 ± 0.00671,0.153226 ± 0.00252
A6_rch_b2_mrcd,C2_occupancy_floor1,D0,E6,256.0,0.841129 ± 0.26,1.07512e-05 ± 8.89e-07,0.861816 ± 0.0109,0.263511 ± 0.00781
A6_rch_b2_mrcd,C2_occupancy_floor1,D0,E6,384.0,1.05029 ± 0.622,1.95544e-06 ± 4.87e-07,0.815104 ± 0.00836,0.22426 ± 0.00112
A6_rch_b2_mrcd,C2_occupancy_floor1,D0,E7,256.0,1.63003 ± 0.56,2.25795e-05 ± 1.03e-05,0.846582 ± 0.00419,0.308976 ± 0.00783
A6_rch_b2_mrcd,C2_occupancy_floor1,D0,E7,384.0,1.82846 ± 0.293,1.93311e-06 ± 8.3e-08,0.853841 ± 0.00286,0.260865 ± 0.0026
A6_rch_b2_mrcd,C2_occupancy_floor1,D0,E8,256.0,148.964 ± 130,6.1495e-06 ± 5.54e-06,0.76377 ± 0.0551,0.687252 ± 0.0293
A6_rch_b2_mrcd,C2_occupancy_floor1,D0,E8,384.0,101.865 ± 90.8,5.60671e-06 ± 5.16e-06,0.740299 ± 0.0152,0.604766 ± 0.0405
A6_rch_b2_mrcd,C2_occupancy_floor1,D1,E0,269.0,12488.8 ± 7.66e+03,1.72016e-05 ± 9.55e-06,0.756506 ± 0.0394,1.84287 ± 0.0485
A6_rch_b2_mrcd,C2_occupancy_floor1,D1,E0,403.0,11507 ± 6.79e+03,1.41215e-05 ± 1.34e-05,0.739144 ± 0.0345,1.64885 ± 0.102
A6_rch_b2_mrcd,C2_occupancy_floor1,D1,E1,269.0,138864 ± 8.69e+04,0.000215559 ± 0.000248,0.698792 ± 0.0302,3.31104 ± 0.673
A6_rch_b2_mrcd,C2_occupancy_floor1,D1,E1,403.0,168225 ± 6.46e+04,6.21302e-05 ± 8.4e-05,0.666935 ± 0.0384,3.13921 ± 0.605
A6_rch_b2_mrcd,C2_occupancy_floor1,D1,E2,269.0,1.20968e+06 ± 7.48e+05,0.000461098 ± 0.000517,0.654926 ± 0.0722,5.27138 ± 1.23
A6_rch_b2_mrcd,C2_occupancy_floor1,D1,E2,403.0,1.60834e+06 ± 8.69e+05,0.000153534 ± 0.000134,0.599814 ± 0.0533,4.9409 ± 0.968
A6_rch_b2_mrcd,C2_occupancy_floor1,D1,E5,269.0,206.501 ± 72.7,3.45694e-06 ± 5.54e-07,0.863104 ± 0.0221,0.430388 ± 0.0277
A6_rch_b2_mrcd,C2_occupancy_floor1,D1,E5,403.0,378.431 ± 441,2.87374e-07 ± 7.57e-08,0.831079 ± 0.0158,0.384235 ± 0.0123
A6_rch_b2_mrcd,C2_occupancy_floor1,D1,E6,269.0,403.838 ± 110,8.60323e-06 ± 5.17e-06,0.806413 ± 0.0157,0.537754 ± 0.0398
A6_rch_b2_mrcd,C2_occupancy_floor1,D1,E6,403.0,509.177 ± 234,2.00663e-06 ± 6.05e-07,0.788337 ± 0.00609,0.481796 ± 0.0365
A6_rch_b2_mrcd,C2_occupancy_floor1,D1,E7,269.0,418.461 ± 228,1.8093e-05 ± 6.89e-06,0.789312 ± 0.0265,0.631794 ± 0.0261
A6_rch_b2_mrcd,C2_occupancy_floor1,D1,E7,403.0,659.138 ± 183,2.1853e-06 ± 1.89e-06,0.816067 ± 0.0105,0.516182 ± 0.0727
A6_rch_b2_mrcd,C2_occupancy_floor1,D1,E8,269.0,7453.31 ± 1.6e+03,3.63511e-06 ± 4.25e-06,0.77277 ± 0.0272,1.58036 ± 0.137
A6_rch_b2_mrcd,C2_occupancy_floor1,D1,E8,403.0,7630.35 ± 3.21e+03,7.79963e-06 ± 8.22e-06,0.758251 ± 0.0252,1.44464 ± 0.156
A6_rch_b2_mrcd,C2_occupancy_floor1,D2,E0,294.0,10092.6 ± 5.6e+03,4.293e-05 ± 3.13e-05,0.737925 ± 0.0336,2.34178 ± 0.171
A6_rch_b2_mrcd,C2_occupancy_floor1,D2,E0,442.0,21983.7 ± 2.04e+04,1.4015e-05 ± 1.3e-05,0.724661 ± 0.0148,2.14941 ± 0.139
A6_rch_b2_mrcd,C2_occupancy_floor1,D2,E1,294.0,157041 ± 3.57e+04,0.000198431 ± 0.000255,0.69949 ± 0.062,4.71425 ± 0.817
A6_rch_b2_mrcd,C2_occupancy_floor1,D2,E1,442.0,199122 ± 5.85e+04,5.05636e-05 ± 3.83e-05,0.670588 ± 0.0386,4.35746 ± 0.836
A6_rch_b2_mrcd,C2_occupancy_floor1,D2,E2,294.0,1.18895e+06 ± 8.13e+05,0.000421781 ± 0.000349,0.655782 ± 0.0963,7.73833 ± 1.72
A6_rch_b2_mrcd,C2_occupancy_floor1,D2,E2,442.0,1.60558e+06 ± 7.73e+05,0.000115746 ± 0.00012,0.606731 ± 0.0539,7.33478 ± 1.83
A6_rch_b2_mrcd,C2_occupancy_floor1,D2,E5,294.0,171.589 ± 94.1,2.26527e-06 ± 1.3e-06,0.825 ± 0.0335,0.549431 ± 0.0388
A6_rch_b2_mrcd,C2_occupancy_floor1,D2,E5,442.0,170.452 ± 81.3,4.70965e-07 ± 2.47e-07,0.817534 ± 0.0177,0.504601 ± 0.0298
A6_rch_b2_mrcd,C2_occupancy_floor1,D2,E6,294.0,349.95 ± 168,1.05147e-05 ± 9.43e-06,0.791327 ± 0.0177,0.682651 ± 0.0652
A6_rch_b2_mrcd,C2_occupancy_floor1,D2,E6,442.0,311.486 ± 83,2.538e-06 ± 8.32e-07,0.788914 ± 0.0192,0.59563 ± 0.0487
A6_rch_b2_mrcd,C2_occupancy_floor1,D2,E7,294.0,414.955 ± 213,1.77794e-05 ± 7.87e-06,0.830442 ± 0.0103,0.758335 ± 0.0679
A6_rch_b2_mrcd,C2_occupancy_floor1,D2,E7,442.0,623.734 ± 194,1.97192e-06 ± 7.74e-07,0.822059 ± 0.00692,0.585307 ± 0.0213
A6_rch_b2_mrcd,C2_occupancy_floor1,D2,E8,294.0,12265.2 ± 7.2e+03,7.89489e-06 ± 1.42e-05,0.740051 ± 0.0302,2.18177 ± 0.116
A6_rch_b2_mrcd,C2_occupancy_floor1,D2,E8,442.0,18642.5 ± 1.97e+04,8.78595e-06 ± 1.04e-05,0.720814 ± 0.0289,2.04383 ± 0.0824
A6_rch_b2_mrcd,C2_occupancy_floor1,D3,E0,320.0,7494.41 ± 2.32e+03,2.43412e-05 ± 2.41e-05,0.72625 ± 0.0306,2.52799 ± 0.191
A6_rch_b2_mrcd,C2_occupancy_floor1,D3,E0,480.0,17735.5 ± 1.64e+04,4.07197e-06 ± 2.84e-06,0.712396 ± 0.0265,2.29162 ± 0.0982
A6_rch_b2_mrcd,C2_occupancy_floor1,D3,E1,320.0,139728 ± 5.93e+04,0.000236276 ± 0.00026,0.69 ± 0.0713,5.40422 ± 0.825
A6_rch_b2_mrcd,C2_occupancy_floor1,D3,E1,480.0,185526 ± 1.14e+05,8.37723e-05 ± 8.59e-05,0.682083 ± 0.0515,4.94739 ± 1.02
A6_rch_b2_mrcd,C2_occupancy_floor1,D3,E2,320.0,1.0074e+06 ± 4.05e+05,0.000874516 ± 0.00107,0.680781 ± 0.0673,8.83273 ± 2.01
A6_rch_b2_mrcd,C2_occupancy_floor1,D3,E2,480.0,2.74489e+06 ± 3.38e+06,0.000183486 ± 0.000179,0.626354 ± 0.0489,8.43885 ± 2.53
A6_rch_b2_mrcd,C2_occupancy_floor1,D3,E5,320.0,124.966 ± 41.4,1.71357e-06 ± 1.13e-06,0.828828 ± 0.032,0.604974 ± 0.028
A6_rch_b2_mrcd,C2_occupancy_floor1,D3,E5,480.0,171.165 ± 81.9,3.63916e-07 ± 2.15e-07,0.809167 ± 0.0204,0.553871 ± 0.0439
A6_rch_b2_mrcd,C2_occupancy_floor1,D3,E6,320.0,333.688 ± 133,1.29213e-05 ± 6.65e-06,0.795156 ± 0.00876,0.746422 ± 0.0244
A6_rch_b2_mrcd,C2_occupancy_floor1,D3,E6,480.0,295.608 ± 151,4.00494e-06 ± 1.21e-06,0.79724 ± 0.027,0.651849 ± 0.0494
A6_rch_b2_mrcd,C2_occupancy_floor1,D3,E7,320.0,380.055 ± 332,1.43536e-05 ± 4.61e-06,0.832578 ± 0.00354,0.805399 ± 0.0833
A6_rch_b2_mrcd,C2_occupancy_floor1,D3,E7,480.0,710.129 ± 228,3.39663e-06 ± 1.65e-06,0.823802 ± 0.00421,0.633318 ± 0.0207
A6_rch_b2_mrcd,C2_occupancy_floor1,D3,E8,320.0,8250.47 ± 2.93e+03,5.30739e-06 ± 5.41e-06,0.714219 ± 0.0416,2.46115 ± 0.157
A6_rch_b2_mrcd,C2_occupancy_floor1,D3,E8,480.0,13410.7 ± 8.45e+03,4.87742e-06 ± 4.28e-06,0.724063 ± 0.0322,2.24491 ± 0.1
A6_rch_b2_mrcd,C2_occupancy_floor1,D4,E0,320.0,37349.1 ± 7.04e+03,6.79056e-06 ± 5.89e-06,0.815 ± 0.0258,1.05607 ± 0.0775
A6_rch_b2_mrcd,C2_occupancy_floor1,D4,E0,480.0,41276.7 ± 1.05e+04,2.05029e-06 ± 8.63e-07,0.784531 ± 0.0298,0.954985 ± 0.113
A6_rch_b2_mrcd,C2_occupancy_floor1,D4,E1,320.0,711653 ± 1.66e+05,4.90664e-05 ± 5.76e-05,0.7975 ± 0.0491,1.93598 ± 0.38
A6_rch_b2_mrcd,C2_occupancy_floor1,D4,E1,480.0,1.05674e+06 ± 4.18e+05,2.3718e-05 ± 2.39e-05,0.753906 ± 0.0556,1.92267 ± 0.554
A6_rch_b2_mrcd,C2_occupancy_floor1,D4,E2,320.0,5.1804e+06 ± 1.66e+06,0.000192421 ± 0.000241,0.7525 ± 0.0998,3.13098 ± 1.12
A6_rch_b2_mrcd,C2_occupancy_floor1,D4,E2,480.0,7.40073e+06 ± 5.72e+06,0.000101212 ± 0.000107,0.72026 ± 0.0907,2.65748 ± 0.674
A6_rch_b2_mrcd,C2_occupancy_floor1,D4,E5,320.0,1171.46 ± 62.2,1.00094e-07 ± 9.33e-08,0.923281 ± 0.00476,0.339257 ± 0.0288
A6_rch_b2_mrcd,C2_occupancy_floor1,D4,E5,480.0,1169.76 ± 71.5,4.69464e-08 ± 3.9e-08,0.905677 ± 0.00409,0.296528 ± 0.0159
A6_rch_b2_mrcd,C2_occupancy_floor1,D4,E6,320.0,2507.18 ± 145,2.01074e-07 ± 1.96e-07,0.859141 ± 0.0186,0.373484 ± 0.0511
A6_rch_b2_mrcd,C2_occupancy_floor1,D4,E6,480.0,2487.3 ± 196,8.86971e-08 ± 8.51e-08,0.835365 ± 0.00786,0.304335 ± 0.0159
A6_rch_b2_mrcd,C2_occupancy_floor1,D4,E7,320.0,2320.29 ± 360,8.61724e-08 ± 5.2e-08,0.818438 ± 0.0192,0.539675 ± 0.15
A6_rch_b2_mrcd,C2_occupancy_floor1,D4,E7,480.0,2312.68 ± 334,4.36526e-08 ± 4.25e-08,0.803698 ± 0.014,0.387222 ± 0.0069
A6_rch_b2_mrcd,C2_occupancy_floor1,D4,E8,320.0,44226.9 ± 5.23e+03,6.01855e-06 ± 6.06e-06,0.825313 ± 0.0321,0.934101 ± 0.0407
A6_rch_b2_mrcd,C2_occupancy_floor1,D4,E8,480.0,48020.6 ± 1.1e+04,2.139e-06 ± 5.82e-07,0.776771 ± 0.0128,0.86415 ± 0.0219
A6_rch_b2_mrcd,C3_frame_core_occupancy,D0,E0,256.0,16.5726 ± 8.3,4.83029e-05 ± 5.11e-05,0.789355 ± 0.0321,0.708722 ± 0.0198
A6_rch_b2_mrcd,C3_frame_core_occupancy,D0,E0,384.0,13.7494 ± 6.6,6.66426e-06 ± 5.27e-06,0.737109 ± 0.0277,0.630886 ± 0.0144
A6_rch_b2_mrcd,C3_frame_core_occupancy,D0,E1,256.0,565.183 ± 281,0.00057126 ± 0.000576,0.8625 ± 0.0129,1.24317 ± 0.0401
A6_rch_b2_mrcd,C3_frame_core_occupancy,D0,E1,384.0,1267.98 ± 1.37e+03,7.73279e-05 ± 5.88e-05,0.797135 ± 0.0244,1.15021 ± 0.0196
A6_rch_b2_mrcd,C3_frame_core_occupancy,D0,E2,256.0,2756.43 ± 1.08e+03,0.00073898 ± 0.00069,0.908203 ± 0.0225,1.70891 ± 0.0661
A6_rch_b2_mrcd,C3_frame_core_occupancy,D0,E2,384.0,4333.16 ± 2.64e+03,0.000326158 ± 0.000444,0.835547 ± 0.0531,1.58868 ± 0.196
A6_rch_b2_mrcd,C3_frame_core_occupancy,D0,E5,256.0,0.745322 ± 0.277,2.0113e-06 ± 1.12e-06,0.883203 ± 0.00574,0.180841 ± 0.00346
A6_rch_b2_mrcd,C3_frame_core_occupancy,D0,E5,384.0,0.561185 ± 0.239,5.20509e-07 ± 5.08e-07,0.871875 ± 0.00534,0.151986 ± 0.00176
A6_rch_b2_mrcd,C3_frame_core_occupancy,D0,E6,256.0,0.841129 ± 0.26,1.07512e-05 ± 8.89e-07,0.861816 ± 0.0109,0.263511 ± 0.00781
A6_rch_b2_mrcd,C3_frame_core_occupancy,D0,E6,384.0,1.05029 ± 0.622,1.95544e-06 ± 4.87e-07,0.815104 ± 0.00836,0.22426 ± 0.00112
A6_rch_b2_mrcd,C3_frame_core_occupancy,D0,E7,256.0,1.63003 ± 0.56,2.25795e-05 ± 1.03e-05,0.846582 ± 0.00419,0.308976 ± 0.00783
A6_rch_b2_mrcd,C3_frame_core_occupancy,D0,E7,384.0,1.82846 ± 0.293,1.93311e-06 ± 8.3e-08,0.853841 ± 0.00286,0.260865 ± 0.0026
A6_rch_b2_mrcd,C3_frame_core_occupancy,D0,E8,256.0,32.4402 ± 9.43,1.5143e-05 ± 2.19e-05,0.782129 ± 0.032,0.661752 ± 0.0489
A6_rch_b2_mrcd,C3_frame_core_occupancy,D0,E8,384.0,39.9779 ± 13.1,8.49629e-06 ± 9.04e-06,0.767839 ± 0.0448,0.588805 ± 0.0198
A6_rch_b2_mrcd,C3_frame_core_occupancy,D1,E0,269.0,5488.53 ± 839,1.74687e-05 ± 1.12e-05,0.767379 ± 0.0315,1.54743 ± 0.0776
A6_rch_b2_mrcd,C3_frame_core_occupancy,D1,E0,403.0,5819.43 ± 1.76e+03,7.19645e-06 ± 6.1e-06,0.726923 ± 0.0306,1.41547 ± 0.169
A6_rch_b2_mrcd,C3_frame_core_occupancy,D1,E1,269.0,163570 ± 8.92e+04,0.000517136 ± 0.000443,0.858829 ± 0.0259,3.34874 ± 0.363
A6_rch_b2_mrcd,C3_frame_core_occupancy,D1,E1,403.0,244870 ± 9.04e+04,2.37602e-05 ± 2.06e-05,0.79237 ± 0.0117,3.11207 ± 0.178
A6_rch_b2_mrcd,C3_frame_core_occupancy,D1,E2,269.0,1.27648e+06 ± 6.74e+05,0.000808195 ± 0.00102,0.908271 ± 0.0167,5.60279 ± 0.918
A6_rch_b2_mrcd,C3_frame_core_occupancy,D1,E2,403.0,1.92033e+06 ± 5.77e+05,0.000587953 ± 0.000593,0.819603 ± 0.0464,5.30542 ± 0.5
A6_rch_b2_mrcd,C3_frame_core_occupancy,D1,E5,269.0,150.83 ± 69.1,2.59724e-06 ± 4.07e-07,0.86487 ± 0.0138,0.379776 ± 0.0178
A6_rch_b2_mrcd,C3_frame_core_occupancy,D1,E5,403.0,177.735 ± 72.9,2.35946e-07 ± 1.42e-08,0.844541 ± 0.00357,0.336945 ± 0.0219
A6_rch_b2_mrcd,C3_frame_core_occupancy,D1,E6,269.0,292.658 ± 101,8.18288e-06 ± 6.84e-06,0.839405 ± 0.0032,0.524949 ± 0.0608
A6_rch_b2_mrcd,C3_frame_core_occupancy,D1,E6,403.0,344.858 ± 128,1.96363e-06 ± 5.2e-07,0.813524 ± 0.00814,0.450746 ± 0.0153
A6_rch_b2_mrcd,C3_frame_core_occupancy,D1,E7,269.0,500.198 ± 131,2.10237e-05 ± 7.15e-06,0.851301 ± 0.00849,0.607248 ± 0.0423
A6_rch_b2_mrcd,C3_frame_core_occupancy,D1,E7,403.0,572.727 ± 62.5,2.35046e-06 ± 4.57e-07,0.846402 ± 0.00916,0.541979 ± 0.0381
A6_rch_b2_mrcd,C3_frame_core_occupancy,D1,E8,269.0,7414 ± 1.87e+03,2.12298e-05 ± 1.5e-05,0.783364 ± 0.0289,1.4811 ± 0.154
A6_rch_b2_mrcd,C3_frame_core_occupancy,D1,E8,403.0,6475.97 ± 2.01e+03,1.04518e-05 ± 1.54e-05,0.754777 ± 0.019,1.315 ± 0.065
A6_rch_b2_mrcd,C3_frame_core_occupancy,D2,E0,294.0,6750.97 ± 2.08e+03,4.03442e-05 ± 2.55e-05,0.753061 ± 0.0235,2.25237 ± 0.154
A6_rch_b2_mrcd,C3_frame_core_occupancy,D2,E0,442.0,8134.41 ± 2.78e+03,1.12676e-05 ± 8.44e-06,0.706844 ± 0.0144,2.26622 ± 0.179
A6_rch_b2_mrcd,C3_frame_core_occupancy,D2,E1,294.0,181443 ± 6.7e+04,0.00029141 ± 0.000112,0.828912 ± 0.0414,5.39045 ± 0.334
A6_rch_b2_mrcd,C3_frame_core_occupancy,D2,E1,442.0,275042 ± 1.15e+05,0.00012805 ± 9e-05,0.78405 ± 0.0172,5.44823 ± 0.842
A6_rch_b2_mrcd,C3_frame_core_occupancy,D2,E2,294.0,1.32742e+06 ± 6.84e+05,0.00105006 ± 0.000666,0.897279 ± 0.0291,9.89784 ± 1.11
A6_rch_b2_mrcd,C3_frame_core_occupancy,D2,E2,442.0,1.55955e+06 ± 6.26e+05,0.000354092 ± 0.000485,0.833088 ± 0.0427,9.46118 ± 1.55
A6_rch_b2_mrcd,C3_frame_core_occupancy,D2,E5,294.0,167.545 ± 126,1.89487e-06 ± 1.18e-06,0.848469 ± 0.0148,0.552175 ± 0.0318
A6_rch_b2_mrcd,C3_frame_core_occupancy,D2,E5,442.0,217.519 ± 179,3.46723e-07 ± 1.13e-07,0.83043 ± 0.023,0.531023 ± 0.0694
A6_rch_b2_mrcd,C3_frame_core_occupancy,D2,E6,294.0,292.378 ± 132,9.25539e-06 ± 9.8e-06,0.820153 ± 0.0172,0.742918 ± 0.0923
A6_rch_b2_mrcd,C3_frame_core_occupancy,D2,E6,442.0,397.095 ± 159,2.22323e-06 ± 9.89e-07,0.797229 ± 0.00395,0.688609 ± 0.0437
A6_rch_b2_mrcd,C3_frame_core_occupancy,D2,E7,294.0,597.2 ± 46.5,1.94227e-05 ± 9.27e-06,0.842262 ± 0.0104,0.871967 ± 0.0599
A6_rch_b2_mrcd,C3_frame_core_occupancy,D2,E7,442.0,536.333 ± 110,2.02548e-06 ± 6.61e-07,0.831561 ± 0.0067,0.768593 ± 0.0559
A6_rch_b2_mrcd,C3_frame_core_occupancy,D2,E8,294.0,10809.9 ± 4.56e+03,1.45249e-05 ± 1.45e-05,0.760544 ± 0.0383,2.37696 ± 0.163
A6_rch_b2_mrcd,C3_frame_core_occupancy,D2,E8,442.0,10342.9 ± 1.49e+03,5.43435e-06 ± 5.07e-06,0.742364 ± 0.026,2.21302 ± 0.0812
A6_rch_b2_mrcd,C3_frame_core_occupancy,D3,E0,320.0,7735.67 ± 2.62e+03,2.65688e-05 ± 2.32e-05,0.747344 ± 0.0203,2.76473 ± 0.248
A6_rch_b2_mrcd,C3_frame_core_occupancy,D3,E0,480.0,9555.12 ± 3.76e+03,5.52805e-06 ± 5.47e-06,0.720104 ± 0.0231,2.74462 ± 0.314
A6_rch_b2_mrcd,C3_frame_core_occupancy,D3,E1,320.0,195545 ± 9.12e+04,0.00020282 ± 0.000251,0.82125 ± 0.0459,6.90529 ± 0.885
A6_rch_b2_mrcd,C3_frame_core_occupancy,D3,E1,480.0,288519 ± 2.24e+05,0.000140314 ± 0.000142,0.78474 ± 0.0243,6.72608 ± 0.974
A6_rch_b2_mrcd,C3_frame_core_occupancy,D3,E2,320.0,1.42286e+06 ± 2.24e+05,0.000996961 ± 0.000769,0.850859 ± 0.0557,12.372 ± 2.18
A6_rch_b2_mrcd,C3_frame_core_occupancy,D3,E2,480.0,2.29602e+06 ± 1.94e+06,0.000433736 ± 0.000235,0.805521 ± 0.0409,12.4247 ± 2.95
A6_rch_b2_mrcd,C3_frame_core_occupancy,D3,E5,320.0,135.524 ± 45.2,1.42259e-06 ± 9.89e-07,0.827969 ± 0.0194,0.63589 ± 0.0376
A6_rch_b2_mrcd,C3_frame_core_occupancy,D3,E5,480.0,177.476 ± 47.2,3.04009e-07 ± 1.45e-07,0.819115 ± 0.0137,0.596974 ± 0.0334
A6_rch_b2_mrcd,C3_frame_core_occupancy,D3,E6,320.0,438.221 ± 177,1.16484e-05 ± 6.13e-06,0.803828 ± 0.0157,0.883313 ± 0.13
A6_rch_b2_mrcd,C3_frame_core_occupancy,D3,E6,480.0,334.756 ± 151,3.76296e-06 ± 1.39e-06,0.801406 ± 0.0129,0.759194 ± 0.0735
A6_rch_b2_mrcd,C3_frame_core_occupancy,D3,E7,320.0,576.952 ± 128,1.15666e-05 ± 7.63e-06,0.840781 ± 0.00325,0.983026 ± 0.0734
A6_rch_b2_mrcd,C3_frame_core_occupancy,D3,E7,480.0,522.57 ± 70.6,3.44965e-06 ± 3.18e-06,0.821823 ± 0.00406,0.838588 ± 0.0626
A6_rch_b2_mrcd,C3_frame_core_occupancy,D3,E8,320.0,12387.8 ± 5e+03,1.51449e-05 ± 2.09e-05,0.749609 ± 0.0235,2.94576 ± 0.148
A6_rch_b2_mrcd,C3_frame_core_occupancy,D3,E8,480.0,12660.5 ± 6.63e+03,4.994e-06 ± 4.05e-06,0.71 ± 0.0142,2.80106 ± 0.207
A6_rch_b2_mrcd,C3_frame_core_occupancy,D4,E0,320.0,32702.6 ± 7.16e+03,6.16658e-06 ± 5.61e-06,0.818359 ± 0.0214,0.831155 ± 0.0217
A6_rch_b2_mrcd,C3_frame_core_occupancy,D4,E0,480.0,35355.1 ± 5.99e+03,1.87028e-06 ± 9.67e-07,0.764375 ± 0.0218,0.731676 ± 0.0669
A6_rch_b2_mrcd,C3_frame_core_occupancy,D4,E1,320.0,769113 ± 1.98e+05,5.81752e-05 ± 7.24e-05,0.868359 ± 0.0215,1.58433 ± 0.218
A6_rch_b2_mrcd,C3_frame_core_occupancy,D4,E1,480.0,907024 ± 3.33e+05,3.48721e-05 ± 3.44e-05,0.807656 ± 0.0236,1.41329 ± 0.177
A6_rch_b2_mrcd,C3_frame_core_occupancy,D4,E2,320.0,5.72549e+06 ± 1.59e+06,0.000306367 ± 0.000391,0.910625 ± 0.0111,2.68836 ± 0.143
A6_rch_b2_mrcd,C3_frame_core_occupancy,D4,E2,480.0,7.31857e+06 ± 4.1e+06,9.86862e-05 ± 0.00013,0.820937 ± 0.0281,2.11186 ± 0.351
A6_rch_b2_mrcd,C3_frame_core_occupancy,D4,E5,320.0,768.182 ± 14.9,1.00094e-07 ± 9.33e-08,0.880703 ± 0.00601,0.214205 ± 0.000251
A6_rch_b2_mrcd,C3_frame_core_occupancy,D4,E5,480.0,771.967 ± 17.1,4.69464e-08 ± 3.9e-08,0.869479 ± 0.0116,0.172968 ± 0.00234
A6_rch_b2_mrcd,C3_frame_core_occupancy,D4,E6,320.0,1751.36 ± 139,2.01074e-07 ± 1.96e-07,0.850469 ± 0.0109,0.307809 ± 0.00354
A6_rch_b2_mrcd,C3_frame_core_occupancy,D4,E6,480.0,1719.74 ± 109,7.65068e-08 ± 8.12e-08,0.83224 ± 0.00795,0.251701 ± 0.00297
A6_rch_b2_mrcd,C3_frame_core_occupancy,D4,E7,320.0,2297.72 ± 116,8.61724e-08 ± 5.2e-08,0.853828 ± 0.00953,0.362431 ± 0.00948
A6_rch_b2_mrcd,C3_frame_core_occupancy,D4,E7,480.0,2322.36 ± 126,4.36526e-08 ± 4.25e-08,0.815521 ± 0.0168,0.306391 ± 0.0326
A6_rch_b2_mrcd,C3_frame_core_occupancy,D4,E8,320.0,35417.1 ± 4.5e+03,6.20078e-06 ± 5.79e-06,0.813203 ± 0.0258,0.788853 ± 0.0472
A6_rch_b2_mrcd,C3_frame_core_occupancy,D4,E8,480.0,41381.7 ± 9.63e+03,1.9556e-06 ± 8.31e-07,0.779375 ± 0.0204,0.665333 ± 0.0246
A6_rch_b2_mrcd,C4_hybrid,D0,E0,256.0,54.0987 ± 41.9,6.08039e-05 ± 5.66e-05,0.749316 ± 0.0199,0.739151 ± 0.0241
A6_rch_b2_mrcd,C4_hybrid,D0,E0,384.0,39.9524 ± 30.4,6.51055e-06 ± 5.15e-06,0.716862 ± 0.0325,0.634034 ± 0.0126
A6_rch_b2_mrcd,C4_hybrid,D0,E1,256.0,1240.03 ± 455,0.000423443 ± 0.000474,0.797949 ± 0.0251,1.27799 ± 0.0486
A6_rch_b2_mrcd,C4_hybrid,D0,E1,384.0,1182.74 ± 955,8.52431e-05 ± 7.91e-05,0.791927 ± 0.0173,1.11485 ± 0.049
A6_rch_b2_mrcd,C4_hybrid,D0,E2,256.0,5855.63 ± 5.87e+03,0.000855333 ± 0.000718,0.873242 ± 0.0383,1.66345 ± 0.127
A6_rch_b2_mrcd,C4_hybrid,D0,E2,384.0,6951.76 ± 4.55e+03,0.000348792 ± 0.000557,0.82819 ± 0.0365,1.45 ± 0.0863
A6_rch_b2_mrcd,C4_hybrid,D0,E5,256.0,0.752442 ± 0.277,2.00588e-06 ± 1.11e-06,0.883105 ± 0.00563,0.182289 ± 0.00257
A6_rch_b2_mrcd,C4_hybrid,D0,E5,384.0,0.561185 ± 0.239,5.24871e-07 ± 5.15e-07,0.873112 ± 0.00671,0.153226 ± 0.00252
A6_rch_b2_mrcd,C4_hybrid,D0,E6,256.0,0.841129 ± 0.26,1.07512e-05 ± 8.89e-07,0.861816 ± 0.0109,0.263511 ± 0.00781
A6_rch_b2_mrcd,C4_hybrid,D0,E6,384.0,1.05029 ± 0.622,1.95544e-06 ± 4.87e-07,0.815104 ± 0.00836,0.22426 ± 0.00112
A6_rch_b2_mrcd,C4_hybrid,D0,E7,256.0,1.63003 ± 0.56,2.25795e-05 ± 1.03e-05,0.846582 ± 0.00419,0.308976 ± 0.00783
A6_rch_b2_mrcd,C4_hybrid,D0,E7,384.0,1.82846 ± 0.293,1.93311e-06 ± 8.3e-08,0.853841 ± 0.00286,0.260865 ± 0.0026
A6_rch_b2_mrcd,C4_hybrid,D0,E8,256.0,132.738 ± 148,7.37327e-06 ± 5.25e-06,0.77334 ± 0.0565,0.643383 ± 0.0203
A6_rch_b2_mrcd,C4_hybrid,D0,E8,384.0,125.668 ± 114,4.50892e-06 ± 4.07e-06,0.729622 ± 0.0254,0.580041 ± 0.0137
A6_rch_b2_mrcd,C4_hybrid,D1,E0,269.0,12195.2 ± 8.03e+03,1.65479e-05 ± 1.06e-05,0.742844 ± 0.0279,1.53999 ± 0.0708
A6_rch_b2_mrcd,C4_hybrid,D1,E0,403.0,11607.3 ± 8.55e+03,9.53333e-06 ± 5.24e-06,0.705087 ± 0.0106,1.32843 ± 0.0607
A6_rch_b2_mrcd,C4_hybrid,D1,E1,269.0,191499 ± 9.06e+04,0.0003056 ± 0.000301,0.695167 ± 0.0373,2.92905 ± 0.406
A6_rch_b2_mrcd,C4_hybrid,D1,E1,403.0,221564 ± 1.58e+05,6.25666e-05 ± 8.46e-05,0.691377 ± 0.025,2.68742 ± 0.804
A6_rch_b2_mrcd,C4_hybrid,D1,E2,269.0,1.19302e+06 ± 7.6e+05,0.000527497 ± 0.000814,0.647862 ± 0.0643,4.79989 ± 1.59
A6_rch_b2_mrcd,C4_hybrid,D1,E2,403.0,1.63905e+06 ± 1.16e+06,0.000180096 ± 0.000167,0.643672 ± 0.0337,4.24135 ± 1.33
A6_rch_b2_mrcd,C4_hybrid,D1,E5,269.0,206.501 ± 72.7,3.13162e-06 ± 6.05e-07,0.828996 ± 0.0247,0.353551 ± 0.0253
A6_rch_b2_mrcd,C4_hybrid,D1,E5,403.0,380.437 ± 440,2.54881e-07 ± 5.56e-08,0.812841 ± 0.0138,0.296589 ± 0.0107
A6_rch_b2_mrcd,C4_hybrid,D1,E6,269.0,416.733 ± 96,8.04815e-06 ± 5.1e-06,0.805019 ± 0.00841,0.48412 ± 0.0438
A6_rch_b2_mrcd,C4_hybrid,D1,E6,403.0,518.749 ± 216,2.11046e-06 ± 6.79e-07,0.786973 ± 0.00457,0.423752 ± 0.0254
A6_rch_b2_mrcd,C4_hybrid,D1,E7,269.0,511.855 ± 203,1.99213e-05 ± 7.56e-06,0.802974 ± 0.0251,0.4845 ± 0.0249
A6_rch_b2_mrcd,C4_hybrid,D1,E7,403.0,507.482 ± 176,3.06218e-06 ± 1.93e-06,0.801985 ± 0.00819,0.413585 ± 0.0305
A6_rch_b2_mrcd,C4_hybrid,D1,E8,269.0,6827.66 ± 2.23e+03,4.18384e-06 ± 5.09e-06,0.754368 ± 0.0147,1.43172 ± 0.14
A6_rch_b2_mrcd,C4_hybrid,D1,E8,403.0,12014.2 ± 1.59e+04,7.95559e-06 ± 7.41e-06,0.738462 ± 0.0212,1.24311 ± 0.129
A6_rch_b2_mrcd,C4_hybrid,D2,E0,294.0,10258.3 ± 5.32e+03,3.75869e-05 ± 2.72e-05,0.720748 ± 0.0192,2.06935 ± 0.203
A6_rch_b2_mrcd,C4_hybrid,D2,E0,442.0,22010.8 ± 2.09e+04,1.49411e-05 ± 1.62e-05,0.694231 ± 0.0233,1.8282 ± 0.0903
A6_rch_b2_mrcd,C4_hybrid,D2,E1,294.0,191716 ± 7.18e+04,0.000256152 ± 0.000333,0.692942 ± 0.0499,4.29737 ± 0.744
A6_rch_b2_mrcd,C4_hybrid,D2,E1,442.0,233616 ± 2.29e+05,6.20535e-05 ± 6.66e-05,0.682805 ± 0.048,4.06859 ± 0.824
A6_rch_b2_mrcd,C4_hybrid,D2,E2,294.0,1.16911e+06 ± 8.26e+05,0.000322442 ± 0.000276,0.666241 ± 0.068,7.23453 ± 2.16
A6_rch_b2_mrcd,C4_hybrid,D2,E2,442.0,2.5441e+06 ± 2.28e+06,0.00013076 ± 9.78e-05,0.640837 ± 0.0346,6.81226 ± 2.26
A6_rch_b2_mrcd,C4_hybrid,D2,E5,294.0,171.589 ± 94.1,2.15399e-06 ± 1.28e-06,0.815051 ± 0.014,0.47446 ± 0.028
A6_rch_b2_mrcd,C4_hybrid,D2,E5,442.0,178.027 ± 101,4.27861e-07 ± 1.89e-07,0.800396 ± 0.0181,0.414944 ± 0.0206
A6_rch_b2_mrcd,C4_hybrid,D2,E6,294.0,348.367 ± 144,1.10624e-05 ± 9.21e-06,0.8 ± 0.00857,0.625904 ± 0.0668
A6_rch_b2_mrcd,C4_hybrid,D2,E6,442.0,311.389 ± 143,2.40177e-06 ± 9.05e-07,0.793326 ± 0.0152,0.536667 ± 0.0279
A6_rch_b2_mrcd,C4_hybrid,D2,E7,294.0,518.084 ± 325,1.81026e-05 ± 8.07e-06,0.815221 ± 0.00759,0.622403 ± 0.0252
A6_rch_b2_mrcd,C4_hybrid,D2,E7,442.0,579.838 ± 250,2.45966e-06 ± 9.53e-07,0.815102 ± 0.0166,0.546412 ± 0.0248
A6_rch_b2_mrcd,C4_hybrid,D2,E8,294.0,12419.1 ± 6.83e+03,8.92853e-06 ± 1.46e-05,0.727296 ± 0.0195,2.01565 ± 0.116
A6_rch_b2_mrcd,C4_hybrid,D2,E8,442.0,20498.5 ± 2.37e+04,8.03105e-06 ± 9.26e-06,0.715894 ± 0.0393,1.81615 ± 0.092
A6_rch_b2_mrcd,C4_hybrid,D3,E0,320.0,7723.56 ± 3.47e+03,2.31314e-05 ± 2.02e-05,0.704609 ± 0.0188,2.2403 ± 0.113
A6_rch_b2_mrcd,C4_hybrid,D3,E0,480.0,20613.2 ± 2.31e+04,2.15574e-06 ± 1.62e-06,0.677917 ± 0.038,2.06525 ± 0.151
A6_rch_b2_mrcd,C4_hybrid,D3,E1,320.0,293966 ± 3.48e+05,0.000195325 ± 0.000216,0.678672 ± 0.0569,5.16451 ± 0.96
A6_rch_b2_mrcd,C4_hybrid,D3,E1,480.0,298160 ± 3.42e+05,7.93111e-05 ± 6.85e-05,0.680469 ± 0.0468,4.71149 ± 1.1
A6_rch_b2_mrcd,C4_hybrid,D3,E2,320.0,1.48853e+06 ± 1.69e+06,0.000617335 ± 0.000734,0.679609 ± 0.058,8.1657 ± 2.22
A6_rch_b2_mrcd,C4_hybrid,D3,E2,480.0,2.82988e+06 ± 3.58e+06,0.000118431 ± 0.000139,0.65599 ± 0.0333,7.86396 ± 2.86
A6_rch_b2_mrcd,C4_hybrid,D3,E5,320.0,134.326 ± 52.5,1.67368e-06 ± 1.14e-06,0.817734 ± 0.0242,0.557561 ± 0.0215
A6_rch_b2_mrcd,C4_hybrid,D3,E5,480.0,157.061 ± 86.4,3.27939e-07 ± 1.61e-07,0.797969 ± 0.014,0.476098 ± 0.0416
A6_rch_b2_mrcd,C4_hybrid,D3,E6,320.0,255.863 ± 167,1.26396e-05 ± 6.25e-06,0.810469 ± 0.0113,0.675831 ± 0.043
A6_rch_b2_mrcd,C4_hybrid,D3,E6,480.0,300.931 ± 145,3.6799e-06 ± 8.59e-07,0.800208 ± 0.0239,0.598417 ± 0.0356
A6_rch_b2_mrcd,C4_hybrid,D3,E7,320.0,667.685 ± 183,1.50771e-05 ± 6.4e-06,0.815312 ± 0.00264,0.720172 ± 0.0233
A6_rch_b2_mrcd,C4_hybrid,D3,E7,480.0,436.088 ± 282,2.87636e-06 ± 1.47e-06,0.814635 ± 0.0093,0.604274 ± 0.035
A6_rch_b2_mrcd,C4_hybrid,D3,E8,320.0,8462.7 ± 3.2e+03,5.49645e-06 ± 5.46e-06,0.714375 ± 0.0326,2.29195 ± 0.168
A6_rch_b2_mrcd,C4_hybrid,D3,E8,480.0,10801 ± 6.77e+03,3.69412e-06 ± 3.81e-06,0.708594 ± 0.0365,1.98004 ± 0.0865
A6_rch_b2_mrcd,C4_hybrid,D4,E0,320.0,34553.3 ± 1.02e+04,8.11603e-06 ± 6.21e-06,0.799922 ± 0.0385,0.784327 ± 0.0793
A6_rch_b2_mrcd,C4_hybrid,D4,E0,480.0,42900.4 ± 1.14e+04,1.83589e-06 ± 1e-06,0.748021 ± 0.0208,0.683104 ± 0.0503
A6_rch_b2_mrcd,C4_hybrid,D4,E1,320.0,691662 ± 2.07e+05,4.08513e-05 ± 4.1e-05,0.773516 ± 0.0648,1.50775 ± 0.127
A6_rch_b2_mrcd,C4_hybrid,D4,E1,480.0,938118 ± 4.05e+05,3.45961e-05 ± 3.39e-05,0.751302 ± 0.0414,1.34127 ± 0.241
A6_rch_b2_mrcd,C4_hybrid,D4,E2,320.0,5.00787e+06 ± 1.8e+06,0.000253079 ± 0.000342,0.722422 ± 0.079,2.55056 ± 0.557
A6_rch_b2_mrcd,C4_hybrid,D4,E2,480.0,7.15242e+06 ± 5.18e+06,7.88151e-05 ± 0.000101,0.729792 ± 0.0957,2.11052 ± 0.636
A6_rch_b2_mrcd,C4_hybrid,D4,E5,320.0,1092.5 ± 74,1.00094e-07 ± 9.33e-08,0.878437 ± 0.00326,0.23883 ± 0.00223
A6_rch_b2_mrcd,C4_hybrid,D4,E5,480.0,1039.04 ± 27,3.735e-08 ± 2.13e-08,0.86 ± 0.00995,0.188648 ± 0.00706
A6_rch_b2_mrcd,C4_hybrid,D4,E6,320.0,2658.8 ± 147,1.81267e-07 ± 1.77e-07,0.836953 ± 0.0125,0.333111 ± 0.0195
A6_rch_b2_mrcd,C4_hybrid,D4,E6,480.0,2686.17 ± 175,6.3228e-08 ± 6.33e-08,0.826302 ± 0.0114,0.259215 ± 0.00848
A6_rch_b2_mrcd,C4_hybrid,D4,E7,320.0,2467.85 ± 316,1.08794e-07 ± 1.04e-07,0.833516 ± 0.0106,0.31748 ± 0.00636
A6_rch_b2_mrcd,C4_hybrid,D4,E7,480.0,2920.84 ± 361,6.99844e-08 ± 8.79e-08,0.8425 ± 0.0102,0.263781 ± 0.00672
A6_rch_b2_mrcd,C4_hybrid,D4,E8,320.0,41635.1 ± 7.6e+03,7.22669e-06 ± 8.35e-06,0.806953 ± 0.0248,0.77398 ± 0.0488
A6_rch_b2_mrcd,C4_hybrid,D4,E8,480.0,49237.2 ± 1.13e+04,1.65085e-06 ± 1.02e-06,0.741979 ± 0.0131,0.666827 ± 0.0201
A6_rch_b3_ogk,C0_uniform,D0,E0,256.0,42.3539 ± 21.4,4.66839e-05 ± 3.16e-05,0.766211 ± 0.0274,0.717238 ± 0.0141
A6_rch_b3_ogk,C0_uniform,D0,E0,384.0,37.2573 ± 11.4,1.31035e-05 ± 4.27e-06,0.715951 ± 0.0318,0.621197 ± 0.0109
A6_rch_b3_ogk,C0_uniform,D0,E1,256.0,2083.3 ± 2.19e+03,0.000216699 ± 0.000108,0.680273 ± 0.0101,1.84916 ± 0.108
A6_rch_b3_ogk,C0_uniform,D0,E1,384.0,2502.19 ± 1.38e+03,5.15626e-05 ± 4.49e-05,0.650911 ± 0.0325,1.72715 ± 0.157
A6_rch_b3_ogk,C0_uniform,D0,E2,256.0,18963.1 ± 2.25e+04,0.000169993 ± 0.000142,0.593555 ± 0.0223,3.46613 ± 0.341
A6_rch_b3_ogk,C0_uniform,D0,E2,384.0,17760.8 ± 8.78e+03,0.000105473 ± 9.34e-05,0.584831 ± 0.0272,3.18532 ± 0.344
A6_rch_b3_ogk,C0_uniform,D0,E5,256.0,1.71279 ± 0.856,2.66017e-06 ± 1.06e-06,0.83916 ± 0.026,0.206729 ± 0.0045
A6_rch_b3_ogk,C0_uniform,D0,E5,384.0,2.55505 ± 1.17,4.96492e-07 ± 3.26e-07,0.814388 ± 0.0126,0.16743 ± 0.00452
A6_rch_b3_ogk,C0_uniform,D0,E6,256.0,2.75755 ± 0.517,6.90941e-06 ± 4.44e-08,0.815039 ± 0.00495,0.342554 ± 0.00656
A6_rch_b3_ogk,C0_uniform,D0,E6,384.0,2.29467 ± 0.494,2.69835e-06 ± 4.66e-07,0.759766 ± 0.00453,0.280633 ± 0.00595
A6_rch_b3_ogk,C0_uniform,D0,E7,256.0,27.9926 ± 23.1,9.84433e-06 ± 5.55e-06,0.803906 ± 0.0114,0.367635 ± 0.016
A6_rch_b3_ogk,C0_uniform,D0,E7,384.0,35.3333 ± 34.1,2.7474e-06 ± 1.23e-06,0.79694 ± 0.00814,0.298518 ± 0.00491
A6_rch_b3_ogk,C0_uniform,D0,E8,256.0,71.5866 ± 81,1.3111e-05 ± 9.45e-06,0.761719 ± 0.0152,0.63699 ± 0.0369
A6_rch_b3_ogk,C0_uniform,D0,E8,384.0,76.204 ± 37.6,7.60545e-06 ± 7.21e-06,0.723437 ± 0.035,0.562986 ± 0.0173
A6_rch_b3_ogk,C0_uniform,D1,E0,269.0,13738.6 ± 9.93e+03,3.16654e-05 ± 2.39e-05,0.748234 ± 0.0246,1.53003 ± 0.0579
A6_rch_b3_ogk,C0_uniform,D1,E0,403.0,6481.28 ± 2.32e+03,1.16363e-05 ± 1.05e-05,0.692308 ± 0.012,1.2857 ± 0.116
A6_rch_b3_ogk,C0_uniform,D1,E1,269.0,370736 ± 2.82e+05,0.000160929 ± 9.42e-05,0.645632 ± 0.00885,3.68827 ± 0.458
A6_rch_b3_ogk,C0_uniform,D1,E1,403.0,712679 ± 1e+06,4.46693e-05 ± 2.98e-05,0.649256 ± 0.0214,3.15325 ± 0.518
A6_rch_b3_ogk,C0_uniform,D1,E2,269.0,3.10676e+06 ± 2.91e+06,0.000315747 ± 0.000343,0.573792 ± 0.0279,6.44415 ± 1
A6_rch_b3_ogk,C0_uniform,D1,E2,403.0,4.83199e+06 ± 8.35e+06,0.000109535 ± 0.000103,0.569479 ± 0.0346,5.60719 ± 0.866
A6_rch_b3_ogk,C0_uniform,D1,E5,269.0,403.136 ± 305,2.50912e-06 ± 1.44e-06,0.784015 ± 0.0311,0.448478 ± 0.0432
A6_rch_b3_ogk,C0_uniform,D1,E5,403.0,236.146 ± 63.9,3.91954e-07 ± 1.18e-07,0.778908 ± 0.021,0.338535 ± 0.0163
A6_rch_b3_ogk,C0_uniform,D1,E6,269.0,485.882 ± 218,6.71509e-06 ± 1.91e-06,0.757621 ± 0.0116,0.615843 ± 0.0341
A6_rch_b3_ogk,C0_uniform,D1,E6,403.0,473.074 ± 184,1.90176e-06 ± 7.87e-07,0.748821 ± 0.00923,0.508502 ± 0.0308
A6_rch_b3_ogk,C0_uniform,D1,E7,269.0,2502.04 ± 2.01e+03,8.51235e-06 ± 1.34e-06,0.748885 ± 0.00591,0.670711 ± 0.0346
A6_rch_b3_ogk,C0_uniform,D1,E7,403.0,3227.02 ± 1.89e+03,2.67033e-06 ± 9.43e-07,0.741563 ± 0.00952,0.57271 ± 0.0167
A6_rch_b3_ogk,C0_uniform,D1,E8,269.0,8907.86 ± 4.39e+03,1.16506e-05 ± 5.6e-06,0.737732 ± 0.00948,1.42638 ± 0.156
A6_rch_b3_ogk,C0_uniform,D1,E8,403.0,7590.6 ± 3.62e+03,2.33968e-06 ± 1.96e-06,0.708561 ± 0.0456,1.24057 ± 0.132
A6_rch_b3_ogk,C0_uniform,D2,E0,294.0,10452.3 ± 7.49e+03,3.64198e-05 ± 3.32e-05,0.706122 ± 0.016,1.98085 ± 0.115
A6_rch_b3_ogk,C0_uniform,D2,E0,442.0,14686.9 ± 1.03e+04,1.04463e-05 ± 6.66e-06,0.662783 ± 0.015,1.82308 ± 0.121
A6_rch_b3_ogk,C0_uniform,D2,E1,294.0,433080 ± 3.63e+05,0.000112926 ± 6.77e-05,0.633078 ± 0.0153,5.01959 ± 0.252
A6_rch_b3_ogk,C0_uniform,D2,E1,442.0,551761 ± 4.3e+05,3.42908e-05 ± 1.92e-05,0.631222 ± 0.0264,4.63266 ± 0.363
A6_rch_b3_ogk,C0_uniform,D2,E2,294.0,5.47115e+06 ± 4.05e+06,0.000272679 ± 0.000183,0.551361 ± 0.028,9.04729 ± 0.885
A6_rch_b3_ogk,C0_uniform,D2,E2,442.0,5.67801e+06 ± 4.45e+06,8.37833e-05 ± 6.93e-05,0.57336 ± 0.0509,8.44973 ± 0.592
A6_rch_b3_ogk,C0_uniform,D2,E5,294.0,417.446 ± 237,1.53163e-06 ± 6.09e-07,0.759439 ± 0.0229,0.563326 ± 0.0379
A6_rch_b3_ogk,C0_uniform,D2,E5,442.0,352.96 ± 172,2.94912e-07 ± 9.65e-08,0.744118 ± 0.0265,0.483248 ± 0.033
A6_rch_b3_ogk,C0_uniform,D2,E6,294.0,859.823 ± 366,7.18274e-06 ± 1.25e-06,0.719218 ± 0.0103,0.804806 ± 0.0417
A6_rch_b3_ogk,C0_uniform,D2,E6,442.0,535.074 ± 172,2.29013e-06 ± 8.44e-07,0.711538 ± 0.0136,0.67361 ± 0.0337
A6_rch_b3_ogk,C0_uniform,D2,E7,294.0,2891.01 ± 1.17e+03,1.07128e-05 ± 5.95e-06,0.714966 ± 0.0126,0.874579 ± 0.014
A6_rch_b3_ogk,C0_uniform,D2,E7,442.0,2408.87 ± 888,1.451e-06 ± 9.83e-07,0.716912 ± 0.0132,0.724935 ± 0.0366
A6_rch_b3_ogk,C0_uniform,D2,E8,294.0,12923.7 ± 1.71e+04,5.13865e-06 ± 3.47e-06,0.69915 ± 0.0177,1.96113 ± 0.095
A6_rch_b3_ogk,C0_uniform,D2,E8,442.0,10695.4 ± 5.59e+03,3.36226e-06 ± 1.38e-06,0.678394 ± 0.0252,1.78439 ± 0.0702
A6_rch_b3_ogk,C0_uniform,D3,E0,320.0,13111.9 ± 1.3e+04,3.8034e-05 ± 1.85e-05,0.695859 ± 0.0055,2.35242 ± 0.242
A6_rch_b3_ogk,C0_uniform,D3,E0,480.0,9145.69 ± 5.46e+03,3.204e-06 ± 3.93e-06,0.665521 ± 0.0207,2.05676 ± 0.116
A6_rch_b3_ogk,C0_uniform,D3,E1,320.0,441907 ± 3.04e+05,5.5979e-05 ± 5.2e-05,0.615234 ± 0.019,5.79378 ± 0.367
A6_rch_b3_ogk,C0_uniform,D3,E1,480.0,579677 ± 4.18e+05,4.43832e-05 ± 2.63e-05,0.636823 ± 0.0346,5.10847 ± 0.5
A6_rch_b3_ogk,C0_uniform,D3,E2,320.0,2.85287e+06 ± 2.08e+06,0.000109932 ± 0.000119,0.570625 ± 0.0482,10.4167 ± 0.692
A6_rch_b3_ogk,C0_uniform,D3,E2,480.0,4.35879e+06 ± 2.08e+06,8.33983e-05 ± 6.1e-05,0.572187 ± 0.0547,9.74459 ± 1.38
A6_rch_b3_ogk,C0_uniform,D3,E5,320.0,274.427 ± 149,1.54113e-06 ± 5.87e-07,0.729609 ± 0.0124,0.655855 ± 0.0251
A6_rch_b3_ogk,C0_uniform,D3,E5,480.0,185.725 ± 31.1,3.55471e-07 ± 9.46e-08,0.740729 ± 0.0153,0.533916 ± 0.0477
A6_rch_b3_ogk,C0_uniform,D3,E6,320.0,729.024 ± 290,6.36546e-06 ± 2.21e-06,0.696328 ± 0.0154,0.907595 ± 0.0394
A6_rch_b3_ogk,C0_uniform,D3,E6,480.0,689.14 ± 393,1.66821e-06 ± 5.8e-07,0.703333 ± 0.0124,0.76901 ± 0.0688
A6_rch_b3_ogk,C0_uniform,D3,E7,320.0,2717.32 ± 1.17e+03,7.81201e-06 ± 1.72e-06,0.71 ± 0.00959,0.960098 ± 0.0176
A6_rch_b3_ogk,C0_uniform,D3,E7,480.0,1665.89 ± 672,1.81378e-06 ± 1.24e-06,0.713802 ± 0.0148,0.77947 ± 0.048
A6_rch_b3_ogk,C0_uniform,D3,E8,320.0,9675.69 ± 4.07e+03,7.43219e-06 ± 6.62e-06,0.710234 ± 0.0329,2.23575 ± 0.137
A6_rch_b3_ogk,C0_uniform,D3,E8,480.0,9171.95 ± 2.99e+03,3.5718e-06 ± 2.6e-06,0.685052 ± 0.0237,2.0175 ± 0.12
A6_rch_b3_ogk,C0_uniform,D4,E0,320.0,36091.7 ± 7.54e+03,4.39444e-06 ± 5.61e-06,0.780156 ± 0.0193,0.968818 ± 0.126
A6_rch_b3_ogk,C0_uniform,D4,E0,480.0,41368.9 ± 9.72e+03,1.60098e-06 ± 1.16e-06,0.74151 ± 0.0363,0.80729 ± 0.056
A6_rch_b3_ogk,C0_uniform,D4,E1,320.0,1.01375e+06 ± 1.61e+05,4.84586e-05 ± 0.000106,0.713594 ± 0.0384,2.827 ± 0.801
A6_rch_b3_ogk,C0_uniform,D4,E1,480.0,1.31434e+06 ± 4.41e+05,1.10382e-05 ± 9.53e-06,0.659375 ± 0.0276,2.13683 ± 0.583
A6_rch_b3_ogk,C0_uniform,D4,E2,320.0,6.75936e+06 ± 1.78e+06,0.000173497 ± 0.000181,0.649531 ± 0.0463,4.74598 ± 1.65
A6_rch_b3_ogk,C0_uniform,D4,E2,480.0,1.00543e+07 ± 4.21e+06,3.77086e-05 ± 3.75e-05,0.618073 ± 0.0569,3.78338 ± 1.05
A6_rch_b3_ogk,C0_uniform,D4,E5,320.0,996.4 ± 170,9.17243e-08 ± 7.65e-08,0.838047 ± 0.0139,0.263631 ± 0.00857
A6_rch_b3_ogk,C0_uniform,D4,E5,480.0,955.393 ± 10.2,2.06533e-08 ± 1.29e-08,0.818698 ± 0.0178,0.219834 ± 0.028
A6_rch_b3_ogk,C0_uniform,D4,E6,320.0,1823.55 ± 94.3,2.47859e-07 ± 3.2e-07,0.813125 ± 0.0172,0.390821 ± 0.0195
A6_rch_b3_ogk,C0_uniform,D4,E6,480.0,1923.06 ± 13.5,7.30208e-08 ± 7.45e-08,0.769479 ± 0.0228,0.344572 ± 0.0137
A6_rch_b3_ogk,C0_uniform,D4,E7,320.0,4103.59 ± 407,3.99722e-08 ± 3.29e-08,0.817187 ± 0.0303,0.570518 ± 0.0717
A6_rch_b3_ogk,C0_uniform,D4,E7,480.0,4180.87 ± 108,1.04928e-08 ± 9.01e-09,0.796198 ± 0.00379,0.47096 ± 0.00324
A6_rch_b3_ogk,C0_uniform,D4,E8,320.0,37119.4 ± 6.09e+03,2.34999e-06 ± 1.88e-06,0.786328 ± 0.0438,0.886684 ± 0.185
A6_rch_b3_ogk,C0_uniform,D4,E8,480.0,41838.8 ± 8.88e+03,2.15199e-06 ± 2.95e-06,0.752083 ± 0.0241,0.719142 ± 0.0379
A6_rch_b3_ogk,C1_monotone_half,D0,E0,256.0,101.9 ± 40.3,4.47118e-05 ± 5.94e-05,0.634277 ± 0.0741,1.52749 ± 0.0823
A6_rch_b3_ogk,C1_monotone_half,D0,E0,384.0,112.275 ± 62.8,9.09701e-06 ± 4.07e-06,0.524479 ± 0.0344,1.49531 ± 0.0492
A6_rch_b3_ogk,C1_monotone_half,D0,E1,256.0,535.776 ± 254,0.000418154 ± 0.00025,0.938281 ± 0.0199,1.67823 ± 0.0812
A6_rch_b3_ogk,C1_monotone_half,D0,E1,384.0,731.827 ± 444,0.000136752 ± 8.55e-05,0.881641 ± 0.0158,1.59627 ± 0.0912
A6_rch_b3_ogk,C1_monotone_half,D0,E2,256.0,4015.5 ± 1.68e+03,0.0010436 ± 0.000661,0.963086 ± 0.0128,1.85137 ± 0.0641
A6_rch_b3_ogk,C1_monotone_half,D0,E2,384.0,5234.48 ± 4.04e+03,0.000298107 ± 0.000153,0.921549 ± 0.0125,1.72157 ± 0.0439
A6_rch_b3_ogk,C1_monotone_half,D0,E5,256.0,6.39043 ± 1.13,7.30606e-06 ± 3.22e-06,0.826562 ± 0.0188,0.524026 ± 0.0568
A6_rch_b3_ogk,C1_monotone_half,D0,E5,384.0,5.59425 ± 1.96,9.77006e-07 ± 5.45e-07,0.77526 ± 0.00827,0.467678 ± 0.0179
A6_rch_b3_ogk,C1_monotone_half,D0,E6,256.0,13.2557 ± 3.37,1.37664e-05 ± 5.65e-06,0.811914 ± 0.0144,0.660234 ± 0.0192
A6_rch_b3_ogk,C1_monotone_half,D0,E6,384.0,14.7228 ± 2.3,5.64321e-06 ± 4.9e-07,0.73776 ± 0.00731,0.556545 ± 0.00991
A6_rch_b3_ogk,C1_monotone_half,D0,E7,256.0,2.2126 ± 0.654,3.1658e-05 ± 9.82e-06,0.84082 ± 0.00703,0.678479 ± 0.0302
A6_rch_b3_ogk,C1_monotone_half,D0,E7,384.0,2.53719 ± 0.556,3.90565e-06 ± 1.48e-06,0.816797 ± 0.00264,0.614571 ± 0.0129
A6_rch_b3_ogk,C1_monotone_half,D0,E8,256.0,125.329 ± 63.1,5.79745e-06 ± 3.8e-06,0.669531 ± 0.0943,1.41792 ± 0.233
A6_rch_b3_ogk,C1_monotone_half,D0,E8,384.0,140.445 ± 60.7,4.71207e-06 ± 6.06e-06,0.600781 ± 0.092,1.28098 ± 0.293
A6_rch_b3_ogk,C1_monotone_half,D1,E0,269.0,21033.9 ± 1.65e+04,3.9193e-05 ± 2.56e-05,0.641357 ± 0.0586,2.08023 ± 0.141
A6_rch_b3_ogk,C1_monotone_half,D1,E0,403.0,22640 ± 1.4e+04,8.94456e-06 ± 6.85e-06,0.60794 ± 0.0316,2.08448 ± 0.219
A6_rch_b3_ogk,C1_monotone_half,D1,E1,269.0,183685 ± 1.09e+05,0.000264633 ± 0.000197,0.817007 ± 0.167,3.36143 ± 1.23
A6_rch_b3_ogk,C1_monotone_half,D1,E1,403.0,250003 ± 2.16e+05,0.000183828 ± 0.000154,0.783809 ± 0.16,3.36566 ± 1.2
A6_rch_b3_ogk,C1_monotone_half,D1,E2,269.0,1.29869e+06 ± 1.3e+06,0.000856298 ± 0.000685,0.841822 ± 0.19,5.14014 ± 2.51
A6_rch_b3_ogk,C1_monotone_half,D1,E2,403.0,2.60791e+06 ± 3.25e+06,0.000323001 ± 0.000466,0.796216 ± 0.214,5.21223 ± 2.44
A6_rch_b3_ogk,C1_monotone_half,D1,E5,269.0,441.536 ± 274,6.30536e-06 ± 2.14e-06,0.814405 ± 0.0232,0.587191 ± 0.0438
A6_rch_b3_ogk,C1_monotone_half,D1,E5,403.0,559.87 ± 179,4.77229e-07 ± 4.3e-07,0.718548 ± 0.0255,0.580705 ± 0.0409
A6_rch_b3_ogk,C1_monotone_half,D1,E6,269.0,1077.74 ± 402,7.31647e-06 ± 5.08e-06,0.765613 ± 0.035,0.791609 ± 0.053
A6_rch_b3_ogk,C1_monotone_half,D1,E6,403.0,1126.9 ± 120,3.63373e-06 ± 2.37e-06,0.695906 ± 0.00937,0.694857 ± 0.0491
A6_rch_b3_ogk,C1_monotone_half,D1,E7,269.0,292.595 ± 125,3.47063e-05 ± 1.15e-05,0.879926 ± 0.0124,0.747341 ± 0.0441
A6_rch_b3_ogk,C1_monotone_half,D1,E7,403.0,319.889 ± 126,3.61716e-06 ± 1.05e-06,0.791501 ± 0.00674,0.699444 ± 0.0368
A6_rch_b3_ogk,C1_monotone_half,D1,E8,269.0,15190.5 ± 1.17e+04,8.51421e-06 ± 5.25e-06,0.665706 ± 0.0798,1.96672 ± 0.226
A6_rch_b3_ogk,C1_monotone_half,D1,E8,403.0,24889.5 ± 1.03e+04,6.4345e-06 ± 9.54e-06,0.617928 ± 0.0402,2.05114 ± 0.104
A6_rch_b3_ogk,C1_monotone_half,D2,E0,294.0,20895.2 ± 6.22e+03,5.2035e-05 ± 4.91e-05,0.635204 ± 0.0662,3.27011 ± 0.437
A6_rch_b3_ogk,C1_monotone_half,D2,E0,442.0,31699 ± 1.6e+04,7.7322e-06 ± 4.32e-06,0.606278 ± 0.0347,3.43333 ± 0.307
A6_rch_b3_ogk,C1_monotone_half,D2,E1,294.0,392519 ± 5.73e+05,0.000298687 ± 0.00013,0.812755 ± 0.169,5.89996 ± 2.05
A6_rch_b3_ogk,C1_monotone_half,D2,E1,442.0,359196 ± 2.91e+05,0.000157012 ± 0.00011,0.840441 ± 0.0211,5.9349 ± 1.91
A6_rch_b3_ogk,C1_monotone_half,D2,E2,294.0,2.93953e+06 ± 5.27e+06,0.00116148 ± 0.000868,0.84898 ± 0.196,9.5913 ± 4.59
A6_rch_b3_ogk,C1_monotone_half,D2,E2,442.0,2.17476e+06 ± 1.98e+06,0.000302608 ± 0.00018,0.874095 ± 0.017,9.80813 ± 4.32
A6_rch_b3_ogk,C1_monotone_half,D2,E5,294.0,652.464 ± 67.1,4.71375e-06 ± 3.84e-06,0.811735 ± 0.0404,0.904452 ± 0.039
A6_rch_b3_ogk,C1_monotone_half,D2,E5,442.0,742.745 ± 169,7.81941e-07 ± 1.16e-06,0.721267 ± 0.00715,0.888243 ± 0.0665
A6_rch_b3_ogk,C1_monotone_half,D2,E6,294.0,1409.61 ± 534,7.63912e-06 ± 7.62e-06,0.772024 ± 0.0358,1.13179 ± 0.0561
A6_rch_b3_ogk,C1_monotone_half,D2,E6,442.0,1739.24 ± 580,4.62825e-06 ± 2.55e-06,0.699434 ± 0.0133,1.04679 ± 0.118
A6_rch_b3_ogk,C1_monotone_half,D2,E7,294.0,302.784 ± 172,3.13822e-05 ± 4.07e-06,0.886054 ± 0.0197,0.93667 ± 0.0406
A6_rch_b3_ogk,C1_monotone_half,D2,E7,442.0,258.264 ± 73.7,4.99661e-06 ± 3.25e-06,0.799943 ± 0.00703,0.902882 ± 0.0214
A6_rch_b3_ogk,C1_monotone_half,D2,E8,294.0,28586.9 ± 1.91e+04,1.09437e-05 ± 1.39e-05,0.696684 ± 0.0393,3.23709 ± 0.234
A6_rch_b3_ogk,C1_monotone_half,D2,E8,442.0,37308.8 ± 1.37e+04,4.60144e-06 ± 7.21e-06,0.656052 ± 0.0215,3.20245 ± 0.164
A6_rch_b3_ogk,C1_monotone_half,D3,E0,320.0,27719.9 ± 4.95e+03,4.40654e-05 ± 3.82e-05,0.682891 ± 0.0343,4.19326 ± 0.367
A6_rch_b3_ogk,C1_monotone_half,D3,E0,480.0,33704.8 ± 3.87e+03,1.00038e-05 ± 6.03e-06,0.639427 ± 0.0297,4.23755 ± 0.187
A6_rch_b3_ogk,C1_monotone_half,D3,E1,320.0,318231 ± 2.84e+05,0.000289348 ± 0.000229,0.865 ± 0.0423,7.65367 ± 2.19
A6_rch_b3_ogk,C1_monotone_half,D3,E1,480.0,345743 ± 2.91e+05,0.00015009 ± 0.000107,0.838854 ± 0.0217,7.84782 ± 2.74
A6_rch_b3_ogk,C1_monotone_half,D3,E2,320.0,1.92639e+06 ± 2.34e+06,0.000739619 ± 0.000517,0.91125 ± 0.0356,12.6962 ± 5.27
A6_rch_b3_ogk,C1_monotone_half,D3,E2,480.0,2.66677e+06 ± 2.44e+06,0.00017415 ± 9.92e-05,0.875365 ± 0.0195,13.7653 ± 6.8
A6_rch_b3_ogk,C1_monotone_half,D3,E5,320.0,645.324 ± 76.1,2.54592e-06 ± 1.57e-06,0.786172 ± 0.0132,1.09153 ± 0.0685
A6_rch_b3_ogk,C1_monotone_half,D3,E5,480.0,892.444 ± 250,1.34288e-06 ± 1.62e-06,0.739167 ± 0.0318,1.06619 ± 0.0607
A6_rch_b3_ogk,C1_monotone_half,D3,E6,320.0,1829.64 ± 759,9.10315e-06 ± 3.94e-06,0.749922 ± 0.0424,1.43483 ± 0.114
A6_rch_b3_ogk,C1_monotone_half,D3,E6,480.0,1975.96 ± 718,4.15859e-06 ± 2.24e-06,0.702031 ± 0.0115,1.31442 ± 0.0594
A6_rch_b3_ogk,C1_monotone_half,D3,E7,320.0,222.813 ± 47.8,2.43983e-05 ± 6.61e-06,0.885703 ± 0.0129,1.10996 ± 0.0499
A6_rch_b3_ogk,C1_monotone_half,D3,E7,480.0,226.782 ± 20.1,4.33557e-06 ± 1.64e-06,0.803177 ± 0.0101,1.03236 ± 0.0261
A6_rch_b3_ogk,C1_monotone_half,D3,E8,320.0,33723.2 ± 1.41e+04,1.01795e-05 ± 8.82e-06,0.714609 ± 0.033,4.20178 ± 0.313
A6_rch_b3_ogk,C1_monotone_half,D3,E8,480.0,42153.9 ± 1.02e+04,7.07862e-06 ± 8.38e-06,0.67849 ± 0.0263,4.25346 ± 0.285
A6_rch_b3_ogk,C1_monotone_half,D4,E0,320.0,36517.3 ± 1.38e+04,8.19758e-06 ± 8.37e-06,0.751406 ± 0.0399,1.23528 ± 0.124
A6_rch_b3_ogk,C1_monotone_half,D4,E0,480.0,39490 ± 1.61e+04,1.76977e-06 ± 2.08e-06,0.69401 ± 0.0453,1.13524 ± 0.103
A6_rch_b3_ogk,C1_monotone_half,D4,E1,320.0,689653 ± 8.77e+04,4.58162e-05 ± 4.58e-05,0.906406 ± 0.0188,1.6212 ± 0.0706
A6_rch_b3_ogk,C1_monotone_half,D4,E1,480.0,1.00613e+06 ± 6.27e+05,3.26527e-05 ± 2.04e-05,0.809844 ± 0.156,1.75174 ± 0.922
A6_rch_b3_ogk,C1_monotone_half,D4,E2,320.0,5.18207e+06 ± 1.29e+06,0.000236072 ± 0.00022,0.925469 ± 0.0167,2.09816 ± 0.138
A6_rch_b3_ogk,C1_monotone_half,D4,E2,480.0,8.0448e+06 ± 5.63e+06,0.000108526 ± 0.000134,0.832344 ± 0.156,2.31541 ± 1.43
A6_rch_b3_ogk,C1_monotone_half,D4,E5,320.0,912.626 ± 325,6.82078e-08 ± 6.5e-08,0.841328 ± 0.018,0.468176 ± 0.0263
A6_rch_b3_ogk,C1_monotone_half,D4,E5,480.0,804.23 ± 5.59,3.24034e-08 ± 3.3e-08,0.810312 ± 0.00606,0.375615 ± 0.00982
A6_rch_b3_ogk,C1_monotone_half,D4,E6,320.0,2273.6 ± 773,1.4497e-07 ± 1.83e-07,0.799609 ± 0.0294,0.487234 ± 0.153
A6_rch_b3_ogk,C1_monotone_half,D4,E6,480.0,1652.87 ± 9.31,6.49283e-08 ± 1.14e-07,0.758177 ± 0.00664,0.627476 ± 0.0121
A6_rch_b3_ogk,C1_monotone_half,D4,E7,320.0,2385.85 ± 40.1,1.65387e-07 ± 1.52e-07,0.906484 ± 0.00468,0.518819 ± 0.00616
A6_rch_b3_ogk,C1_monotone_half,D4,E7,480.0,2419.52 ± 8.21,3.57255e-08 ± 2.13e-08,0.822708 ± 0.00183,0.467307 ± 0.00112
A6_rch_b3_ogk,C1_monotone_half,D4,E8,320.0,40752.7 ± 9.7e+03,4.12464e-06 ± 4.97e-06,0.801953 ± 0.039,1.03684 ± 0.0758
A6_rch_b3_ogk,C1_monotone_half,D4,E8,480.0,48481.2 ± 1.59e+04,2.56742e-06 ± 1.92e-06,0.726615 ± 0.0963,1.04424 ± 0.0782
A6_rch_b3_ogk,C2_occupancy_floor1,D0,E0,256.0,43.6415 ± 18.6,4.69255e-05 ± 3.12e-05,0.766113 ± 0.027,0.755217 ± 0.0255
A6_rch_b3_ogk,C2_occupancy_floor1,D0,E0,384.0,60.5179 ± 56.9,1.44426e-05 ± 3.78e-06,0.715104 ± 0.0111,0.675191 ± 0.0167
A6_rch_b3_ogk,C2_occupancy_floor1,D0,E1,256.0,922.819 ± 249,0.00045142 ± 0.00046,0.830176 ± 0.0654,1.28506 ± 0.0908
A6_rch_b3_ogk,C2_occupancy_floor1,D0,E1,384.0,1961.88 ± 1.93e+03,8.52175e-05 ± 7.14e-05,0.790365 ± 0.0146,1.16014 ± 0.0657
A6_rch_b3_ogk,C2_occupancy_floor1,D0,E2,256.0,5355.11 ± 1.31e+03,0.00117438 ± 0.000943,0.882422 ± 0.0191,1.67819 ± 0.0724
A6_rch_b3_ogk,C2_occupancy_floor1,D0,E2,384.0,5059.81 ± 4.52e+03,0.000458238 ± 0.000428,0.86556 ± 0.0341,1.45581 ± 0.0579
A6_rch_b3_ogk,C2_occupancy_floor1,D0,E5,256.0,1.36784 ± 1.17,3.15756e-06 ± 9.32e-07,0.873633 ± 0.00818,0.183863 ± 0.00813
A6_rch_b3_ogk,C2_occupancy_floor1,D0,E5,384.0,0.640128 ± 0.321,5.72258e-07 ± 4.05e-07,0.869922 ± 0.00579,0.15025 ± 0.00535
A6_rch_b3_ogk,C2_occupancy_floor1,D0,E6,256.0,1.71567 ± 0.782,7.5696e-06 ± 7.27e-06,0.850488 ± 0.0125,0.272091 ± 0.00448
A6_rch_b3_ogk,C2_occupancy_floor1,D0,E6,384.0,2.15455 ± 0.922,1.94475e-06 ± 1.87e-07,0.793229 ± 0.00939,0.225851 ± 0.00322
A6_rch_b3_ogk,C2_occupancy_floor1,D0,E7,256.0,5.15076 ± 4.71,1.66404e-05 ± 4.16e-06,0.848437 ± 0.00575,0.310924 ± 0.00867
A6_rch_b3_ogk,C2_occupancy_floor1,D0,E7,384.0,3.15971 ± 2.12,3.61493e-06 ± 2.29e-06,0.863867 ± 0.00649,0.251878 ± 0.00705
A6_rch_b3_ogk,C2_occupancy_floor1,D0,E8,256.0,80.5833 ± 81.7,1.22793e-05 ± 1.13e-05,0.760352 ± 0.0112,0.686153 ± 0.0237
A6_rch_b3_ogk,C2_occupancy_floor1,D0,E8,384.0,87.8289 ± 17.1,6.72717e-06 ± 8.97e-06,0.730273 ± 0.0288,0.614415 ± 0.0274
A6_rch_b3_ogk,C2_occupancy_floor1,D1,E0,269.0,13099.4 ± 5.85e+03,3.05086e-05 ± 1.8e-05,0.755297 ± 0.0303,1.81666 ± 0.0338
A6_rch_b3_ogk,C2_occupancy_floor1,D1,E0,403.0,12257.8 ± 7.04e+03,1.68288e-05 ± 2.17e-05,0.745596 ± 0.0241,1.6231 ± 0.184
A6_rch_b3_ogk,C2_occupancy_floor1,D1,E1,269.0,152396 ± 8.72e+04,0.000274952 ± 0.00024,0.689033 ± 0.029,3.22248 ± 0.552
A6_rch_b3_ogk,C2_occupancy_floor1,D1,E1,403.0,216109 ± 1.33e+05,0.000100662 ± 7.41e-05,0.680521 ± 0.0424,3.08305 ± 0.529
A6_rch_b3_ogk,C2_occupancy_floor1,D1,E2,269.0,1.55738e+06 ± 1.8e+06,0.000450781 ± 0.000657,0.640613 ± 0.0707,5.35588 ± 0.999
A6_rch_b3_ogk,C2_occupancy_floor1,D1,E2,403.0,1.43509e+06 ± 6.52e+05,0.00015186 ± 0.00021,0.590757 ± 0.0542,4.98601 ± 0.986
A6_rch_b3_ogk,C2_occupancy_floor1,D1,E5,269.0,223.825 ± 99,3.21344e-06 ± 8.62e-07,0.827138 ± 0.0281,0.444358 ± 0.0201
A6_rch_b3_ogk,C2_occupancy_floor1,D1,E5,403.0,142.514 ± 62.5,3.4322e-07 ± 1.7e-07,0.829156 ± 0.01,0.356512 ± 0.0124
A6_rch_b3_ogk,C2_occupancy_floor1,D1,E6,269.0,631.777 ± 398,7.01551e-06 ± 3.73e-06,0.801301 ± 0.0146,0.538771 ± 0.0301
A6_rch_b3_ogk,C2_occupancy_floor1,D1,E6,403.0,483.941 ± 372,3.9481e-06 ± 2.9e-06,0.787097 ± 0.0105,0.474593 ± 0.0365
A6_rch_b3_ogk,C2_occupancy_floor1,D1,E7,269.0,402.021 ± 216,1.86493e-05 ± 5.42e-06,0.802974 ± 0.0264,0.660845 ± 0.0357
A6_rch_b3_ogk,C2_occupancy_floor1,D1,E7,403.0,831.265 ± 151,2.79382e-06 ± 1.44e-06,0.819727 ± 0.00698,0.455022 ± 0.00681
A6_rch_b3_ogk,C2_occupancy_floor1,D1,E8,269.0,9058.75 ± 4.28e+03,1.1109e-05 ± 7.29e-06,0.75855 ± 0.0155,1.64932 ± 0.176
A6_rch_b3_ogk,C2_occupancy_floor1,D1,E8,403.0,15755 ± 2.08e+04,6.71949e-06 ± 1.15e-05,0.753846 ± 0.0439,1.50818 ± 0.0981
A6_rch_b3_ogk,C2_occupancy_floor1,D2,E0,294.0,10466.6 ± 7.46e+03,4.70115e-05 ± 5.39e-05,0.720323 ± 0.0304,2.25742 ± 0.128
A6_rch_b3_ogk,C2_occupancy_floor1,D2,E0,442.0,16285 ± 9.88e+03,7.08683e-06 ± 3.64e-06,0.713914 ± 0.00792,2.10023 ± 0.124
A6_rch_b3_ogk,C2_occupancy_floor1,D2,E1,294.0,151842 ± 4.38e+04,0.000226429 ± 0.000175,0.680697 ± 0.0632,4.751 ± 0.959
A6_rch_b3_ogk,C2_occupancy_floor1,D2,E1,442.0,321333 ± 3.2e+05,9.208e-05 ± 9.99e-05,0.683088 ± 0.0353,4.43564 ± 0.822
A6_rch_b3_ogk,C2_occupancy_floor1,D2,E2,294.0,1.14667e+06 ± 3.11e+05,0.000405322 ± 0.000529,0.621769 ± 0.0917,7.58507 ± 1.53
A6_rch_b3_ogk,C2_occupancy_floor1,D2,E2,442.0,1.66009e+06 ± 1.06e+06,0.000132865 ± 0.000161,0.618948 ± 0.0418,7.241 ± 1.93
A6_rch_b3_ogk,C2_occupancy_floor1,D2,E5,294.0,124.19 ± 65.9,1.83827e-06 ± 1.82e-06,0.83733 ± 0.0241,0.519958 ± 0.0201
A6_rch_b3_ogk,C2_occupancy_floor1,D2,E5,442.0,153.073 ± 78.9,3.54585e-07 ± 1.75e-07,0.823303 ± 0.0277,0.497445 ± 0.0512
A6_rch_b3_ogk,C2_occupancy_floor1,D2,E6,294.0,393.914 ± 201,5.97076e-06 ± 3.77e-06,0.788435 ± 0.00955,0.674766 ± 0.0453
A6_rch_b3_ogk,C2_occupancy_floor1,D2,E6,442.0,347.404 ± 112,2.68418e-06 ± 1.99e-06,0.789876 ± 0.0154,0.603054 ± 0.0405
A6_rch_b3_ogk,C2_occupancy_floor1,D2,E7,294.0,598.235 ± 314,1.69615e-05 ± 5.08e-06,0.817687 ± 0.00581,0.68972 ± 0.0694
A6_rch_b3_ogk,C2_occupancy_floor1,D2,E7,442.0,833.657 ± 150,2.39148e-06 ± 1.1e-06,0.824152 ± 0.00541,0.593861 ± 0.0477
A6_rch_b3_ogk,C2_occupancy_floor1,D2,E8,294.0,12965.5 ± 1.71e+04,7.24164e-06 ± 8.26e-06,0.739116 ± 0.0307,2.15037 ± 0.104
A6_rch_b3_ogk,C2_occupancy_floor1,D2,E8,442.0,21192.8 ± 1.98e+04,3.17193e-06 ± 2.26e-06,0.725339 ± 0.0468,2.08477 ± 0.0719
A6_rch_b3_ogk,C2_occupancy_floor1,D3,E0,320.0,14140.6 ± 1.5e+04,5.1325e-05 ± 4.23e-05,0.712813 ± 0.0163,2.60037 ± 0.25
A6_rch_b3_ogk,C2_occupancy_floor1,D3,E0,480.0,14729.8 ± 7.88e+03,5.22015e-06 ± 4.14e-06,0.709167 ± 0.0157,2.31523 ± 0.109
A6_rch_b3_ogk,C2_occupancy_floor1,D3,E1,320.0,169732 ± 3.8e+04,8.84807e-05 ± 7.94e-05,0.691797 ± 0.0588,5.56334 ± 0.995
A6_rch_b3_ogk,C2_occupancy_floor1,D3,E1,480.0,366544 ± 5.45e+05,5.66264e-05 ± 7.93e-05,0.685365 ± 0.0457,5.11021 ± 1.06
A6_rch_b3_ogk,C2_occupancy_floor1,D3,E2,320.0,1.14465e+06 ± 5.46e+05,0.000229455 ± 0.000353,0.628437 ± 0.0478,9.08629 ± 1.75
A6_rch_b3_ogk,C2_occupancy_floor1,D3,E2,480.0,2.88731e+06 ± 4.71e+06,8.00678e-05 ± 0.000138,0.621354 ± 0.0484,8.71153 ± 2.58
A6_rch_b3_ogk,C2_occupancy_floor1,D3,E5,320.0,144.125 ± 118,2.47274e-06 ± 1.6e-06,0.844297 ± 0.0297,0.617078 ± 0.0203
A6_rch_b3_ogk,C2_occupancy_floor1,D3,E5,480.0,150.915 ± 73.1,4.30711e-07 ± 3.74e-07,0.829115 ± 0.0264,0.531462 ± 0.0422
A6_rch_b3_ogk,C2_occupancy_floor1,D3,E6,320.0,525.089 ± 307,1.17191e-05 ± 7.26e-06,0.788906 ± 0.0177,0.795441 ± 0.0553
A6_rch_b3_ogk,C2_occupancy_floor1,D3,E6,480.0,351.988 ± 207,2.81808e-06 ± 1.64e-06,0.79 ± 0.0143,0.666737 ± 0.0383
A6_rch_b3_ogk,C2_occupancy_floor1,D3,E7,320.0,455.483 ± 327,1.40122e-05 ± 2.32e-06,0.824453 ± 0.00935,0.803227 ± 0.0874
A6_rch_b3_ogk,C2_occupancy_floor1,D3,E7,480.0,694.499 ± 212,2.87615e-06 ± 1.95e-06,0.828854 ± 0.0151,0.641958 ± 0.0271
A6_rch_b3_ogk,C2_occupancy_floor1,D3,E8,320.0,9675.69 ± 4.07e+03,1.30063e-05 ± 2.19e-05,0.723125 ± 0.0405,2.44218 ± 0.0923
A6_rch_b3_ogk,C2_occupancy_floor1,D3,E8,480.0,16279.3 ± 1.24e+04,4.84685e-06 ± 3.44e-06,0.726875 ± 0.0536,2.18995 ± 0.137
A6_rch_b3_ogk,C2_occupancy_floor1,D4,E0,320.0,37156.8 ± 1.17e+04,7.33615e-06 ± 5.93e-06,0.80375 ± 0.0168,1.01984 ± 0.117
A6_rch_b3_ogk,C2_occupancy_floor1,D4,E0,480.0,39739.4 ± 1.1e+04,1.88274e-06 ± 8.9e-07,0.794063 ± 0.033,0.982359 ± 0.0969
A6_rch_b3_ogk,C2_occupancy_floor1,D4,E1,320.0,784316 ± 1.88e+05,6.35084e-05 ± 8.56e-05,0.819453 ± 0.0548,1.9781 ± 0.498
A6_rch_b3_ogk,C2_occupancy_floor1,D4,E1,480.0,1.0102e+06 ± 5.31e+05,2.77034e-05 ± 2.47e-05,0.768802 ± 0.051,1.79952 ± 0.517
A6_rch_b3_ogk,C2_occupancy_floor1,D4,E2,320.0,5.42862e+06 ± 7.84e+05,0.000262337 ± 0.000385,0.787656 ± 0.111,2.87472 ± 0.723
A6_rch_b3_ogk,C2_occupancy_floor1,D4,E2,480.0,7.78895e+06 ± 4.49e+06,8.02724e-05 ± 0.000128,0.756979 ± 0.0443,2.66494 ± 0.865
A6_rch_b3_ogk,C2_occupancy_floor1,D4,E5,320.0,881.171 ± 140,1.00094e-07 ± 9.33e-08,0.840469 ± 0.0145,0.285128 ± 0.0146
A6_rch_b3_ogk,C2_occupancy_floor1,D4,E5,480.0,881.131 ± 14.1,5.49437e-08 ± 5.91e-08,0.840833 ± 0.0114,0.244936 ± 0.00509
A6_rch_b3_ogk,C2_occupancy_floor1,D4,E6,320.0,2157.58 ± 553,2.32309e-07 ± 2.59e-07,0.829375 ± 0.0151,0.367508 ± 0.017
A6_rch_b3_ogk,C2_occupancy_floor1,D4,E6,480.0,1673.29 ± 90.1,7.21611e-08 ± 8.31e-08,0.823385 ± 0.00671,0.304752 ± 0.021
A6_rch_b3_ogk,C2_occupancy_floor1,D4,E7,320.0,2693 ± 358,7.56956e-08 ± 5.42e-08,0.830078 ± 0.0138,0.429865 ± 0.0195
A6_rch_b3_ogk,C2_occupancy_floor1,D4,E7,480.0,2574.48 ± 60.9,2.25339e-08 ± 1.8e-08,0.79526 ± 0.007,0.376551 ± 0.000976
A6_rch_b3_ogk,C2_occupancy_floor1,D4,E8,320.0,39254.5 ± 6.76e+03,5.51125e-06 ± 5.37e-06,0.827109 ± 0.0433,0.969108 ± 0.0696
A6_rch_b3_ogk,C2_occupancy_floor1,D4,E8,480.0,47803.4 ± 1.08e+04,2.139e-06 ± 5.82e-07,0.806562 ± 0.0275,0.86798 ± 0.104
A6_rch_b3_ogk,C3_frame_core_occupancy,D0,E0,256.0,19.9978 ± 12.5,4.58401e-05 ± 2.87e-05,0.780859 ± 0.0146,0.700538 ± 0.0182
A6_rch_b3_ogk,C3_frame_core_occupancy,D0,E0,384.0,18.174 ± 11.1,1.30093e-05 ± 3.62e-06,0.735091 ± 0.0279,0.634859 ± 0.00249
A6_rch_b3_ogk,C3_frame_core_occupancy,D0,E1,256.0,1029.34 ± 699,0.000597654 ± 0.000363,0.85 ± 0.0391,1.27848 ± 0.06
A6_rch_b3_ogk,C3_frame_core_occupancy,D0,E1,384.0,1676.71 ± 1.45e+03,9.56283e-05 ± 5.96e-05,0.801302 ± 0.0324,1.14139 ± 0.0577
A6_rch_b3_ogk,C3_frame_core_occupancy,D0,E2,256.0,3053.21 ± 1.71e+03,0.000803579 ± 0.000584,0.900488 ± 0.0181,1.64636 ± 0.0416
A6_rch_b3_ogk,C3_frame_core_occupancy,D0,E2,384.0,5647.01 ± 7.44e+03,0.000457182 ± 0.000493,0.858008 ± 0.0518,1.51556 ± 0.148
A6_rch_b3_ogk,C3_frame_core_occupancy,D0,E5,256.0,1.37353 ± 1.16,3.28452e-06 ± 1.09e-06,0.874902 ± 0.00706,0.180255 ± 0.00748
A6_rch_b3_ogk,C3_frame_core_occupancy,D0,E5,384.0,0.742717 ± 0.274,5.7731e-07 ± 4.13e-07,0.866146 ± 0.00503,0.151981 ± 0.00403
A6_rch_b3_ogk,C3_frame_core_occupancy,D0,E6,256.0,1.71567 ± 0.782,7.5696e-06 ± 7.27e-06,0.850488 ± 0.0125,0.272091 ± 0.00448
A6_rch_b3_ogk,C3_frame_core_occupancy,D0,E6,384.0,2.15455 ± 0.922,1.94475e-06 ± 1.87e-07,0.793229 ± 0.00939,0.225851 ± 0.00322
A6_rch_b3_ogk,C3_frame_core_occupancy,D0,E7,256.0,5.15076 ± 4.71,1.66404e-05 ± 4.16e-06,0.848437 ± 0.00575,0.310924 ± 0.00867
A6_rch_b3_ogk,C3_frame_core_occupancy,D0,E7,384.0,3.15971 ± 2.12,3.61493e-06 ± 2.29e-06,0.863867 ± 0.00649,0.251878 ± 0.00705
A6_rch_b3_ogk,C3_frame_core_occupancy,D0,E8,256.0,38.322 ± 12.1,1.48872e-05 ± 1.1e-05,0.789062 ± 0.00682,0.673913 ± 0.0428
A6_rch_b3_ogk,C3_frame_core_occupancy,D0,E8,384.0,50.0415 ± 27.4,7.67361e-06 ± 8.13e-06,0.742188 ± 0.0118,0.616966 ± 0.0266
A6_rch_b3_ogk,C3_frame_core_occupancy,D1,E0,269.0,5341.31 ± 736,3.34462e-05 ± 2.68e-05,0.768866 ± 0.0148,1.50143 ± 0.1
A6_rch_b3_ogk,C3_frame_core_occupancy,D1,E0,403.0,7036.27 ± 4.34e+03,1.57656e-05 ± 1.07e-05,0.729529 ± 0.018,1.37513 ± 0.0913
A6_rch_b3_ogk,C3_frame_core_occupancy,D1,E1,269.0,161301 ± 7.13e+04,0.000436059 ± 0.000432,0.867565 ± 0.0281,3.19539 ± 0.251
A6_rch_b3_ogk,C3_frame_core_occupancy,D1,E1,403.0,214730 ± 3.92e+04,0.000154992 ± 0.000127,0.798635 ± 0.0131,3.09855 ± 0.461
A6_rch_b3_ogk,C3_frame_core_occupancy,D1,E2,269.0,1.26059e+06 ± 7.56e+05,0.00112505 ± 0.00085,0.90632 ± 0.009,5.27481 ± 0.468
A6_rch_b3_ogk,C3_frame_core_occupancy,D1,E2,403.0,1.68125e+06 ± 5.31e+05,0.000328831 ± 0.000297,0.862159 ± 0.0218,5.4903 ± 0.92
A6_rch_b3_ogk,C3_frame_core_occupancy,D1,E5,269.0,151.178 ± 42.7,2.95767e-06 ± 1.09e-06,0.85 ± 0.015,0.382971 ± 0.0236
A6_rch_b3_ogk,C3_frame_core_occupancy,D1,E5,403.0,133.291 ± 36,2.8352e-07 ± 9.51e-08,0.848263 ± 0.00408,0.32132 ± 0.0228
A6_rch_b3_ogk,C3_frame_core_occupancy,D1,E6,269.0,289.907 ± 153,5.89023e-06 ± 3.46e-06,0.831784 ± 0.0102,0.509615 ± 0.0316
A6_rch_b3_ogk,C3_frame_core_occupancy,D1,E6,403.0,306.625 ± 87.9,3.43081e-06 ± 2.5e-06,0.796402 ± 0.0232,0.448031 ± 0.0379
A6_rch_b3_ogk,C3_frame_core_occupancy,D1,E7,269.0,442.158 ± 104,1.94553e-05 ± 8.11e-06,0.851301 ± 0.00767,0.6097 ± 0.0619
A6_rch_b3_ogk,C3_frame_core_occupancy,D1,E7,403.0,574.004 ± 70.7,1.75565e-06 ± 2.71e-07,0.851489 ± 0.00526,0.541405 ± 0.0462
A6_rch_b3_ogk,C3_frame_core_occupancy,D1,E8,269.0,7866.89 ± 7.47e+03,1.09793e-05 ± 6.68e-06,0.772212 ± 0.0313,1.48161 ± 0.154
A6_rch_b3_ogk,C3_frame_core_occupancy,D1,E8,403.0,6898.79 ± 2.06e+03,4.84483e-06 ± 4.74e-06,0.737593 ± 0.035,1.41994 ± 0.134
A6_rch_b3_ogk,C3_frame_core_occupancy,D2,E0,294.0,7721.02 ± 2.73e+03,3.14875e-05 ± 2.69e-05,0.733418 ± 0.0132,2.32493 ± 0.192
A6_rch_b3_ogk,C3_frame_core_occupancy,D2,E0,442.0,9028.69 ± 3.98e+03,1.28983e-05 ± 5e-06,0.696097 ± 0.0172,2.26426 ± 0.326
A6_rch_b3_ogk,C3_frame_core_occupancy,D2,E1,294.0,192472 ± 3.91e+04,0.000762352 ± 0.000374,0.860204 ± 0.0357,5.29815 ± 0.616
A6_rch_b3_ogk,C3_frame_core_occupancy,D2,E1,442.0,224194 ± 5.01e+04,0.000136637 ± 0.000119,0.786878 ± 0.0121,5.18854 ± 0.725
A6_rch_b3_ogk,C3_frame_core_occupancy,D2,E2,294.0,1.22908e+06 ± 5.88e+05,0.000914069 ± 0.00102,0.891327 ± 0.0124,9.26546 ± 1.35
A6_rch_b3_ogk,C3_frame_core_occupancy,D2,E2,442.0,1.72004e+06 ± 6.47e+05,0.000415849 ± 0.000692,0.843269 ± 0.0382,9.46963 ± 1.99
A6_rch_b3_ogk,C3_frame_core_occupancy,D2,E5,294.0,149.074 ± 28,1.72244e-06 ± 2.01e-06,0.845493 ± 0.0122,0.559388 ± 0.0425
A6_rch_b3_ogk,C3_frame_core_occupancy,D2,E5,442.0,196.4 ± 30.2,2.62034e-07 ± 1.11e-07,0.833654 ± 0.0153,0.528519 ± 0.0436
A6_rch_b3_ogk,C3_frame_core_occupancy,D2,E6,294.0,274.532 ± 80,5.32492e-06 ± 2.93e-06,0.807738 ± 0.0145,0.758236 ± 0.0757
A6_rch_b3_ogk,C3_frame_core_occupancy,D2,E6,442.0,477.925 ± 119,2.52419e-06 ± 1.77e-06,0.784446 ± 0.0201,0.697214 ± 0.0425
A6_rch_b3_ogk,C3_frame_core_occupancy,D2,E7,294.0,578.902 ± 27.2,1.50914e-05 ± 8.78e-06,0.840816 ± 0.00863,0.833249 ± 0.045
A6_rch_b3_ogk,C3_frame_core_occupancy,D2,E7,442.0,522.227 ± 58.3,2.7353e-06 ± 1.58e-06,0.825509 ± 0.00681,0.718802 ± 0.0305
A6_rch_b3_ogk,C3_frame_core_occupancy,D2,E8,294.0,7885.91 ± 1.72e+03,1.09943e-05 ± 1.46e-05,0.75085 ± 0.0293,2.33846 ± 0.141
A6_rch_b3_ogk,C3_frame_core_occupancy,D2,E8,442.0,9208.06 ± 2.58e+03,4.40928e-06 ± 4.19e-06,0.718552 ± 0.0193,2.35256 ± 0.0865
A6_rch_b3_ogk,C3_frame_core_occupancy,D3,E0,320.0,6878.27 ± 2.31e+03,4.01964e-05 ± 2.32e-05,0.723906 ± 0.0149,2.94361 ± 0.323
A6_rch_b3_ogk,C3_frame_core_occupancy,D3,E0,480.0,7759.22 ± 1.84e+03,4.85756e-06 ± 3.57e-06,0.698542 ± 0.0241,2.72708 ± 0.224
A6_rch_b3_ogk,C3_frame_core_occupancy,D3,E1,320.0,206136 ± 3.17e+04,0.000349428 ± 0.000412,0.829219 ± 0.0582,6.67304 ± 0.896
A6_rch_b3_ogk,C3_frame_core_occupancy,D3,E1,480.0,287031 ± 2.23e+05,8.5784e-05 ± 0.00012,0.782813 ± 0.0171,6.75063 ± 1.24
A6_rch_b3_ogk,C3_frame_core_occupancy,D3,E2,320.0,1.20488e+06 ± 4.72e+05,0.000423618 ± 0.000664,0.863359 ± 0.0294,11.6457 ± 2.08
A6_rch_b3_ogk,C3_frame_core_occupancy,D3,E2,480.0,1.86313e+06 ± 1.04e+06,0.000125748 ± 8.52e-05,0.828073 ± 0.0491,12.0962 ± 3.65
A6_rch_b3_ogk,C3_frame_core_occupancy,D3,E5,320.0,128.777 ± 28,2.45644e-06 ± 1.66e-06,0.8475 ± 0.0106,0.652217 ± 0.0615
A6_rch_b3_ogk,C3_frame_core_occupancy,D3,E5,480.0,190.832 ± 69.8,3.56337e-07 ± 2.92e-07,0.838438 ± 0.00743,0.581992 ± 0.0381
A6_rch_b3_ogk,C3_frame_core_occupancy,D3,E6,320.0,502.347 ± 216,1.12169e-05 ± 6.52e-06,0.789062 ± 0.0112,0.917717 ± 0.0696
A6_rch_b3_ogk,C3_frame_core_occupancy,D3,E6,480.0,379.201 ± 142,2.7551e-06 ± 2.04e-06,0.794427 ± 0.00353,0.80109 ± 0.0517
A6_rch_b3_ogk,C3_frame_core_occupancy,D3,E7,320.0,500.245 ± 68.2,1.37423e-05 ± 2.98e-06,0.823828 ± 0.016,0.948041 ± 0.0657
A6_rch_b3_ogk,C3_frame_core_occupancy,D3,E7,480.0,487.317 ± 86.8,3.19093e-06 ± 1.67e-06,0.816198 ± 0.0147,0.854577 ± 0.0208
A6_rch_b3_ogk,C3_frame_core_occupancy,D3,E8,320.0,13922 ± 6e+03,1.08506e-05 ± 7.05e-06,0.735313 ± 0.0247,2.92263 ± 0.241
A6_rch_b3_ogk,C3_frame_core_occupancy,D3,E8,480.0,9205.98 ± 2.37e+03,3.98385e-06 ± 3.13e-06,0.725677 ± 0.0154,2.64123 ± 0.0668
A6_rch_b3_ogk,C3_frame_core_occupancy,D4,E0,320.0,34837.3 ± 6.49e+03,6.76242e-06 ± 5.71e-06,0.790078 ± 0.0267,0.912538 ± 0.115
A6_rch_b3_ogk,C3_frame_core_occupancy,D4,E0,480.0,36430.4 ± 6.59e+03,1.97195e-06 ± 1.15e-06,0.76224 ± 0.0242,0.748994 ± 0.0669
A6_rch_b3_ogk,C3_frame_core_occupancy,D4,E1,320.0,735117 ± 2.47e+05,4.93272e-05 ± 7.73e-05,0.841641 ± 0.0234,1.59858 ± 0.186
A6_rch_b3_ogk,C3_frame_core_occupancy,D4,E1,480.0,915015 ± 4e+05,3.39874e-05 ± 3.34e-05,0.816354 ± 0.029,1.32418 ± 0.0986
A6_rch_b3_ogk,C3_frame_core_occupancy,D4,E2,320.0,5.53228e+06 ± 1.38e+06,0.000293968 ± 0.000325,0.876016 ± 0.0193,2.60586 ± 0.299
A6_rch_b3_ogk,C3_frame_core_occupancy,D4,E2,480.0,7.02834e+06 ± 3.15e+06,7.61842e-05 ± 9.16e-05,0.865104 ± 0.0439,2.21427 ± 0.264
A6_rch_b3_ogk,C3_frame_core_occupancy,D4,E5,320.0,848.259 ± 154,8.73617e-08 ± 7.6e-08,0.872188 ± 0.0162,0.245806 ± 0.0383
A6_rch_b3_ogk,C3_frame_core_occupancy,D4,E5,480.0,856.33 ± 161,4.81018e-08 ± 6.58e-08,0.863281 ± 0.0125,0.190587 ± 0.0238
A6_rch_b3_ogk,C3_frame_core_occupancy,D4,E6,320.0,1921.5 ± 59.9,2.29107e-07 ± 2.6e-07,0.847344 ± 0.0268,0.319732 ± 0.00746
A6_rch_b3_ogk,C3_frame_core_occupancy,D4,E6,480.0,1974.99 ± 82.5,1.10582e-07 ± 1.43e-07,0.82974 ± 0.0127,0.260161 ± 0.00544
A6_rch_b3_ogk,C3_frame_core_occupancy,D4,E7,320.0,2819.73 ± 184,7.75469e-08 ± 5.31e-08,0.821719 ± 0.0497,0.362061 ± 0.0219
A6_rch_b3_ogk,C3_frame_core_occupancy,D4,E7,480.0,2808.26 ± 50,3.18472e-08 ± 2.12e-08,0.810469 ± 0.00623,0.265442 ± 0.00141
A6_rch_b3_ogk,C3_frame_core_occupancy,D4,E8,320.0,35532.1 ± 4.93e+03,5.627e-06 ± 5.24e-06,0.800391 ± 0.0173,0.800407 ± 0.0339
A6_rch_b3_ogk,C3_frame_core_occupancy,D4,E8,480.0,40619.6 ± 9.17e+03,1.82608e-06 ± 1.14e-06,0.781875 ± 0.0337,0.654314 ± 0.0505
A6_rch_b3_ogk,C4_hybrid,D0,E0,256.0,35.4814 ± 14.4,3.74725e-05 ± 2.54e-05,0.755371 ± 0.0324,0.738519 ± 0.0327
A6_rch_b3_ogk,C4_hybrid,D0,E0,384.0,36.3095 ± 12.4,1.31032e-05 ± 4.26e-06,0.715951 ± 0.0318,0.627957 ± 0.00783
A6_rch_b3_ogk,C4_hybrid,D0,E1,256.0,1161.99 ± 465,0.000545439 ± 0.000422,0.80127 ± 0.0146,1.27979 ± 0.0409
A6_rch_b3_ogk,C4_hybrid,D0,E1,384.0,1197.53 ± 821,5.52088e-05 ± 4.36e-05,0.79707 ± 0.03,1.11691 ± 0.0153
A6_rch_b3_ogk,C4_hybrid,D0,E2,256.0,4102.87 ± 1.9e+03,0.00149723 ± 0.00128,0.903223 ± 0.0232,1.62251 ± 0.0651
A6_rch_b3_ogk,C4_hybrid,D0,E2,384.0,6792.22 ± 4.08e+03,0.000321285 ± 0.000326,0.817643 ± 0.0282,1.46271 ± 0.0758
A6_rch_b3_ogk,C4_hybrid,D0,E5,256.0,1.36784 ± 1.17,3.15756e-06 ± 9.32e-07,0.873633 ± 0.00818,0.183863 ± 0.00813
A6_rch_b3_ogk,C4_hybrid,D0,E5,384.0,1.24431 ± 0.888,6.41136e-07 ± 4.29e-07,0.855664 ± 0.0162,0.159926 ± 0.00727
A6_rch_b3_ogk,C4_hybrid,D0,E6,256.0,1.71567 ± 0.782,7.5696e-06 ± 7.27e-06,0.850488 ± 0.0125,0.272091 ± 0.00448
A6_rch_b3_ogk,C4_hybrid,D0,E6,384.0,2.15455 ± 0.922,1.94475e-06 ± 1.87e-07,0.793229 ± 0.00939,0.225851 ± 0.00322
A6_rch_b3_ogk,C4_hybrid,D0,E7,256.0,5.15076 ± 4.71,1.66404e-05 ± 4.16e-06,0.848437 ± 0.00575,0.310924 ± 0.00867
A6_rch_b3_ogk,C4_hybrid,D0,E7,384.0,3.15971 ± 2.12,3.61493e-06 ± 2.29e-06,0.863867 ± 0.00649,0.251878 ± 0.00705
A6_rch_b3_ogk,C4_hybrid,D0,E8,256.0,68.5694 ± 83.5,1.42803e-05 ± 1.13e-05,0.759277 ± 0.0101,0.649734 ± 0.0351
A6_rch_b3_ogk,C4_hybrid,D0,E8,384.0,135.155 ± 103,6.55467e-06 ± 7.47e-06,0.721224 ± 0.0315,0.583098 ± 0.0221
A6_rch_b3_ogk,C4_hybrid,D1,E0,269.0,13255.7 ± 1.04e+04,5.24691e-05 ± 5.95e-05,0.749164 ± 0.0234,1.5232 ± 0.0862
A6_rch_b3_ogk,C4_hybrid,D1,E0,403.0,10501.3 ± 8.33e+03,1.67567e-05 ± 1.77e-05,0.701799 ± 0.0224,1.27012 ± 0.102
A6_rch_b3_ogk,C4_hybrid,D1,E1,269.0,154686 ± 9.08e+04,0.000219117 ± 0.000194,0.696097 ± 0.0327,2.88002 ± 0.451
A6_rch_b3_ogk,C4_hybrid,D1,E1,403.0,213652 ± 1.69e+05,9.59174e-05 ± 8.92e-05,0.691749 ± 0.0268,2.66151 ± 0.663
A6_rch_b3_ogk,C4_hybrid,D1,E2,269.0,1.55178e+06 ± 1.81e+06,0.000492837 ± 0.000626,0.637454 ± 0.0525,4.894 ± 1.45
A6_rch_b3_ogk,C4_hybrid,D1,E2,403.0,1.79197e+06 ± 1.69e+06,0.000107277 ± 9.94e-05,0.637965 ± 0.025,4.38357 ± 1.42
A6_rch_b3_ogk,C4_hybrid,D1,E5,269.0,223.825 ± 99,3.06693e-06 ± 8.44e-07,0.802323 ± 0.0225,0.365736 ± 0.0162
A6_rch_b3_ogk,C4_hybrid,D1,E5,403.0,142.405 ± 62.7,3.1418e-07 ± 1.4e-07,0.809864 ± 0.0136,0.282585 ± 0.0101
A6_rch_b3_ogk,C4_hybrid,D1,E6,269.0,657.814 ± 391,6.72356e-06 ± 3.35e-06,0.803903 ± 0.0102,0.477464 ± 0.0176
A6_rch_b3_ogk,C4_hybrid,D1,E6,403.0,473.142 ± 372,3.67799e-06 ± 2.61e-06,0.790323 ± 0.00564,0.407492 ± 0.0234
A6_rch_b3_ogk,C4_hybrid,D1,E7,269.0,589.971 ± 177,2.04242e-05 ± 6.02e-06,0.807063 ± 0.0185,0.496676 ± 0.0487
A6_rch_b3_ogk,C4_hybrid,D1,E7,403.0,591.891 ± 356,2.87656e-06 ± 1.44e-06,0.803722 ± 0.0193,0.410111 ± 0.0183
A6_rch_b3_ogk,C4_hybrid,D1,E8,269.0,9498.25 ± 3.45e+03,1.15938e-05 ± 6.91e-06,0.740428 ± 0.0081,1.45208 ± 0.136
A6_rch_b3_ogk,C4_hybrid,D1,E8,403.0,18885.9 ± 2.09e+04,3.39346e-06 ± 2.63e-06,0.712593 ± 0.0478,1.23332 ± 0.1
A6_rch_b3_ogk,C4_hybrid,D2,E0,294.0,10452.3 ± 7.49e+03,3.86174e-05 ± 3.73e-05,0.706378 ± 0.0164,1.99379 ± 0.12
A6_rch_b3_ogk,C4_hybrid,D2,E0,442.0,15243 ± 9.26e+03,8.78373e-06 ± 4.59e-06,0.681335 ± 0.0378,1.79571 ± 0.0734
A6_rch_b3_ogk,C4_hybrid,D2,E1,294.0,275282 ± 1.26e+05,0.000178003 ± 8.4e-05,0.693707 ± 0.0562,4.28136 ± 0.638
A6_rch_b3_ogk,C4_hybrid,D2,E1,442.0,174593 ± 1.33e+05,4.61833e-05 ± 1.64e-05,0.678111 ± 0.0516,4.17969 ± 0.917
A6_rch_b3_ogk,C4_hybrid,D2,E2,294.0,1.09992e+06 ± 2.46e+05,0.000433899 ± 0.000632,0.64915 ± 0.0663,7.22812 ± 2.01
A6_rch_b3_ogk,C4_hybrid,D2,E2,442.0,1.81957e+06 ± 2.06e+06,0.000107052 ± 0.000122,0.661595 ± 0.0368,6.50695 ± 2.14
A6_rch_b3_ogk,C4_hybrid,D2,E5,294.0,123.09 ± 66.7,1.74958e-06 ± 1.79e-06,0.821939 ± 0.016,0.456588 ± 0.0127
A6_rch_b3_ogk,C4_hybrid,D2,E5,442.0,153.199 ± 79.2,3.22374e-07 ± 1.62e-07,0.809389 ± 0.0233,0.417584 ± 0.0342
A6_rch_b3_ogk,C4_hybrid,D2,E6,294.0,393.544 ± 147,6.54127e-06 ± 4.48e-06,0.798129 ± 0.0112,0.601519 ± 0.0467
A6_rch_b3_ogk,C4_hybrid,D2,E6,442.0,344.785 ± 118,2.82093e-06 ± 2.06e-06,0.793665 ± 0.00924,0.539738 ± 0.0253
A6_rch_b3_ogk,C4_hybrid,D2,E7,294.0,690.037 ± 201,1.72167e-05 ± 6.12e-06,0.809524 ± 0.00437,0.624142 ± 0.026
A6_rch_b3_ogk,C4_hybrid,D2,E7,442.0,522.279 ± 377,3.56982e-06 ± 2.93e-06,0.814762 ± 0.0164,0.544783 ± 0.0149
A6_rch_b3_ogk,C4_hybrid,D2,E8,294.0,12923.7 ± 1.71e+04,4.7601e-06 ± 3.76e-06,0.700425 ± 0.0169,1.98283 ± 0.0923
A6_rch_b3_ogk,C4_hybrid,D2,E8,442.0,20641 ± 2.08e+04,2.70936e-06 ± 1.63e-06,0.67879 ± 0.028,1.78403 ± 0.0943
A6_rch_b3_ogk,C4_hybrid,D3,E0,320.0,13111.9 ± 1.3e+04,3.70451e-05 ± 1.79e-05,0.695937 ± 0.00566,2.36611 ± 0.249
A6_rch_b3_ogk,C4_hybrid,D3,E0,480.0,11257.7 ± 9.73e+03,3.66133e-06 ± 3.73e-06,0.672083 ± 0.0227,2.06959 ± 0.125
A6_rch_b3_ogk,C4_hybrid,D3,E1,320.0,221118 ± 6.57e+04,4.92539e-05 ± 2.67e-05,0.691094 ± 0.0413,4.99144 ± 0.768
A6_rch_b3_ogk,C4_hybrid,D3,E1,480.0,443230 ± 4.41e+05,4.80781e-05 ± 3.33e-05,0.678073 ± 0.0503,4.77725 ± 0.95
A6_rch_b3_ogk,C4_hybrid,D3,E2,320.0,1.1911e+06 ± 1.12e+06,0.000242493 ± 0.000342,0.671562 ± 0.0534,8.55083 ± 2.35
A6_rch_b3_ogk,C4_hybrid,D3,E2,480.0,3.05458e+06 ± 4.7e+06,7.37629e-05 ± 0.000114,0.662396 ± 0.0487,7.88206 ± 3.03
A6_rch_b3_ogk,C4_hybrid,D3,E5,320.0,142.223 ± 119,2.38882e-06 ± 1.65e-06,0.825391 ± 0.013,0.549455 ± 0.014
A6_rch_b3_ogk,C4_hybrid,D3,E5,480.0,155.217 ± 83.6,3.91893e-07 ± 3.26e-07,0.809219 ± 0.0224,0.455745 ± 0.0271
A6_rch_b3_ogk,C4_hybrid,D3,E6,320.0,715.525 ± 969,1.04234e-05 ± 7.8e-06,0.805859 ± 0.0185,0.725657 ± 0.0521
A6_rch_b3_ogk,C4_hybrid,D3,E6,480.0,302.985 ± 150,2.70632e-06 ± 1.73e-06,0.805365 ± 0.025,0.602626 ± 0.0282
A6_rch_b3_ogk,C4_hybrid,D3,E7,320.0,557.036 ± 195,1.50004e-05 ± 3.14e-06,0.816797 ± 0.0144,0.716626 ± 0.0164
A6_rch_b3_ogk,C4_hybrid,D3,E7,480.0,573.263 ± 335,2.53149e-06 ± 1.56e-06,0.823698 ± 0.019,0.596873 ± 0.0258
A6_rch_b3_ogk,C4_hybrid,D3,E8,320.0,9675.69 ± 4.07e+03,7.77737e-06 ± 6.71e-06,0.709453 ± 0.0312,2.25051 ± 0.133
A6_rch_b3_ogk,C4_hybrid,D3,E8,480.0,9171.95 ± 2.99e+03,3.54903e-06 ± 2.64e-06,0.686094 ± 0.0276,2.04694 ± 0.12
A6_rch_b3_ogk,C4_hybrid,D4,E0,320.0,34690 ± 6.46e+03,4.29196e-06 ± 2.91e-06,0.79125 ± 0.0272,0.819298 ± 0.0944
A6_rch_b3_ogk,C4_hybrid,D4,E0,480.0,39347.1 ± 1.15e+04,1.52871e-06 ± 1.21e-06,0.754583 ± 0.0275,0.703682 ± 0.0468
A6_rch_b3_ogk,C4_hybrid,D4,E1,320.0,785734 ± 1.46e+05,9.16351e-05 ± 0.000137,0.8125 ± 0.0701,1.60731 ± 0.256
A6_rch_b3_ogk,C4_hybrid,D4,E1,480.0,1.02359e+06 ± 6.03e+05,3.13913e-05 ± 2.16e-05,0.766979 ± 0.0669,1.36224 ± 0.257
A6_rch_b3_ogk,C4_hybrid,D4,E2,320.0,5.33485e+06 ± 9.26e+05,0.000221154 ± 0.000274,0.787188 ± 0.11,2.32189 ± 0.367
A6_rch_b3_ogk,C4_hybrid,D4,E2,480.0,8.03358e+06 ± 5.01e+06,8.658e-05 ± 0.000115,0.748698 ± 0.0397,2.08428 ± 0.492
A6_rch_b3_ogk,C4_hybrid,D4,E5,320.0,851.135 ± 340,9.81999e-08 ± 9.01e-08,0.850234 ± 0.0132,0.21393 ± 0.0245
A6_rch_b3_ogk,C4_hybrid,D4,E5,480.0,780.326 ± 152,3.62127e-08 ± 3.16e-08,0.838333 ± 0.0109,0.166315 ± 0.00271
A6_rch_b3_ogk,C4_hybrid,D4,E6,320.0,2244.77 ± 602,2.32309e-07 ± 2.59e-07,0.83125 ± 0.0089,0.33046 ± 0.0268
A6_rch_b3_ogk,C4_hybrid,D4,E6,480.0,1696.78 ± 144,6.7025e-08 ± 7.76e-08,0.804063 ± 0.0208,0.237063 ± 0.0102
A6_rch_b3_ogk,C4_hybrid,D4,E7,320.0,2527.33 ± 213,7.56956e-08 ± 5.42e-08,0.830156 ± 0.0168,0.360896 ± 0.0088
A6_rch_b3_ogk,C4_hybrid,D4,E7,480.0,2175.91 ± 39.6,3.3234e-08 ± 2.33e-08,0.825 ± 0.00338,0.241147 ± 0.00144
A6_rch_b3_ogk,C4_hybrid,D4,E8,320.0,41710.5 ± 9.08e+03,3.75239e-06 ± 7.36e-07,0.801953 ± 0.0226,0.791107 ± 0.0325
A6_rch_b3_ogk,C4_hybrid,D4,E8,480.0,49372 ± 1.32e+04,2.19085e-06 ± 1.59e-06,0.774531 ± 0.029,0.659784 ± 0.06
A7_cgal_spatial_sort,C2_occupancy_floor1,D0,E0,256.0,30.1352 ± 9.47,1.18835e-05 ± 1.38e-05,0.653711 ± 0.0141,0.910465 ± 0.0167
A7_cgal_spatial_sort,C2_occupancy_floor1,D0,E0,384.0,37.8479 ± 26.5,3.22115e-06 ± 4.22e-06,0.605859 ± 0.0141,0.865959 ± 0.0341
A7_cgal_spatial_sort,C2_occupancy_floor1,D0,E1,256.0,1368.2 ± 877,7.14174e-05 ± 6.17e-05,0.632324 ± 0.056,1.88588 ± 0.445
A7_cgal_spatial_sort,C2_occupancy_floor1,D0,E1,384.0,1327.14 ± 983,1.60707e-05 ± 1.58e-05,0.588607 ± 0.0593,1.74362 ± 0.341
A7_cgal_spatial_sort,C2_occupancy_floor1,D0,E2,256.0,8790 ± 7.2e+03,9.69129e-05 ± 4.28e-05,0.637109 ± 0.0809,2.79767 ± 1.04
A7_cgal_spatial_sort,C2_occupancy_floor1,D0,E2,384.0,10739.3 ± 8.38e+03,5.57644e-05 ± 8.72e-05,0.590234 ± 0.0814,2.58094 ± 0.886
A7_cgal_spatial_sort,C2_occupancy_floor1,D0,E5,256.0,2.74495 ± 0.00457,5.73465e-07 ± 1.04e-07,0.726562 ± 0.00246,0.254388 ± 0.00162
A7_cgal_spatial_sort,C2_occupancy_floor1,D0,E5,384.0,1.40581 ± 0.273,2.22033e-07 ± 1.14e-08,0.67207 ± 0.00592,0.228713 ± 0.00679
A7_cgal_spatial_sort,C2_occupancy_floor1,D0,E6,256.0,8.92468 ± 4.12,2.5411e-06 ± 9.96e-08,0.693359 ± 0.00889,0.402041 ± 0.00915
A7_cgal_spatial_sort,C2_occupancy_floor1,D0,E6,384.0,8.41492 ± 3.43,1.65155e-06 ± 2.82e-07,0.65306 ± 0.00474,0.366448 ± 0.00626
A7_cgal_spatial_sort,C2_occupancy_floor1,D0,E7,256.0,16.674 ± 5.45,7.57182e-06 ± 3.74e-07,0.650195 ± 0.0099,0.494762 ± 0.00903
A7_cgal_spatial_sort,C2_occupancy_floor1,D0,E7,384.0,9.55433 ± 2.6,1.11217e-06 ± 7e-08,0.6375 ± 0.0134,0.441179 ± 0.0221
A7_cgal_spatial_sort,C2_occupancy_floor1,D0,E8,256.0,116.589 ± 87.7,4.23265e-06 ± 2.43e-06,0.627344 ± 0.0122,0.901505 ± 0.0604
A7_cgal_spatial_sort,C2_occupancy_floor1,D0,E8,384.0,97.5765 ± 27.2,1.55286e-06 ± 2.03e-06,0.591797 ± 0.015,0.82744 ± 0.0201
A7_cgal_spatial_sort,C2_occupancy_floor1,D1,E0,269.0,5323.45 ± 1.27e+03,6.92946e-06 ± 3.25e-06,0.639684 ± 0.0149,1.79211 ± 0.0902
A7_cgal_spatial_sort,C2_occupancy_floor1,D1,E0,403.0,6023.01 ± 1.57e+03,2.75507e-06 ± 3.51e-06,0.595037 ± 0.0148,1.68597 ± 0.113
A7_cgal_spatial_sort,C2_occupancy_floor1,D1,E1,269.0,165732 ± 6.18e+04,6.95636e-05 ± 7.07e-05,0.613011 ± 0.0522,4.56534 ± 0.784
A7_cgal_spatial_sort,C2_occupancy_floor1,D1,E1,403.0,294875 ± 5.77e+04,1.64709e-05 ± 1.4e-05,0.574442 ± 0.0491,4.48793 ± 0.606
A7_cgal_spatial_sort,C2_occupancy_floor1,D1,E2,269.0,1.32585e+06 ± 5.5e+05,0.000147917 ± 0.000155,0.605297 ± 0.085,7.90794 ± 1.18
A7_cgal_spatial_sort,C2_occupancy_floor1,D1,E2,403.0,2.34633e+06 ± 5.14e+05,2.86858e-05 ± 1.84e-05,0.572829 ± 0.0798,8.20477 ± 1.09
A7_cgal_spatial_sort,C2_occupancy_floor1,D1,E5,269.0,151.899 ± 51.4,1.11675e-06 ± 6.93e-07,0.713104 ± 0.00666,0.513813 ± 0.00842
A7_cgal_spatial_sort,C2_occupancy_floor1,D1,E5,403.0,170.189 ± 47.3,2.62356e-07 ± 8.06e-08,0.663213 ± 0.00958,0.481853 ± 0.0171
A7_cgal_spatial_sort,C2_occupancy_floor1,D1,E6,269.0,334.626 ± 94.6,2.44709e-06 ± 4.23e-08,0.677602 ± 0.00952,0.754622 ± 0.0304
A7_cgal_spatial_sort,C2_occupancy_floor1,D1,E6,403.0,368.232 ± 98.8,1.52847e-06 ± 3.44e-07,0.645968 ± 0.00421,0.668199 ± 0.0275
A7_cgal_spatial_sort,C2_occupancy_floor1,D1,E7,269.0,502.314 ± 88.7,6.35036e-06 ± 2.45e-06,0.637639 ± 0.00676,0.852606 ± 0.067
A7_cgal_spatial_sort,C2_occupancy_floor1,D1,E7,403.0,680.889 ± 268,1.07586e-06 ± 5.15e-08,0.624318 ± 0.00804,0.794546 ± 0.0714
A7_cgal_spatial_sort,C2_occupancy_floor1,D1,E8,269.0,5369.36 ± 1.23e+03,3.59608e-06 ± 2.52e-06,0.61803 ± 0.0199,1.78662 ± 0.126
A7_cgal_spatial_sort,C2_occupancy_floor1,D1,E8,403.0,11630.4 ± 1.46e+04,5.70024e-07 ± 6.45e-07,0.581824 ± 0.0144,1.72311 ± 0.172
A7_cgal_spatial_sort,C2_occupancy_floor1,D2,E0,294.0,6725.85 ± 2.52e+03,7.92972e-06 ± 6.38e-06,0.618537 ± 0.01,2.73093 ± 0.0783
A7_cgal_spatial_sort,C2_occupancy_floor1,D2,E0,442.0,7369.27 ± 2.38e+03,2.35294e-06 ± 2.91e-06,0.586991 ± 0.0228,2.63443 ± 0.172
A7_cgal_spatial_sort,C2_occupancy_floor1,D2,E1,294.0,282893 ± 5.23e+04,3.63639e-05 ± 2.31e-05,0.582313 ± 0.0522,7.38664 ± 0.991
A7_cgal_spatial_sort,C2_occupancy_floor1,D2,E1,442.0,309485 ± 6.71e+04,1.53455e-05 ± 1.22e-05,0.561143 ± 0.0641,7.53595 ± 1.09
A7_cgal_spatial_sort,C2_occupancy_floor1,D2,E2,294.0,2.16793e+06 ± 1.19e+06,9.27499e-05 ± 9.15e-05,0.582823 ± 0.0768,13.4299 ± 1.69
A7_cgal_spatial_sort,C2_occupancy_floor1,D2,E2,442.0,2.48996e+06 ± 4.37e+05,3.90595e-05 ± 5.09e-05,0.555882 ± 0.0923,13.7207 ± 2.54
A7_cgal_spatial_sort,C2_occupancy_floor1,D2,E5,294.0,207.787 ± 81.9,1.39443e-06 ± 3.1e-08,0.682398 ± 0.00745,0.805653 ± 0.0362
A7_cgal_spatial_sort,C2_occupancy_floor1,D2,E5,442.0,212.523 ± 56.2,2.05952e-07 ± 6.93e-08,0.633484 ± 0.00982,0.749449 ± 0.0263
A7_cgal_spatial_sort,C2_occupancy_floor1,D2,E6,294.0,802.616 ± 316,2.32136e-06 ± 3.15e-07,0.64915 ± 0.013,1.07042 ± 0.0242
A7_cgal_spatial_sort,C2_occupancy_floor1,D2,E6,442.0,441.212 ± 28.7,1.34876e-06 ± 3.21e-07,0.619287 ± 0.0111,1.01176 ± 0.0267
A7_cgal_spatial_sort,C2_occupancy_floor1,D2,E7,294.0,798.984 ± 266,6.89122e-06 ± 3.35e-06,0.618878 ± 0.0112,1.28783 ± 0.137
A7_cgal_spatial_sort,C2_occupancy_floor1,D2,E7,442.0,855.95 ± 236,9.76594e-07 ± 4.82e-08,0.600905 ± 0.0147,1.14892 ± 0.122
A7_cgal_spatial_sort,C2_occupancy_floor1,D2,E8,294.0,9437.97 ± 2.52e+03,3.23396e-06 ± 2.28e-06,0.598299 ± 0.02,2.70576 ± 0.242
A7_cgal_spatial_sort,C2_occupancy_floor1,D2,E8,442.0,10082.7 ± 1.77e+03,4.6385e-07 ± 4.89e-07,0.577715 ± 0.0127,2.62774 ± 0.339
A7_cgal_spatial_sort,C2_occupancy_floor1,D3,E0,320.0,7991.25 ± 2.62e+03,7.65258e-06 ± 6.17e-06,0.60375 ± 0.0142,3.28056 ± 0.207
A7_cgal_spatial_sort,C2_occupancy_floor1,D3,E0,480.0,11450.4 ± 3.81e+03,1.67136e-06 ± 2.26e-06,0.581146 ± 0.0201,3.24408 ± 0.106
A7_cgal_spatial_sort,C2_occupancy_floor1,D3,E1,320.0,316126 ± 2.12e+05,3.27818e-05 ± 2.58e-05,0.573906 ± 0.0532,8.75472 ± 0.827
A7_cgal_spatial_sort,C2_occupancy_floor1,D3,E1,480.0,306507 ± 5.41e+04,1.28744e-05 ± 1.19e-05,0.56276 ± 0.0591,9.10545 ± 0.782
A7_cgal_spatial_sort,C2_occupancy_floor1,D3,E2,320.0,2.56187e+06 ± 1.92e+06,7.43035e-05 ± 5.78e-05,0.570937 ± 0.0732,16.0387 ± 1.76
A7_cgal_spatial_sort,C2_occupancy_floor1,D3,E2,480.0,2.83267e+06 ± 7.22e+05,2.41192e-05 ± 1.65e-05,0.54625 ± 0.086,16.8374 ± 1.47
A7_cgal_spatial_sort,C2_occupancy_floor1,D3,E5,320.0,259.544 ± 140,1.28762e-06 ± 2.33e-08,0.659687 ± 0.0124,0.930633 ± 0.0675
A7_cgal_spatial_sort,C2_occupancy_floor1,D3,E5,480.0,245.374 ± 58,1.53556e-07 ± 7.97e-08,0.613385 ± 0.00417,0.93506 ± 0.051
A7_cgal_spatial_sort,C2_occupancy_floor1,D3,E6,320.0,573.33 ± 163,2.14605e-06 ± 2.65e-07,0.627031 ± 0.0121,1.25732 ± 0.0369
A7_cgal_spatial_sort,C2_occupancy_floor1,D3,E6,480.0,607.368 ± 232,1.31702e-06 ± 2.44e-07,0.604688 ± 0.0163,1.20534 ± 0.0152
A7_cgal_spatial_sort,C2_occupancy_floor1,D3,E7,320.0,1061.83 ± 464,6.36565e-06 ± 3.15e-06,0.602812 ± 0.00705,1.50139 ± 0.139
A7_cgal_spatial_sort,C2_occupancy_floor1,D3,E7,480.0,796.922 ± 166,9.08919e-07 ± 2.24e-08,0.595104 ± 0.0109,1.37299 ± 0.112
A7_cgal_spatial_sort,C2_occupancy_floor1,D3,E8,320.0,7799.09 ± 1.21e+03,3.02907e-06 ± 2.11e-06,0.582187 ± 0.0184,3.25255 ± 0.275
A7_cgal_spatial_sort,C2_occupancy_floor1,D3,E8,480.0,9009.03 ± 1.12e+03,1.03321e-06 ± 1.19e-06,0.580104 ± 0.0123,3.2213 ± 0.19
A7_cgal_spatial_sort,C2_occupancy_floor1,D4,E0,320.0,38920.7 ± 9.53e+03,1.86863e-07 ± 2.08e-07,0.627188 ± 0.0242,1.53749 ± 0.236
A7_cgal_spatial_sort,C2_occupancy_floor1,D4,E0,480.0,44143.7 ± 8.02e+03,1.09629e-07 ± 1.44e-07,0.613021 ± 0.0166,1.2876 ± 0.033
A7_cgal_spatial_sort,C2_occupancy_floor1,D4,E1,320.0,1.01873e+06 ± 2.51e+05,2.69948e-06 ± 4.62e-06,0.630156 ± 0.045,3.85866 ± 0.674
A7_cgal_spatial_sort,C2_occupancy_floor1,D4,E1,480.0,1.3949e+06 ± 5.49e+05,1.77336e-06 ± 1.45e-06,0.601979 ± 0.0493,3.20208 ± 0.221
A7_cgal_spatial_sort,C2_occupancy_floor1,D4,E2,320.0,7.70089e+06 ± 2.12e+06,1.78747e-05 ± 3.06e-05,0.63875 ± 0.0588,7.40416 ± 0.707
A7_cgal_spatial_sort,C2_occupancy_floor1,D4,E2,480.0,1.0324e+07 ± 4.9e+06,1.13045e-05 ± 1.05e-05,0.609427 ± 0.0885,5.57357 ± 0.715
A7_cgal_spatial_sort,C2_occupancy_floor1,D4,E5,320.0,978.009 ± 14.5,3.38992e-09 ± 4.25e-09,0.664062 ± 0.0122,0.491264 ± 0.0323
A7_cgal_spatial_sort,C2_occupancy_floor1,D4,E5,480.0,1066.72 ± 7.2,6.88937e-10 ± 4.98e-10,0.650677 ± 0.0079,0.36841 ± 0.00542
A7_cgal_spatial_sort,C2_occupancy_floor1,D4,E6,320.0,2450.13 ± 241,5.88817e-09 ± 6.3e-09,0.647188 ± 0.02,0.684577 ± 0.0538
A7_cgal_spatial_sort,C2_occupancy_floor1,D4,E6,480.0,2273.66 ± 278,1.34626e-09 ± 1.11e-09,0.614063 ± 0.00694,0.532246 ± 0.00765
A7_cgal_spatial_sort,C2_occupancy_floor1,D4,E7,320.0,4064.19 ± 395,1.19486e-08 ± 1.84e-08,0.652266 ± 0.0152,0.776858 ± 0.0331
A7_cgal_spatial_sort,C2_occupancy_floor1,D4,E7,480.0,4071.59 ± 601,3.20215e-09 ± 2.09e-09,0.628385 ± 0.011,0.60659 ± 0.00657
A7_cgal_spatial_sort,C2_occupancy_floor1,D4,E8,320.0,40914 ± 8.46e+03,1.71918e-07 ± 1.86e-07,0.631563 ± 0.0194,1.48489 ± 0.145
A7_cgal_spatial_sort,C2_occupancy_floor1,D4,E8,480.0,49287.2 ± 1.11e+04,9.41505e-08 ± 1.22e-07,0.613021 ± 0.00447,1.23818 ± 0.0567
A7_cgal_spatial_sort,C3_frame_core_occupancy,D0,E0,256.0,30.1352 ± 9.47,1.18835e-05 ± 1.38e-05,0.653711 ± 0.0141,0.910465 ± 0.0167
A7_cgal_spatial_sort,C3_frame_core_occupancy,D0,E0,384.0,37.8479 ± 26.5,3.22115e-06 ± 4.22e-06,0.605859 ± 0.0141,0.865959 ± 0.0341
A7_cgal_spatial_sort,C3_frame_core_occupancy,D0,E1,256.0,1368.2 ± 877,7.14174e-05 ± 6.17e-05,0.632324 ± 0.056,1.88588 ± 0.445
A7_cgal_spatial_sort,C3_frame_core_occupancy,D0,E1,384.0,1327.14 ± 983,1.60707e-05 ± 1.58e-05,0.588607 ± 0.0593,1.74362 ± 0.341
A7_cgal_spatial_sort,C3_frame_core_occupancy,D0,E2,256.0,8790 ± 7.2e+03,9.69129e-05 ± 4.28e-05,0.637109 ± 0.0809,2.79767 ± 1.04
A7_cgal_spatial_sort,C3_frame_core_occupancy,D0,E2,384.0,10739.3 ± 8.38e+03,5.57644e-05 ± 8.72e-05,0.590234 ± 0.0814,2.58094 ± 0.886
A7_cgal_spatial_sort,C3_frame_core_occupancy,D0,E5,256.0,2.74495 ± 0.00457,5.73465e-07 ± 1.04e-07,0.726562 ± 0.00246,0.254388 ± 0.00162
A7_cgal_spatial_sort,C3_frame_core_occupancy,D0,E5,384.0,1.40581 ± 0.273,2.22033e-07 ± 1.14e-08,0.67207 ± 0.00592,0.228713 ± 0.00679
A7_cgal_spatial_sort,C3_frame_core_occupancy,D0,E6,256.0,8.92468 ± 4.12,2.5411e-06 ± 9.96e-08,0.693359 ± 0.00889,0.402041 ± 0.00915
A7_cgal_spatial_sort,C3_frame_core_occupancy,D0,E6,384.0,8.41492 ± 3.43,1.65155e-06 ± 2.82e-07,0.65306 ± 0.00474,0.366448 ± 0.00626
A7_cgal_spatial_sort,C3_frame_core_occupancy,D0,E7,256.0,16.674 ± 5.45,7.57182e-06 ± 3.74e-07,0.650195 ± 0.0099,0.494762 ± 0.00903
A7_cgal_spatial_sort,C3_frame_core_occupancy,D0,E7,384.0,9.55433 ± 2.6,1.11217e-06 ± 7e-08,0.6375 ± 0.0134,0.441179 ± 0.0221
A7_cgal_spatial_sort,C3_frame_core_occupancy,D0,E8,256.0,116.589 ± 87.7,4.23265e-06 ± 2.43e-06,0.627344 ± 0.0122,0.901505 ± 0.0604
A7_cgal_spatial_sort,C3_frame_core_occupancy,D0,E8,384.0,97.5765 ± 27.2,1.55286e-06 ± 2.03e-06,0.591797 ± 0.015,0.82744 ± 0.0201
A7_cgal_spatial_sort,C3_frame_core_occupancy,D1,E0,269.0,5323.45 ± 1.27e+03,6.92946e-06 ± 3.25e-06,0.639684 ± 0.0149,1.79211 ± 0.0902
A7_cgal_spatial_sort,C3_frame_core_occupancy,D1,E0,403.0,6023.01 ± 1.57e+03,2.75507e-06 ± 3.51e-06,0.595037 ± 0.0148,1.68597 ± 0.113
A7_cgal_spatial_sort,C3_frame_core_occupancy,D1,E1,269.0,165732 ± 6.18e+04,6.95636e-05 ± 7.07e-05,0.613011 ± 0.0522,4.56534 ± 0.784
A7_cgal_spatial_sort,C3_frame_core_occupancy,D1,E1,403.0,294875 ± 5.77e+04,1.64709e-05 ± 1.4e-05,0.574442 ± 0.0491,4.48793 ± 0.606
A7_cgal_spatial_sort,C3_frame_core_occupancy,D1,E2,269.0,1.32585e+06 ± 5.5e+05,0.000147917 ± 0.000155,0.605297 ± 0.085,7.90794 ± 1.18
A7_cgal_spatial_sort,C3_frame_core_occupancy,D1,E2,403.0,2.34633e+06 ± 5.14e+05,2.86858e-05 ± 1.84e-05,0.572829 ± 0.0798,8.20477 ± 1.09
A7_cgal_spatial_sort,C3_frame_core_occupancy,D1,E5,269.0,151.899 ± 51.4,1.11675e-06 ± 6.93e-07,0.713104 ± 0.00666,0.513813 ± 0.00842
A7_cgal_spatial_sort,C3_frame_core_occupancy,D1,E5,403.0,170.189 ± 47.3,2.62356e-07 ± 8.06e-08,0.663213 ± 0.00958,0.481853 ± 0.0171
A7_cgal_spatial_sort,C3_frame_core_occupancy,D1,E6,269.0,334.626 ± 94.6,2.44709e-06 ± 4.23e-08,0.677602 ± 0.00952,0.754622 ± 0.0304
A7_cgal_spatial_sort,C3_frame_core_occupancy,D1,E6,403.0,368.232 ± 98.8,1.52847e-06 ± 3.44e-07,0.645968 ± 0.00421,0.668199 ± 0.0275
A7_cgal_spatial_sort,C3_frame_core_occupancy,D1,E7,269.0,502.314 ± 88.7,6.35036e-06 ± 2.45e-06,0.637639 ± 0.00676,0.852606 ± 0.067
A7_cgal_spatial_sort,C3_frame_core_occupancy,D1,E7,403.0,680.889 ± 268,1.07586e-06 ± 5.15e-08,0.624318 ± 0.00804,0.794546 ± 0.0714
A7_cgal_spatial_sort,C3_frame_core_occupancy,D1,E8,269.0,5369.36 ± 1.23e+03,3.59608e-06 ± 2.52e-06,0.61803 ± 0.0199,1.78662 ± 0.126
A7_cgal_spatial_sort,C3_frame_core_occupancy,D1,E8,403.0,11630.4 ± 1.46e+04,5.70024e-07 ± 6.45e-07,0.581824 ± 0.0144,1.72311 ± 0.172
A7_cgal_spatial_sort,C3_frame_core_occupancy,D2,E0,294.0,6725.85 ± 2.52e+03,7.92972e-06 ± 6.38e-06,0.618537 ± 0.01,2.73093 ± 0.0783
A7_cgal_spatial_sort,C3_frame_core_occupancy,D2,E0,442.0,7369.27 ± 2.38e+03,2.35294e-06 ± 2.91e-06,0.586991 ± 0.0228,2.63443 ± 0.172
A7_cgal_spatial_sort,C3_frame_core_occupancy,D2,E1,294.0,282893 ± 5.23e+04,3.63639e-05 ± 2.31e-05,0.582313 ± 0.0522,7.38664 ± 0.991
A7_cgal_spatial_sort,C3_frame_core_occupancy,D2,E1,442.0,309485 ± 6.71e+04,1.53455e-05 ± 1.22e-05,0.561143 ± 0.0641,7.53595 ± 1.09
A7_cgal_spatial_sort,C3_frame_core_occupancy,D2,E2,294.0,2.16793e+06 ± 1.19e+06,9.27499e-05 ± 9.15e-05,0.582823 ± 0.0768,13.4299 ± 1.69
A7_cgal_spatial_sort,C3_frame_core_occupancy,D2,E2,442.0,2.48996e+06 ± 4.37e+05,3.90595e-05 ± 5.09e-05,0.555882 ± 0.0923,13.7207 ± 2.54
A7_cgal_spatial_sort,C3_frame_core_occupancy,D2,E5,294.0,207.787 ± 81.9,1.39443e-06 ± 3.1e-08,0.682398 ± 0.00745,0.805653 ± 0.0362
A7_cgal_spatial_sort,C3_frame_core_occupancy,D2,E5,442.0,212.523 ± 56.2,2.05952e-07 ± 6.93e-08,0.633484 ± 0.00982,0.749449 ± 0.0263
A7_cgal_spatial_sort,C3_frame_core_occupancy,D2,E6,294.0,802.616 ± 316,2.32136e-06 ± 3.15e-07,0.64915 ± 0.013,1.07042 ± 0.0242
A7_cgal_spatial_sort,C3_frame_core_occupancy,D2,E6,442.0,441.212 ± 28.7,1.34876e-06 ± 3.21e-07,0.619287 ± 0.0111,1.01176 ± 0.0267
A7_cgal_spatial_sort,C3_frame_core_occupancy,D2,E7,294.0,798.984 ± 266,6.89122e-06 ± 3.35e-06,0.618878 ± 0.0112,1.28783 ± 0.137
A7_cgal_spatial_sort,C3_frame_core_occupancy,D2,E7,442.0,855.95 ± 236,9.76594e-07 ± 4.82e-08,0.600905 ± 0.0147,1.14892 ± 0.122
A7_cgal_spatial_sort,C3_frame_core_occupancy,D2,E8,294.0,9437.97 ± 2.52e+03,3.23396e-06 ± 2.28e-06,0.598299 ± 0.02,2.70576 ± 0.242
A7_cgal_spatial_sort,C3_frame_core_occupancy,D2,E8,442.0,10082.7 ± 1.77e+03,4.6385e-07 ± 4.89e-07,0.577715 ± 0.0127,2.62774 ± 0.339
A7_cgal_spatial_sort,C3_frame_core_occupancy,D3,E0,320.0,7991.25 ± 2.62e+03,7.65258e-06 ± 6.17e-06,0.60375 ± 0.0142,3.28056 ± 0.207
A7_cgal_spatial_sort,C3_frame_core_occupancy,D3,E0,480.0,11450.4 ± 3.81e+03,1.67136e-06 ± 2.26e-06,0.581146 ± 0.0201,3.24408 ± 0.106
A7_cgal_spatial_sort,C3_frame_core_occupancy,D3,E1,320.0,316126 ± 2.12e+05,3.27818e-05 ± 2.58e-05,0.573906 ± 0.0532,8.75472 ± 0.827
A7_cgal_spatial_sort,C3_frame_core_occupancy,D3,E1,480.0,306507 ± 5.41e+04,1.28744e-05 ± 1.19e-05,0.56276 ± 0.0591,9.10545 ± 0.782
A7_cgal_spatial_sort,C3_frame_core_occupancy,D3,E2,320.0,2.56187e+06 ± 1.92e+06,7.43035e-05 ± 5.78e-05,0.570937 ± 0.0732,16.0387 ± 1.76
A7_cgal_spatial_sort,C3_frame_core_occupancy,D3,E2,480.0,2.83267e+06 ± 7.22e+05,2.41192e-05 ± 1.65e-05,0.54625 ± 0.086,16.8374 ± 1.47
A7_cgal_spatial_sort,C3_frame_core_occupancy,D3,E5,320.0,259.544 ± 140,1.28762e-06 ± 2.33e-08,0.659687 ± 0.0124,0.930633 ± 0.0675
A7_cgal_spatial_sort,C3_frame_core_occupancy,D3,E5,480.0,245.374 ± 58,1.53556e-07 ± 7.97e-08,0.613385 ± 0.00417,0.93506 ± 0.051
A7_cgal_spatial_sort,C3_frame_core_occupancy,D3,E6,320.0,573.33 ± 163,2.14605e-06 ± 2.65e-07,0.627031 ± 0.0121,1.25732 ± 0.0369
A7_cgal_spatial_sort,C3_frame_core_occupancy,D3,E6,480.0,607.368 ± 232,1.31702e-06 ± 2.44e-07,0.604688 ± 0.0163,1.20534 ± 0.0152
A7_cgal_spatial_sort,C3_frame_core_occupancy,D3,E7,320.0,1061.83 ± 464,6.36565e-06 ± 3.15e-06,0.602812 ± 0.00705,1.50139 ± 0.139
A7_cgal_spatial_sort,C3_frame_core_occupancy,D3,E7,480.0,796.922 ± 166,9.08919e-07 ± 2.24e-08,0.595104 ± 0.0109,1.37299 ± 0.112
A7_cgal_spatial_sort,C3_frame_core_occupancy,D3,E8,320.0,7799.09 ± 1.21e+03,3.02907e-06 ± 2.11e-06,0.582187 ± 0.0184,3.25255 ± 0.275
A7_cgal_spatial_sort,C3_frame_core_occupancy,D3,E8,480.0,9009.03 ± 1.12e+03,1.03321e-06 ± 1.19e-06,0.580104 ± 0.0123,3.2213 ± 0.19
A7_cgal_spatial_sort,C3_frame_core_occupancy,D4,E0,320.0,38920.7 ± 9.53e+03,1.86863e-07 ± 2.08e-07,0.627188 ± 0.0242,1.53749 ± 0.236
A7_cgal_spatial_sort,C3_frame_core_occupancy,D4,E0,480.0,44143.7 ± 8.02e+03,1.09629e-07 ± 1.44e-07,0.613021 ± 0.0166,1.2876 ± 0.033
A7_cgal_spatial_sort,C3_frame_core_occupancy,D4,E1,320.0,1.01873e+06 ± 2.51e+05,2.69948e-06 ± 4.62e-06,0.630156 ± 0.045,3.85866 ± 0.674
A7_cgal_spatial_sort,C3_frame_core_occupancy,D4,E1,480.0,1.3949e+06 ± 5.49e+05,1.77336e-06 ± 1.45e-06,0.601979 ± 0.0493,3.20208 ± 0.221
A7_cgal_spatial_sort,C3_frame_core_occupancy,D4,E2,320.0,7.70089e+06 ± 2.12e+06,1.78747e-05 ± 3.06e-05,0.63875 ± 0.0588,7.40416 ± 0.707
A7_cgal_spatial_sort,C3_frame_core_occupancy,D4,E2,480.0,1.0324e+07 ± 4.9e+06,1.13045e-05 ± 1.05e-05,0.609427 ± 0.0885,5.57357 ± 0.715
A7_cgal_spatial_sort,C3_frame_core_occupancy,D4,E5,320.0,978.009 ± 14.5,3.38992e-09 ± 4.25e-09,0.664062 ± 0.0122,0.491264 ± 0.0323
A7_cgal_spatial_sort,C3_frame_core_occupancy,D4,E5,480.0,1066.72 ± 7.2,6.88937e-10 ± 4.98e-10,0.650677 ± 0.0079,0.36841 ± 0.00542
A7_cgal_spatial_sort,C3_frame_core_occupancy,D4,E6,320.0,2450.13 ± 241,5.88817e-09 ± 6.3e-09,0.647188 ± 0.02,0.684577 ± 0.0538
A7_cgal_spatial_sort,C3_frame_core_occupancy,D4,E6,480.0,2273.66 ± 278,1.34626e-09 ± 1.11e-09,0.614063 ± 0.00694,0.532246 ± 0.00765
A7_cgal_spatial_sort,C3_frame_core_occupancy,D4,E7,320.0,4064.19 ± 395,1.19486e-08 ± 1.84e-08,0.652266 ± 0.0152,0.776858 ± 0.0331
A7_cgal_spatial_sort,C3_frame_core_occupancy,D4,E7,480.0,4071.59 ± 601,3.20215e-09 ± 2.09e-09,0.628385 ± 0.011,0.60659 ± 0.00657
A7_cgal_spatial_sort,C3_frame_core_occupancy,D4,E8,320.0,40914 ± 8.46e+03,1.71918e-07 ± 1.86e-07,0.631563 ± 0.0194,1.48489 ± 0.145
A7_cgal_spatial_sort,C3_frame_core_occupancy,D4,E8,480.0,49287.2 ± 1.11e+04,9.41505e-08 ± 1.22e-07,0.613021 ± 0.00447,1.23818 ± 0.0567
A7_cgal_spatial_sort,C4_hybrid,D0,E0,256.0,30.1352 ± 9.47,1.18835e-05 ± 1.38e-05,0.653711 ± 0.0141,0.910465 ± 0.0167
A7_cgal_spatial_sort,C4_hybrid,D0,E0,384.0,37.8479 ± 26.5,3.22115e-06 ± 4.22e-06,0.605859 ± 0.0141,0.865959 ± 0.0341
A7_cgal_spatial_sort,C4_hybrid,D0,E1,256.0,1368.2 ± 877,7.14174e-05 ± 6.17e-05,0.632324 ± 0.056,1.88588 ± 0.445
A7_cgal_spatial_sort,C4_hybrid,D0,E1,384.0,1327.14 ± 983,1.60707e-05 ± 1.58e-05,0.588607 ± 0.0593,1.74362 ± 0.341
A7_cgal_spatial_sort,C4_hybrid,D0,E2,256.0,8790 ± 7.2e+03,9.69129e-05 ± 4.28e-05,0.637109 ± 0.0809,2.79767 ± 1.04
A7_cgal_spatial_sort,C4_hybrid,D0,E2,384.0,10739.3 ± 8.38e+03,5.57644e-05 ± 8.72e-05,0.590234 ± 0.0814,2.58094 ± 0.886
A7_cgal_spatial_sort,C4_hybrid,D0,E5,256.0,2.74495 ± 0.00457,5.73465e-07 ± 1.04e-07,0.726562 ± 0.00246,0.254388 ± 0.00162
A7_cgal_spatial_sort,C4_hybrid,D0,E5,384.0,1.40581 ± 0.273,2.22033e-07 ± 1.14e-08,0.67207 ± 0.00592,0.228713 ± 0.00679
A7_cgal_spatial_sort,C4_hybrid,D0,E6,256.0,8.92468 ± 4.12,2.5411e-06 ± 9.96e-08,0.693359 ± 0.00889,0.402041 ± 0.00915
A7_cgal_spatial_sort,C4_hybrid,D0,E6,384.0,8.41492 ± 3.43,1.65155e-06 ± 2.82e-07,0.65306 ± 0.00474,0.366448 ± 0.00626
A7_cgal_spatial_sort,C4_hybrid,D0,E7,256.0,16.674 ± 5.45,7.57182e-06 ± 3.74e-07,0.650195 ± 0.0099,0.494762 ± 0.00903
A7_cgal_spatial_sort,C4_hybrid,D0,E7,384.0,9.55433 ± 2.6,1.11217e-06 ± 7e-08,0.6375 ± 0.0134,0.441179 ± 0.0221
A7_cgal_spatial_sort,C4_hybrid,D0,E8,256.0,116.589 ± 87.7,4.23265e-06 ± 2.43e-06,0.627344 ± 0.0122,0.901505 ± 0.0604
A7_cgal_spatial_sort,C4_hybrid,D0,E8,384.0,97.5765 ± 27.2,1.55286e-06 ± 2.03e-06,0.591797 ± 0.015,0.82744 ± 0.0201
A7_cgal_spatial_sort,C4_hybrid,D1,E0,269.0,5323.45 ± 1.27e+03,6.92946e-06 ± 3.25e-06,0.639684 ± 0.0149,1.79211 ± 0.0902
A7_cgal_spatial_sort,C4_hybrid,D1,E0,403.0,6023.01 ± 1.57e+03,2.75507e-06 ± 3.51e-06,0.595037 ± 0.0148,1.68597 ± 0.113
A7_cgal_spatial_sort,C4_hybrid,D1,E1,269.0,165732 ± 6.18e+04,6.95636e-05 ± 7.07e-05,0.613011 ± 0.0522,4.56534 ± 0.784
A7_cgal_spatial_sort,C4_hybrid,D1,E1,403.0,294875 ± 5.77e+04,1.64709e-05 ± 1.4e-05,0.574442 ± 0.0491,4.48793 ± 0.606
A7_cgal_spatial_sort,C4_hybrid,D1,E2,269.0,1.32585e+06 ± 5.5e+05,0.000147917 ± 0.000155,0.605297 ± 0.085,7.90794 ± 1.18
A7_cgal_spatial_sort,C4_hybrid,D1,E2,403.0,2.34633e+06 ± 5.14e+05,2.86858e-05 ± 1.84e-05,0.572829 ± 0.0798,8.20477 ± 1.09
A7_cgal_spatial_sort,C4_hybrid,D1,E5,269.0,151.899 ± 51.4,1.11675e-06 ± 6.93e-07,0.713104 ± 0.00666,0.513813 ± 0.00842
A7_cgal_spatial_sort,C4_hybrid,D1,E5,403.0,170.189 ± 47.3,2.62356e-07 ± 8.06e-08,0.663213 ± 0.00958,0.481853 ± 0.0171
A7_cgal_spatial_sort,C4_hybrid,D1,E6,269.0,334.626 ± 94.6,2.44709e-06 ± 4.23e-08,0.677602 ± 0.00952,0.754622 ± 0.0304
A7_cgal_spatial_sort,C4_hybrid,D1,E6,403.0,368.232 ± 98.8,1.52847e-06 ± 3.44e-07,0.645968 ± 0.00421,0.668199 ± 0.0275
A7_cgal_spatial_sort,C4_hybrid,D1,E7,269.0,502.314 ± 88.7,6.35036e-06 ± 2.45e-06,0.637639 ± 0.00676,0.852606 ± 0.067
A7_cgal_spatial_sort,C4_hybrid,D1,E7,403.0,680.889 ± 268,1.07586e-06 ± 5.15e-08,0.624318 ± 0.00804,0.794546 ± 0.0714
A7_cgal_spatial_sort,C4_hybrid,D1,E8,269.0,5369.36 ± 1.23e+03,3.59608e-06 ± 2.52e-06,0.61803 ± 0.0199,1.78662 ± 0.126
A7_cgal_spatial_sort,C4_hybrid,D1,E8,403.0,11630.4 ± 1.46e+04,5.70024e-07 ± 6.45e-07,0.581824 ± 0.0144,1.72311 ± 0.172
A7_cgal_spatial_sort,C4_hybrid,D2,E0,294.0,6725.85 ± 2.52e+03,7.92972e-06 ± 6.38e-06,0.618537 ± 0.01,2.73093 ± 0.0783
A7_cgal_spatial_sort,C4_hybrid,D2,E0,442.0,7369.27 ± 2.38e+03,2.35294e-06 ± 2.91e-06,0.586991 ± 0.0228,2.63443 ± 0.172
A7_cgal_spatial_sort,C4_hybrid,D2,E1,294.0,282893 ± 5.23e+04,3.63639e-05 ± 2.31e-05,0.582313 ± 0.0522,7.38664 ± 0.991
A7_cgal_spatial_sort,C4_hybrid,D2,E1,442.0,309485 ± 6.71e+04,1.53455e-05 ± 1.22e-05,0.561143 ± 0.0641,7.53595 ± 1.09
A7_cgal_spatial_sort,C4_hybrid,D2,E2,294.0,2.16793e+06 ± 1.19e+06,9.27499e-05 ± 9.15e-05,0.582823 ± 0.0768,13.4299 ± 1.69
A7_cgal_spatial_sort,C4_hybrid,D2,E2,442.0,2.48996e+06 ± 4.37e+05,3.90595e-05 ± 5.09e-05,0.555882 ± 0.0923,13.7207 ± 2.54
A7_cgal_spatial_sort,C4_hybrid,D2,E5,294.0,207.787 ± 81.9,1.39443e-06 ± 3.1e-08,0.682398 ± 0.00745,0.805653 ± 0.0362
A7_cgal_spatial_sort,C4_hybrid,D2,E5,442.0,212.523 ± 56.2,2.05952e-07 ± 6.93e-08,0.633484 ± 0.00982,0.749449 ± 0.0263
A7_cgal_spatial_sort,C4_hybrid,D2,E6,294.0,802.616 ± 316,2.32136e-06 ± 3.15e-07,0.64915 ± 0.013,1.07042 ± 0.0242
A7_cgal_spatial_sort,C4_hybrid,D2,E6,442.0,441.212 ± 28.7,1.34876e-06 ± 3.21e-07,0.619287 ± 0.0111,1.01176 ± 0.0267
A7_cgal_spatial_sort,C4_hybrid,D2,E7,294.0,798.984 ± 266,6.89122e-06 ± 3.35e-06,0.618878 ± 0.0112,1.28783 ± 0.137
A7_cgal_spatial_sort,C4_hybrid,D2,E7,442.0,855.95 ± 236,9.76594e-07 ± 4.82e-08,0.600905 ± 0.0147,1.14892 ± 0.122
A7_cgal_spatial_sort,C4_hybrid,D2,E8,294.0,9437.97 ± 2.52e+03,3.23396e-06 ± 2.28e-06,0.598299 ± 0.02,2.70576 ± 0.242
A7_cgal_spatial_sort,C4_hybrid,D2,E8,442.0,10082.7 ± 1.77e+03,4.6385e-07 ± 4.89e-07,0.577715 ± 0.0127,2.62774 ± 0.339
A7_cgal_spatial_sort,C4_hybrid,D3,E0,320.0,7991.25 ± 2.62e+03,7.65258e-06 ± 6.17e-06,0.60375 ± 0.0142,3.28056 ± 0.207
A7_cgal_spatial_sort,C4_hybrid,D3,E0,480.0,11450.4 ± 3.81e+03,1.67136e-06 ± 2.26e-06,0.581146 ± 0.0201,3.24408 ± 0.106
A7_cgal_spatial_sort,C4_hybrid,D3,E1,320.0,316126 ± 2.12e+05,3.27818e-05 ± 2.58e-05,0.573906 ± 0.0532,8.75472 ± 0.827
A7_cgal_spatial_sort,C4_hybrid,D3,E1,480.0,306507 ± 5.41e+04,1.28744e-05 ± 1.19e-05,0.56276 ± 0.0591,9.10545 ± 0.782
A7_cgal_spatial_sort,C4_hybrid,D3,E2,320.0,2.56187e+06 ± 1.92e+06,7.43035e-05 ± 5.78e-05,0.570937 ± 0.0732,16.0387 ± 1.76
A7_cgal_spatial_sort,C4_hybrid,D3,E2,480.0,2.83267e+06 ± 7.22e+05,2.41192e-05 ± 1.65e-05,0.54625 ± 0.086,16.8374 ± 1.47
A7_cgal_spatial_sort,C4_hybrid,D3,E5,320.0,259.544 ± 140,1.28762e-06 ± 2.33e-08,0.659687 ± 0.0124,0.930633 ± 0.0675
A7_cgal_spatial_sort,C4_hybrid,D3,E5,480.0,245.374 ± 58,1.53556e-07 ± 7.97e-08,0.613385 ± 0.00417,0.93506 ± 0.051
A7_cgal_spatial_sort,C4_hybrid,D3,E6,320.0,573.33 ± 163,2.14605e-06 ± 2.65e-07,0.627031 ± 0.0121,1.25732 ± 0.0369
A7_cgal_spatial_sort,C4_hybrid,D3,E6,480.0,607.368 ± 232,1.31702e-06 ± 2.44e-07,0.604688 ± 0.0163,1.20534 ± 0.0152
A7_cgal_spatial_sort,C4_hybrid,D3,E7,320.0,1061.83 ± 464,6.36565e-06 ± 3.15e-06,0.602812 ± 0.00705,1.50139 ± 0.139
A7_cgal_spatial_sort,C4_hybrid,D3,E7,480.0,796.922 ± 166,9.08919e-07 ± 2.24e-08,0.595104 ± 0.0109,1.37299 ± 0.112
A7_cgal_spatial_sort,C4_hybrid,D3,E8,320.0,7799.09 ± 1.21e+03,3.02907e-06 ± 2.11e-06,0.582187 ± 0.0184,3.25255 ± 0.275
A7_cgal_spatial_sort,C4_hybrid,D3,E8,480.0,9009.03 ± 1.12e+03,1.03321e-06 ± 1.19e-06,0.580104 ± 0.0123,3.2213 ± 0.19
A7_cgal_spatial_sort,C4_hybrid,D4,E0,320.0,38920.7 ± 9.53e+03,1.86863e-07 ± 2.08e-07,0.627188 ± 0.0242,1.53749 ± 0.236
A7_cgal_spatial_sort,C4_hybrid,D4,E0,480.0,44143.7 ± 8.02e+03,1.09629e-07 ± 1.44e-07,0.613021 ± 0.0166,1.2876 ± 0.033
A7_cgal_spatial_sort,C4_hybrid,D4,E1,320.0,1.01873e+06 ± 2.51e+05,2.69948e-06 ± 4.62e-06,0.630156 ± 0.045,3.85866 ± 0.674
A7_cgal_spatial_sort,C4_hybrid,D4,E1,480.0,1.3949e+06 ± 5.49e+05,1.77336e-06 ± 1.45e-06,0.601979 ± 0.0493,3.20208 ± 0.221
A7_cgal_spatial_sort,C4_hybrid,D4,E2,320.0,7.70089e+06 ± 2.12e+06,1.78747e-05 ± 3.06e-05,0.63875 ± 0.0588,7.40416 ± 0.707
A7_cgal_spatial_sort,C4_hybrid,D4,E2,480.0,1.0324e+07 ± 4.9e+06,1.13045e-05 ± 1.05e-05,0.609427 ± 0.0885,5.57357 ± 0.715
A7_cgal_spatial_sort,C4_hybrid,D4,E5,320.0,978.009 ± 14.5,3.38992e-09 ± 4.25e-09,0.664062 ± 0.0122,0.491264 ± 0.0323
A7_cgal_spatial_sort,C4_hybrid,D4,E5,480.0,1066.72 ± 7.2,6.88937e-10 ± 4.98e-10,0.650677 ± 0.0079,0.36841 ± 0.00542
A7_cgal_spatial_sort,C4_hybrid,D4,E6,320.0,2450.13 ± 241,5.88817e-09 ± 6.3e-09,0.647188 ± 0.02,0.684577 ± 0.0538
A7_cgal_spatial_sort,C4_hybrid,D4,E6,480.0,2273.66 ± 278,1.34626e-09 ± 1.11e-09,0.614063 ± 0.00694,0.532246 ± 0.00765
A7_cgal_spatial_sort,C4_hybrid,D4,E7,320.0,4064.19 ± 395,1.19486e-08 ± 1.84e-08,0.652266 ± 0.0152,0.776858 ± 0.0331
A7_cgal_spatial_sort,C4_hybrid,D4,E7,480.0,4071.59 ± 601,3.20215e-09 ± 2.09e-09,0.628385 ± 0.011,0.60659 ± 0.00657
A7_cgal_spatial_sort,C4_hybrid,D4,E8,320.0,40914 ± 8.46e+03,1.71918e-07 ± 1.86e-07,0.631563 ± 0.0194,1.48489 ± 0.145
A7_cgal_spatial_sort,C4_hybrid,D4,E8,480.0,49287.2 ± 1.11e+04,9.41505e-08 ± 1.22e-07,0.613021 ± 0.00447,1.23818 ± 0.0567
