dataset_id,geometry_id,algorithm_id,bit_rule,contamination_id,seed,point_count,bits_axis,miad,normalized_miad,m1_l1_locality,m1_l1_status,m1_l1_sampled,m1_l1_sampled_status,m1_l2_locality,m1_l2_status,m1_l2_sampled,m1_l2_sampled_status,recall_8_64,recall_8_64_status,recall_8_64_sampled,recall_8_64_sampled_status,kendall_tau_clean,frame_angle_rad,peak_rss_kb,cache_miss_rate,block_read_p95,perf_status,sort_seconds,robust_fallback_used
stanford_armadillo,E4,A0_input,C0_uniform,D0,0,172974,0 0 0,56.6208647,0.247464787,5629080.4,exact,5629080.4,exact,5.67638341e-16,exact,5.67638341e-16,exact,0.254407454,exact,0.254407454,exact,1,,502832,0.038904,163.927021,ok,0.131743,False
stanford_armadillo,E4,A0_input,C0_uniform,D0,1,172974,0 0 0,56.6208647,0.247464787,5629080.4,exact,5629080.4,exact,5.67638341e-16,exact,5.67638341e-16,exact,0.254407454,exact,0.254407454,exact,1,,643760,0.0307863,163.927021,ok,0.130311,False
stanford_armadillo,E4,A0_input,C0_uniform,D0,2,172974,0 0 0,56.6208647,0.247464787,5629080.4,exact,5629080.4,exact,5.67638341e-16,exact,5.67638341e-16,exact,0.254407454,exact,0.254407454,exact,1,,715460,0.0377714,163.927021,ok,0.129981,False
stanford_armadillo,E4,A0_input,C0_uniform,D0,3,172974,0 0 0,56.6208647,0.247464787,5629080.4,exact,5629080.4,exact,5.67638341e-16,exact,5.67638341e-16,exact,0.254407454,exact,0.254407454,exact,1,,791668,0.0381215,163.927021,ok,0.130747,False
stanford_armadillo,E4,A0_input,C0_uniform,D0,4,172974,0 0 0,56.6208647,0.247464787,5629080.4,exact,5629080.4,exact,5.67638341e-16,exact,5.67638341e-16,exact,0.254407454,exact,0.254407454,exact,1,,864372,0.038001,163.927021,ok,0.131495,False
stanford_armadillo,E4,A1_lexicographic,C0_uniform,D0,0,172974,0 0 0,25.7274596,0.112443361,3952409.2,exact,3952409.2,exact,1.99717364e-13,exact,1.99717364e-13,exact,0.179716316,exact,0.179716316,exact,1,,944440,0.0510533,142.2727,ok,0.155787,False
stanford_armadillo,E4,A1_lexicographic,C0_uniform,D0,1,172974,0 0 0,25.7274596,0.112443361,3952409.2,exact,3952409.2,exact,1.99717364e-13,exact,1.99717364e-13,exact,0.179716316,exact,0.179716316,exact,1,,947256,0.0497184,142.2727,ok,0.152289,False
stanford_armadillo,E4,A1_lexicographic,C0_uniform,D0,2,172974,0 0 0,25.7274596,0.112443361,3952409.2,exact,3952409.2,exact,1.99717364e-13,exact,1.99717364e-13,exact,0.179716316,exact,0.179716316,exact,1,,952656,0.0476335,142.2727,ok,0.153952,False
stanford_armadillo,E4,A1_lexicographic,C0_uniform,D0,3,172974,0 0 0,25.7274596,0.112443361,3952409.2,exact,3952409.2,exact,1.99717364e-13,exact,1.99717364e-13,exact,0.179716316,exact,0.179716316,exact,1,,957952,0.0513915,142.2727,ok,0.151673,False
stanford_armadillo,E4,A1_lexicographic,C0_uniform,D0,4,172974,0 0 0,25.7274596,0.112443361,3952409.2,exact,3952409.2,exact,1.99717364e-13,exact,1.99717364e-13,exact,0.179716316,exact,0.179716316,exact,1,,963512,0.0475258,142.2727,ok,0.154323,False
stanford_armadillo,E4,A2_morton,C0_uniform,D0,0,172974,10 10 10,0.832551974,0.00363871689,4608608.36,exact,4608608.36,exact,6.98291658e-11,exact,6.98291658e-11,exact,0.782331449,exact,0.782331449,exact,1,,968980,0.0488932,13.5323873,ok,0.200376,False
stanford_armadillo,E4,A2_morton,C0_uniform,D0,1,172974,10 10 10,0.832551974,0.00363871689,4608608.36,exact,4608608.36,exact,6.98291658e-11,exact,6.98291658e-11,exact,0.782331449,exact,0.782331449,exact,1,,981528,0.050618,13.5323873,ok,0.199871,False
stanford_armadillo,E4,A2_morton,C0_uniform,D0,2,172974,10 10 10,0.832551974,0.00363871689,4608608.36,exact,4608608.36,exact,6.98291658e-11,exact,6.98291658e-11,exact,0.782331449,exact,0.782331449,exact,1,,987116,0.0490192,13.5323873,ok,0.199898,False
stanford_armadillo,E4,A2_morton,C0_uniform,D0,3,172974,10 10 10,0.832551974,0.00363871689,4608608.36,exact,4608608.36,exact,6.98291658e-11,exact,6.98291658e-11,exact,0.782331449,exact,0.782331449,exact,1,,992396,0.039809,13.5323873,ok,0.201329,False
stanford_armadillo,E4,A2_morton,C0_uniform,D0,4,172974,10 10 10,0.832551974,0.00363871689,4608608.36,exact,4608608.36,exact,6.98291658e-11,exact,6.98291658e-11,exact,0.782331449,exact,0.782331449,exact,1,,997976,0.0469841,13.5323873,ok,0.200388,False
stanford_armadillo,E4,A2_morton,C1_monotone_half,D0,0,172974,4 10 1,6.25875693,0.0273542617,2122858,exact,2122858,exact,6.98291658e-11,exact,6.98291658e-11,exact,0.27301502,exact,0.27301502,exact,1,,1003532,0.0399387,69.8874878,ok,0.201332,False
stanford_armadillo,E4,A2_morton,C1_monotone_half,D0,1,172974,4 10 1,6.25875693,0.0273542617,2122858,exact,2122858,exact,6.98291658e-11,exact,6.98291658e-11,exact,0.27301502,exact,0.27301502,exact,1,,1009276,0.0466835,69.8874878,ok,0.193714,False
stanford_armadillo,E4,A2_morton,C1_monotone_half,D0,2,172974,4 10 1,6.25875693,0.0273542617,2122858,exact,2122858,exact,6.98291658e-11,exact,6.98291658e-11,exact,0.27301502,exact,0.27301502,exact,1,,1014872,0.0488553,69.8874878,ok,0.201548,False
stanford_armadillo,E4,A2_morton,C1_monotone_half,D0,3,172974,4 10 1,6.25875693,0.0273542617,2122858,exact,2122858,exact,6.98291658e-11,exact,6.98291658e-11,exact,0.27301502,exact,0.27301502,exact,1,,1020392,0.045984,69.8874878,ok,0.200097,False
stanford_armadillo,E4,A2_morton,C1_monotone_half,D0,4,172974,4 10 1,6.25875693,0.0273542617,2122858,exact,2122858,exact,6.98291658e-11,exact,6.98291658e-11,exact,0.27301502,exact,0.27301502,exact,1,,1025824,0.0457877,69.8874878,ok,0.201725,False
stanford_armadillo,E4,A2_morton,C2_occupancy_floor1,D0,0,172974,6 7 6,0.857450047,0.00374753537,1967472.92,exact,1967472.92,exact,6.98291658e-11,exact,6.98291658e-11,exact,0.777128355,exact,0.777128355,exact,1,,1030892,0.0454647,14.0878946,ok,0.20334,False
stanford_armadillo,E4,A2_morton,C2_occupancy_floor1,D0,1,172974,6 7 6,0.857450047,0.00374753537,1967472.92,exact,1967472.92,exact,6.98291658e-11,exact,6.98291658e-11,exact,0.777128355,exact,0.777128355,exact,1,,1036612,0.0452887,14.0878946,ok,0.19976,False
stanford_armadillo,E4,A2_morton,C2_occupancy_floor1,D0,2,172974,6 7 6,0.857450047,0.00374753537,1967472.92,exact,1967472.92,exact,6.98291658e-11,exact,6.98291658e-11,exact,0.777128355,exact,0.777128355,exact,1,,1041900,0.0449832,14.0878946,ok,0.203491,False
stanford_armadillo,E4,A2_morton,C2_occupancy_floor1,D0,3,172974,6 7 6,0.857450047,0.00374753537,1967472.92,exact,1967472.92,exact,6.98291658e-11,exact,6.98291658e-11,exact,0.777128355,exact,0.777128355,exact,1,,1048548,0.044242,14.0878946,ok,0.199127,False
stanford_armadillo,E4,A2_morton,C2_occupancy_floor1,D0,4,172974,6 7 6,0.857450047,0.00374753537,1967472.92,exact,1967472.92,exact,6.98291658e-11,exact,6.98291658e-11,exact,0.777128355,exact,0.777128355,exact,1,,1061480,0.0434539,14.0878946,ok,0.201307,False
stanford_armadillo,E4,A2_morton,C3_frame_core_occupancy,D0,0,172974,6 7 6,0.857450047,0.00374753537,1967472.92,exact,1967472.92,exact,6.98291658e-11,exact,6.98291658e-11,exact,0.777128355,exact,0.777128355,exact,1,,1068044,0.0462009,14.0878946,ok,0.200979,False
stanford_armadillo,E4,A2_morton,C3_frame_core_occupancy,D0,1,172974,6 7 6,0.857450047,0.00374753537,1967472.92,exact,1967472.92,exact,6.98291658e-11,exact,6.98291658e-11,exact,0.777128355,exact,0.777128355,exact,1,,1075116,0.0506221,14.0878946,ok,0.202597,False
stanford_armadillo,E4,A2_morton,C3_frame_core_occupancy,D0,2,172974,6 7 6,0.857450047,0.00374753537,1967472.92,exact,1967472.92,exact,6.98291658e-11,exact,6.98291658e-11,exact,0.777128355,exact,0.777128355,exact,1,,1081980,0.0475478,14.0878946,ok,0.199779,False
stanford_armadillo,E4,A2_morton,C3_frame_core_occupancy,D0,3,172974,6 7 6,0.857450047,0.00374753537,1967472.92,exact,1967472.92,exact,6.98291658e-11,exact,6.98291658e-11,exact,0.777128355,exact,0.777128355,exact,1,,1088892,0.047755,14.0878946,ok,0.200426,False
stanford_armadillo,E4,A2_morton,C3_frame_core_occupancy,D0,4,172974,6 7 6,0.857450047,0.00374753537,1967472.92,exact,1967472.92,exact,6.98291658e-11,exact,6.98291658e-11,exact,0.777128355,exact,0.777128355,exact,1,,1095688,0.0390904,14.0878946,ok,0.200216,False
stanford_armadillo,E4,A2_morton,C4_hybrid,D0,0,172974,6 7 6,0.857450047,0.00374753537,1967472.92,exact,1967472.92,exact,6.98291658e-11,exact,6.98291658e-11,exact,0.777128355,exact,0.777128355,exact,1,,1102532,0.0433257,14.0878946,ok,0.19975,False
stanford_armadillo,E4,A2_morton,C4_hybrid,D0,1,172974,6 7 6,0.857450047,0.00374753537,1967472.92,exact,1967472.92,exact,6.98291658e-11,exact,6.98291658e-11,exact,0.777128355,exact,0.777128355,exact,1,,1109464,0.0482272,14.0878946,ok,0.203254,False
stanford_armadillo,E4,A2_morton,C4_hybrid,D0,2,172974,6 7 6,0.857450047,0.00374753537,1967472.92,exact,1967472.92,exact,6.98291658e-11,exact,6.98291658e-11,exact,0.777128355,exact,0.777128355,exact,1,,1116360,0.0469972,14.0878946,ok,0.198907,False
stanford_armadillo,E4,A2_morton,C4_hybrid,D0,3,172974,6 7 6,0.857450047,0.00374753537,1967472.92,exact,1967472.92,exact,6.98291658e-11,exact,6.98291658e-11,exact,0.777128355,exact,0.777128355,exact,1,,1123212,0.0427466,14.0878946,ok,0.200764,False
stanford_armadillo,E4,A2_morton,C4_hybrid,D0,4,172974,6 7 6,0.857450047,0.00374753537,1967472.92,exact,1967472.92,exact,6.98291658e-11,exact,6.98291658e-11,exact,0.777128355,exact,0.777128355,exact,1,,1129856,0.0462038,14.0878946,ok,0.201056,False
stanford_armadillo,E4,A3_isotropic_hilbert,C0_uniform,D0,0,172974,10 10 10,0.699083685,0.00305538596,424165.287,exact,424165.287,exact,6.98291658e-11,exact,6.98291658e-11,exact,0.782707228,exact,0.782707228,exact,1,,1136892,0.0447092,10.0586234,ok,0.208771,False
stanford_armadillo,E4,A3_isotropic_hilbert,C0_uniform,D0,1,172974,10 10 10,0.699083685,0.00305538596,424165.287,exact,424165.287,exact,6.98291658e-11,exact,6.98291658e-11,exact,0.782707228,exact,0.782707228,exact,1,,1143528,0.0403863,10.0586234,ok,0.209173,False
stanford_armadillo,E4,A3_isotropic_hilbert,C0_uniform,D0,2,172974,10 10 10,0.699083685,0.00305538596,424165.287,exact,424165.287,exact,6.98291658e-11,exact,6.98291658e-11,exact,0.782707228,exact,0.782707228,exact,1,,1150352,0.0501832,10.0586234,ok,0.208277,False
stanford_armadillo,E4,A3_isotropic_hilbert,C0_uniform,D0,3,172974,10 10 10,0.699083685,0.00305538596,424165.287,exact,424165.287,exact,6.98291658e-11,exact,6.98291658e-11,exact,0.782707228,exact,0.782707228,exact,1,,1157152,0.0474104,10.0586234,ok,0.211242,False
stanford_armadillo,E4,A3_isotropic_hilbert,C0_uniform,D0,4,172974,10 10 10,0.699083685,0.00305538596,424165.287,exact,424165.287,exact,6.98291658e-11,exact,6.98291658e-11,exact,0.782707228,exact,0.782707228,exact,1,,1163952,0.0485315,10.0586234,ok,0.207678,False
stanford_armadillo,E4,A3_isotropic_hilbert,C1_monotone_half,D0,0,172974,10 10 10,0.699083685,0.00305538596,424165.287,exact,424165.287,exact,6.98291658e-11,exact,6.98291658e-11,exact,0.782707228,exact,0.782707228,exact,1,,1170416,0.0496531,10.0586234,ok,0.211513,False
stanford_armadillo,E4,A3_isotropic_hilbert,C1_monotone_half,D0,1,172974,10 10 10,0.699083685,0.00305538596,424165.287,exact,424165.287,exact,6.98291658e-11,exact,6.98291658e-11,exact,0.782707228,exact,0.782707228,exact,1,,1177408,0.0504108,10.0586234,ok,0.207576,False
stanford_armadillo,E4,A3_isotropic_hilbert,C1_monotone_half,D0,2,172974,10 10 10,0.699083685,0.00305538596,424165.287,exact,424165.287,exact,6.98291658e-11,exact,6.98291658e-11,exact,0.782707228,exact,0.782707228,exact,1,,1184464,0.0508635,10.0586234,ok,0.211288,False
stanford_armadillo,E4,A3_isotropic_hilbert,C1_monotone_half,D0,3,172974,10 10 10,0.699083685,0.00305538596,424165.287,exact,424165.287,exact,6.98291658e-11,exact,6.98291658e-11,exact,0.782707228,exact,0.782707228,exact,1,,1191248,0.051378,10.0586234,ok,0.208592,False
stanford_armadillo,E4,A3_isotropic_hilbert,C1_monotone_half,D0,4,172974,10 10 10,0.699083685,0.00305538596,424165.287,exact,424165.287,exact,6.98291658e-11,exact,6.98291658e-11,exact,0.782707228,exact,0.782707228,exact,1,,1197824,0.0440349,10.0586234,ok,0.210381,False
stanford_armadillo,E4,A3_isotropic_hilbert,C2_occupancy_floor1,D0,0,172974,10 10 10,0.699083685,0.00305538596,424165.287,exact,424165.287,exact,6.98291658e-11,exact,6.98291658e-11,exact,0.782707228,exact,0.782707228,exact,1,,1204596,0.0413347,10.0586234,ok,0.212317,False
stanford_armadillo,E4,A3_isotropic_hilbert,C2_occupancy_floor1,D0,1,172974,10 10 10,0.699083685,0.00305538596,424165.287,exact,424165.287,exact,6.98291658e-11,exact,6.98291658e-11,exact,0.782707228,exact,0.782707228,exact,1,,1211344,0.0481083,10.0586234,ok,0.213001,False
stanford_armadillo,E4,A3_isotropic_hilbert,C2_occupancy_floor1,D0,2,172974,10 10 10,0.699083685,0.00305538596,424165.287,exact,424165.287,exact,6.98291658e-11,exact,6.98291658e-11,exact,0.782707228,exact,0.782707228,exact,1,,1218096,0.0508434,10.0586234,ok,0.208368,False
stanford_armadillo,E4,A3_isotropic_hilbert,C2_occupancy_floor1,D0,3,172974,10 10 10,0.699083685,0.00305538596,424165.287,exact,424165.287,exact,6.98291658e-11,exact,6.98291658e-11,exact,0.782707228,exact,0.782707228,exact,1,,1224988,0.0499278,10.0586234,ok,0.214917,False
stanford_armadillo,E4,A3_isotropic_hilbert,C2_occupancy_floor1,D0,4,172974,10 10 10,0.699083685,0.00305538596,424165.287,exact,424165.287,exact,6.98291658e-11,exact,6.98291658e-11,exact,0.782707228,exact,0.782707228,exact,1,,1232148,0.044903,10.0586234,ok,0.209498,False
stanford_armadillo,E4,A3_isotropic_hilbert,C3_frame_core_occupancy,D0,0,172974,10 10 10,0.699083685,0.00305538596,424165.287,exact,424165.287,exact,6.98291658e-11,exact,6.98291658e-11,exact,0.782707228,exact,0.782707228,exact,1,,1239020,0.0406409,10.0586234,ok,0.21203,False
stanford_armadillo,E4,A3_isotropic_hilbert,C3_frame_core_occupancy,D0,1,172974,10 10 10,0.699083685,0.00305538596,424165.287,exact,424165.287,exact,6.98291658e-11,exact,6.98291658e-11,exact,0.782707228,exact,0.782707228,exact,1,,1245812,0.0527158,10.0586234,ok,0.207706,False
stanford_armadillo,E4,A3_isotropic_hilbert,C3_frame_core_occupancy,D0,2,172974,10 10 10,0.699083685,0.00305538596,424165.287,exact,424165.287,exact,6.98291658e-11,exact,6.98291658e-11,exact,0.782707228,exact,0.782707228,exact,1,,1253544,0.0531378,10.0586234,ok,0.210772,False
stanford_armadillo,E4,A3_isotropic_hilbert,C3_frame_core_occupancy,D0,3,172974,10 10 10,0.699083685,0.00305538596,424165.287,exact,424165.287,exact,6.98291658e-11,exact,6.98291658e-11,exact,0.782707228,exact,0.782707228,exact,1,,1260136,0.0518976,10.0586234,ok,0.209564,False
stanford_armadillo,E4,A3_isotropic_hilbert,C3_frame_core_occupancy,D0,4,172974,10 10 10,0.699083685,0.00305538596,424165.287,exact,424165.287,exact,6.98291658e-11,exact,6.98291658e-11,exact,0.782707228,exact,0.782707228,exact,1,,1267116,0.0439159,10.0586234,ok,0.211741,False
stanford_armadillo,E4,A3_isotropic_hilbert,C4_hybrid,D0,0,172974,10 10 10,0.699083685,0.00305538596,424165.287,exact,424165.287,exact,6.98291658e-11,exact,6.98291658e-11,exact,0.782707228,exact,0.782707228,exact,1,,1273544,0.0494524,10.0586234,ok,0.212291,False
stanford_armadillo,E4,A3_isotropic_hilbert,C4_hybrid,D0,1,172974,10 10 10,0.699083685,0.00305538596,424165.287,exact,424165.287,exact,6.98291658e-11,exact,6.98291658e-11,exact,0.782707228,exact,0.782707228,exact,1,,1280448,0.0455493,10.0586234,ok,0.21183,False
stanford_armadillo,E4,A3_isotropic_hilbert,C4_hybrid,D0,2,172974,10 10 10,0.699083685,0.00305538596,424165.287,exact,424165.287,exact,6.98291658e-11,exact,6.98291658e-11,exact,0.782707228,exact,0.782707228,exact,1,,1287332,0.0534812,10.0586234,ok,0.211346,False
stanford_armadillo,E4,A3_isotropic_hilbert,C4_hybrid,D0,3,172974,10 10 10,0.699083685,0.00305538596,424165.287,exact,424165.287,exact,6.98291658e-11,exact,6.98291658e-11,exact,0.782707228,exact,0.782707228,exact,1,,1294228,0.0349455,10.0586234,ok,0.211471,False
stanford_armadillo,E4,A3_isotropic_hilbert,C4_hybrid,D0,4,172974,10 10 10,0.699083685,0.00305538596,424165.287,exact,424165.287,exact,6.98291658e-11,exact,6.98291658e-11,exact,0.782707228,exact,0.782707228,exact,1,,1301284,0.0446384,10.0586234,ok,0.209926,False
stanford_armadillo,E4,A4_compact_hilbert_aabb,C0_uniform,D0,0,172974,10 10 10,0.699083685,0.00305538596,424165.287,exact,424165.287,exact,6.98291658e-11,exact,6.98291658e-11,exact,0.782707228,exact,0.782707228,exact,1,,1308448,0.0554789,10.0586234,ok,0.213467,False
stanford_armadillo,E4,A4_compact_hilbert_aabb,C0_uniform,D0,1,172974,10 10 10,0.699083685,0.00305538596,424165.287,exact,424165.287,exact,6.98291658e-11,exact,6.98291658e-11,exact,0.782707228,exact,0.782707228,exact,1,,1315400,0.0480374,10.0586234,ok,0.214045,False
stanford_armadillo,E4,A4_compact_hilbert_aabb,C0_uniform,D0,2,172974,10 10 10,0.699083685,0.00305538596,424165.287,exact,424165.287,exact,6.98291658e-11,exact,6.98291658e-11,exact,0.782707228,exact,0.782707228,exact,1,,1322316,0.0433045,10.0586234,ok,0.21477,False
stanford_armadillo,E4,A4_compact_hilbert_aabb,C0_uniform,D0,3,172974,10 10 10,0.699083685,0.00305538596,424165.287,exact,424165.287,exact,6.98291658e-11,exact,6.98291658e-11,exact,0.782707228,exact,0.782707228,exact,1,,1328932,0.0502197,10.0586234,ok,0.215556,False
stanford_armadillo,E4,A4_compact_hilbert_aabb,C0_uniform,D0,4,172974,10 10 10,0.699083685,0.00305538596,424165.287,exact,424165.287,exact,6.98291658e-11,exact,6.98291658e-11,exact,0.782707228,exact,0.782707228,exact,1,,1335700,0.0464549,10.0586234,ok,0.203885,False
stanford_armadillo,E4,A4_compact_hilbert_aabb,C1_monotone_half,D0,0,172974,4 10 1,6.29123237,0.0274961975,1613537.22,exact,1613537.22,exact,6.98291658e-11,exact,6.98291658e-11,exact,0.294571005,exact,0.294571005,exact,1,,1342652,0.0479904,67.7532581,ok,0.213453,False
stanford_armadillo,E4,A4_compact_hilbert_aabb,C1_monotone_half,D0,1,172974,4 10 1,6.29123237,0.0274961975,1613537.22,exact,1613537.22,exact,6.98291658e-11,exact,6.98291658e-11,exact,0.294571005,exact,0.294571005,exact,1,,1349668,0.049059,67.7532581,ok,0.213931,False
stanford_armadillo,E4,A4_compact_hilbert_aabb,C1_monotone_half,D0,2,172974,4 10 1,6.29123237,0.0274961975,1613537.22,exact,1613537.22,exact,6.98291658e-11,exact,6.98291658e-11,exact,0.294571005,exact,0.294571005,exact,1,,1356492,0.041493,67.7532581,ok,0.212965,False
stanford_armadillo,E4,A4_compact_hilbert_aabb,C1_monotone_half,D0,3,172974,4 10 1,6.29123237,0.0274961975,1613537.22,exact,1613537.22,exact,6.98291658e-11,exact,6.98291658e-11,exact,0.294571005,exact,0.294571005,exact,1,,1363516,0.0420907,67.7532581,ok,0.213195,False
stanford_armadillo,E4,A4_compact_hilbert_aabb,C1_monotone_half,D0,4,172974,4 10 1,6.29123237,0.0274961975,1613537.22,exact,1613537.22,exact,6.98291658e-11,exact,6.98291658e-11,exact,0.294571005,exact,0.294571005,exact,1,,1370272,0.0486177,67.7532581,ok,0.210794,False
stanford_armadillo,E4,A4_compact_hilbert_aabb,C2_occupancy_floor1,D0,0,172974,6 7 6,0.829917141,0.0036272012,3211168.69,exact,3211168.69,exact,6.98291658e-11,exact,6.98291658e-11,exact,0.775141062,exact,0.775141062,exact,1,,1377164,0.0421413,10.3773596,ok,0.207243,False
stanford_armadillo,E4,A4_compact_hilbert_aabb,C2_occupancy_floor1,D0,1,172974,6 7 6,0.829917141,0.0036272012,3211168.69,exact,3211168.69,exact,6.98291658e-11,exact,6.98291658e-11,exact,0.775141062,exact,0.775141062,exact,1,,1383964,0.0504099,10.3773596,ok,0.209964,False
stanford_armadillo,E4,A4_compact_hilbert_aabb,C2_occupancy_floor1,D0,2,172974,6 7 6,0.829917141,0.0036272012,3211168.69,exact,3211168.69,exact,6.98291658e-11,exact,6.98291658e-11,exact,0.775141062,exact,0.775141062,exact,1,,1391144,0.0478084,10.3773596,ok,0.206823,False
stanford_armadillo,E4,A4_compact_hilbert_aabb,C2_occupancy_floor1,D0,3,172974,6 7 6,0.829917141,0.0036272012,3211168.69,exact,3211168.69,exact,6.98291658e-11,exact,6.98291658e-11,exact,0.775141062,exact,0.775141062,exact,1,,1397832,0.0444274,10.3773596,ok,0.209414,False
stanford_armadillo,E4,A4_compact_hilbert_aabb,C2_occupancy_floor1,D0,4,172974,6 7 6,0.829917141,0.0036272012,3211168.69,exact,3211168.69,exact,6.98291658e-11,exact,6.98291658e-11,exact,0.775141062,exact,0.775141062,exact,1,,1404984,0.048188,10.3773596,ok,0.208401,False
stanford_armadillo,E4,A5_pca_compact_hilbert,C0_uniform,D0,0,172974,10 10 10,0.733285068,0.0032048651,1560558.05,exact,1560558.05,exact,6.98291658e-11,exact,6.98291658e-11,exact,0.770774799,exact,0.770774799,exact,1,0,1411652,0.0484436,11.0498285,ok,0.216534,False
stanford_armadillo,E4,A5_pca_compact_hilbert,C0_uniform,D0,1,172974,10 10 10,0.733285068,0.0032048651,1560558.05,exact,1560558.05,exact,6.98291658e-11,exact,6.98291658e-11,exact,0.770774799,exact,0.770774799,exact,1,0,1418644,0.0490743,11.0498285,ok,0.219945,False
stanford_armadillo,E4,A5_pca_compact_hilbert,C0_uniform,D0,2,172974,10 10 10,0.733285068,0.0032048651,1560558.05,exact,1560558.05,exact,6.98291658e-11,exact,6.98291658e-11,exact,0.770774799,exact,0.770774799,exact,1,0,1425192,0.0462579,11.0498285,ok,0.214971,False
stanford_armadillo,E4,A5_pca_compact_hilbert,C0_uniform,D0,3,172974,10 10 10,0.733285068,0.0032048651,1560558.05,exact,1560558.05,exact,6.98291658e-11,exact,6.98291658e-11,exact,0.770774799,exact,0.770774799,exact,1,0,1432340,0.0459197,11.0498285,ok,0.215309,False
stanford_armadillo,E4,A5_pca_compact_hilbert,C0_uniform,D0,4,172974,10 10 10,0.733285068,0.0032048651,1560558.05,exact,1560558.05,exact,6.98291658e-11,exact,6.98291658e-11,exact,0.770774799,exact,0.770774799,exact,1,0,1439040,0.048126,11.0498285,ok,0.21859,False
stanford_armadillo,E4,A5_pca_compact_hilbert,C1_monotone_half,D0,0,172974,10 4 1,3.92338342,0.0171473757,536923.754,exact,536923.754,exact,6.98291658e-11,exact,6.98291658e-11,exact,0.281320459,exact,0.281320459,exact,1,0,1446064,0.0435308,56.4611385,ok,0.21441,False
stanford_armadillo,E4,A5_pca_compact_hilbert,C1_monotone_half,D0,1,172974,10 4 1,3.92338342,0.0171473757,536923.754,exact,536923.754,exact,6.98291658e-11,exact,6.98291658e-11,exact,0.281320459,exact,0.281320459,exact,1,0,1452880,0.0401963,56.4611385,ok,0.214678,False
stanford_armadillo,E4,A5_pca_compact_hilbert,C1_monotone_half,D0,2,172974,10 4 1,3.92338342,0.0171473757,536923.754,exact,536923.754,exact,6.98291658e-11,exact,6.98291658e-11,exact,0.281320459,exact,0.281320459,exact,1,0,1459764,0.047756,56.4611385,ok,0.21509,False
stanford_armadillo,E4,A5_pca_compact_hilbert,C1_monotone_half,D0,3,172974,10 4 1,3.92338342,0.0171473757,536923.754,exact,536923.754,exact,6.98291658e-11,exact,6.98291658e-11,exact,0.281320459,exact,0.281320459,exact,1,0,1466680,0.0434958,56.4611385,ok,0.215147,False
stanford_armadillo,E4,A5_pca_compact_hilbert,C1_monotone_half,D0,4,172974,10 4 1,3.92338342,0.0171473757,536923.754,exact,536923.754,exact,6.98291658e-11,exact,6.98291658e-11,exact,0.281320459,exact,0.281320459,exact,1,0,1473672,0.0459205,56.4611385,ok,0.215681,False
stanford_armadillo,E4,A5_pca_compact_hilbert,C2_occupancy_floor1,D0,0,172974,7 6 6,0.825537482,0.00360805965,453007.216,exact,453007.216,exact,6.98291658e-11,exact,6.98291658e-11,exact,0.771939713,exact,0.771939713,exact,1,0,1480304,0.0483738,10.4735891,ok,0.215092,False
stanford_armadillo,E4,A5_pca_compact_hilbert,C2_occupancy_floor1,D0,1,172974,7 6 6,0.825537482,0.00360805965,453007.216,exact,453007.216,exact,6.98291658e-11,exact,6.98291658e-11,exact,0.771939713,exact,0.771939713,exact,1,0,1487120,0.048426,10.4735891,ok,0.213501,False
stanford_armadillo,E4,A5_pca_compact_hilbert,C2_occupancy_floor1,D0,2,172974,7 6 6,0.825537482,0.00360805965,453007.216,exact,453007.216,exact,6.98291658e-11,exact,6.98291658e-11,exact,0.771939713,exact,0.771939713,exact,1,0,1493896,0.0466607,10.4735891,ok,0.211646,False
stanford_armadillo,E4,A5_pca_compact_hilbert,C2_occupancy_floor1,D0,3,172974,7 6 6,0.825537482,0.00360805965,453007.216,exact,453007.216,exact,6.98291658e-11,exact,6.98291658e-11,exact,0.771939713,exact,0.771939713,exact,1,0,1500484,0.0489283,10.4735891,ok,0.204278,False
stanford_armadillo,E4,A5_pca_compact_hilbert,C2_occupancy_floor1,D0,4,172974,7 6 6,0.825537482,0.00360805965,453007.216,exact,453007.216,exact,6.98291658e-11,exact,6.98291658e-11,exact,0.771939713,exact,0.771939713,exact,1,0,1507248,0.0484368,10.4735891,ok,0.214505,False
stanford_armadillo,E4,A5_pca_compact_hilbert,C3_frame_core_occupancy,D0,0,172974,7 6 6,0.81888763,0.00357899608,519296.746,exact,519296.746,exact,6.98291658e-11,exact,6.98291658e-11,exact,0.77720351,exact,0.77720351,exact,1,0,1514372,0.0464467,10.8465254,ok,0.211164,False
stanford_armadillo,E4,A5_pca_compact_hilbert,C3_frame_core_occupancy,D0,1,172974,7 6 6,0.81888763,0.00357899608,519296.746,exact,519296.746,exact,6.98291658e-11,exact,6.98291658e-11,exact,0.77720351,exact,0.77720351,exact,1,0,1520988,0.0430194,10.8465254,ok,0.214626,False
stanford_armadillo,E4,A5_pca_compact_hilbert,C3_frame_core_occupancy,D0,2,172974,7 6 6,0.81888763,0.00357899608,519296.746,exact,519296.746,exact,6.98291658e-11,exact,6.98291658e-11,exact,0.77720351,exact,0.77720351,exact,1,0,1527916,0.0500501,10.8465254,ok,0.211429,False
stanford_armadillo,E4,A5_pca_compact_hilbert,C3_frame_core_occupancy,D0,3,172974,7 6 6,0.81888763,0.00357899608,519296.746,exact,519296.746,exact,6.98291658e-11,exact,6.98291658e-11,exact,0.77720351,exact,0.77720351,exact,1,0,1534848,0.0451349,10.8465254,ok,0.209427,False
stanford_armadillo,E4,A5_pca_compact_hilbert,C3_frame_core_occupancy,D0,4,172974,7 6 6,0.81888763,0.00357899608,519296.746,exact,519296.746,exact,6.98291658e-11,exact,6.98291658e-11,exact,0.77720351,exact,0.77720351,exact,1,0,1541692,0.0478726,10.8465254,ok,0.211769,False
stanford_armadillo,E4,A5_pca_compact_hilbert,C4_hybrid,D0,0,172974,7 6 6,0.825537482,0.00360805965,453007.216,exact,453007.216,exact,6.98291658e-11,exact,6.98291658e-11,exact,0.771939713,exact,0.771939713,exact,1,0,1548260,0.0387981,10.4735891,ok,0.210871,False
stanford_armadillo,E4,A5_pca_compact_hilbert,C4_hybrid,D0,1,172974,7 6 6,0.825537482,0.00360805965,453007.216,exact,453007.216,exact,6.98291658e-11,exact,6.98291658e-11,exact,0.771939713,exact,0.771939713,exact,1,0,1555092,0.0533945,10.4735891,ok,0.209702,False
stanford_armadillo,E4,A5_pca_compact_hilbert,C4_hybrid,D0,2,172974,7 6 6,0.825537482,0.00360805965,453007.216,exact,453007.216,exact,6.98291658e-11,exact,6.98291658e-11,exact,0.771939713,exact,0.771939713,exact,1,0,1561932,0.0403241,10.4735891,ok,0.214089,False
stanford_armadillo,E4,A5_pca_compact_hilbert,C4_hybrid,D0,3,172974,7 6 6,0.825537482,0.00360805965,453007.216,exact,453007.216,exact,6.98291658e-11,exact,6.98291658e-11,exact,0.771939713,exact,0.771939713,exact,1,0,1568940,0.0453805,10.4735891,ok,0.20779,False
stanford_armadillo,E4,A5_pca_compact_hilbert,C4_hybrid,D0,4,172974,7 6 6,0.825537482,0.00360805965,453007.216,exact,453007.216,exact,6.98291658e-11,exact,6.98291658e-11,exact,0.771939713,exact,0.771939713,exact,1,0,1576000,0.0519601,10.4735891,ok,0.212171,False
stanford_armadillo,E4,A5b_robust_frame_morton,C0_uniform,D0,0,172974,10 10 10,0.89669686,0.00391906585,3232012.82,exact,3232012.82,exact,6.98291658e-11,exact,6.98291658e-11,exact,0.765286257,exact,0.765286257,exact,1,0,1582968,0.0465386,15.0763201,ok,4.16383,False
stanford_armadillo,E4,A5b_robust_frame_morton,C0_uniform,D0,1,172974,10 10 10,0.89669686,0.00391906585,3232012.82,exact,3232012.82,exact,6.98291658e-11,exact,6.98291658e-11,exact,0.765286257,exact,0.765286257,exact,1,0,1589688,0.0519742,15.0763201,ok,4.19941,False
stanford_armadillo,E4,A5b_robust_frame_morton,C0_uniform,D0,2,172974,10 10 10,0.89669686,0.00391906585,3232012.82,exact,3232012.82,exact,6.98291658e-11,exact,6.98291658e-11,exact,0.765286257,exact,0.765286257,exact,1,0,1596544,0.049838,15.0763201,ok,4.16798,False
stanford_armadillo,E4,A5b_robust_frame_morton,C0_uniform,D0,3,172974,10 10 10,0.89669686,0.00391906585,3232012.82,exact,3232012.82,exact,6.98291658e-11,exact,6.98291658e-11,exact,0.765286257,exact,0.765286257,exact,1,0,1603404,0.0479019,15.0763201,ok,4.12768,False
stanford_armadillo,E4,A5b_robust_frame_morton,C0_uniform,D0,4,172974,10 10 10,0.89669686,0.00391906585,3232012.82,exact,3232012.82,exact,6.98291658e-11,exact,6.98291658e-11,exact,0.765286257,exact,0.765286257,exact,1,0,1610128,0.0416425,15.0763201,ok,4.1767,False
stanford_armadillo,E4,A5b_robust_frame_morton,C1_monotone_half,D0,0,172974,10 4 1,3.68326683,0.0160979322,2101657.27,exact,2101657.27,exact,6.98291658e-11,exact,6.98291658e-11,exact,0.298515962,exact,0.298515962,exact,1,0,1616864,0.0479985,56.3826424,ok,4.18243,False
stanford_armadillo,E4,A5b_robust_frame_morton,C1_monotone_half,D0,1,172974,10 4 1,3.68326683,0.0160979322,2101657.27,exact,2101657.27,exact,6.98291658e-11,exact,6.98291658e-11,exact,0.298515962,exact,0.298515962,exact,1,0,1623512,0.0439304,56.3826424,ok,4.19129,False
stanford_armadillo,E4,A5b_robust_frame_morton,C1_monotone_half,D0,2,172974,10 4 1,3.68326683,0.0160979322,2101657.27,exact,2101657.27,exact,6.98291658e-11,exact,6.98291658e-11,exact,0.298515962,exact,0.298515962,exact,1,0,1630384,0.0408618,56.3826424,ok,4.12097,False
stanford_armadillo,E4,A5b_robust_frame_morton,C1_monotone_half,D0,3,172974,10 4 1,3.68326683,0.0160979322,2101657.27,exact,2101657.27,exact,6.98291658e-11,exact,6.98291658e-11,exact,0.298515962,exact,0.298515962,exact,1,0,1637264,0.0435387,56.3826424,ok,4.11921,False
stanford_armadillo,E4,A5b_robust_frame_morton,C1_monotone_half,D0,4,172974,10 4 1,3.68326683,0.0160979322,2101657.27,exact,2101657.27,exact,6.98291658e-11,exact,6.98291658e-11,exact,0.298515962,exact,0.298515962,exact,1,0,1644012,0.035816,56.3826424,ok,4.14443,False
stanford_armadillo,E4,A5b_robust_frame_morton,C2_occupancy_floor1,D0,0,172974,7 6 6,0.880636569,0.00384887342,1295954.84,exact,1295954.84,exact,6.98291658e-11,exact,6.98291658e-11,exact,0.766613769,exact,0.766613769,exact,1,0,1651048,0.0427558,13.6500776,ok,4.11312,False
stanford_armadillo,E4,A5b_robust_frame_morton,C2_occupancy_floor1,D0,1,172974,7 6 6,0.880636569,0.00384887342,1295954.84,exact,1295954.84,exact,6.98291658e-11,exact,6.98291658e-11,exact,0.766613769,exact,0.766613769,exact,1,0,1657840,0.0455984,13.6500776,ok,4.17534,False
stanford_armadillo,E4,A5b_robust_frame_morton,C2_occupancy_floor1,D0,2,172974,7 6 6,0.880636569,0.00384887342,1295954.84,exact,1295954.84,exact,6.98291658e-11,exact,6.98291658e-11,exact,0.766613769,exact,0.766613769,exact,1,0,1664660,0.0469355,13.6500776,ok,4.17906,False
stanford_armadillo,E4,A5b_robust_frame_morton,C2_occupancy_floor1,D0,3,172974,7 6 6,0.880636569,0.00384887342,1295954.84,exact,1295954.84,exact,6.98291658e-11,exact,6.98291658e-11,exact,0.766613769,exact,0.766613769,exact,1,0,1671280,0.0441437,13.6500776,ok,4.16698,False
stanford_armadillo,E4,A5b_robust_frame_morton,C2_occupancy_floor1,D0,4,172974,7 6 6,0.880636569,0.00384887342,1295954.84,exact,1295954.84,exact,6.98291658e-11,exact,6.98291658e-11,exact,0.766613769,exact,0.766613769,exact,1,0,1677988,0.0516743,13.6500776,ok,4.16182,False
stanford_armadillo,E4,A5b_robust_frame_morton,C3_frame_core_occupancy,D0,0,172974,7 6 6,0.885825601,0.00387155238,1243993.41,exact,1243993.41,exact,6.98291658e-11,exact,6.98291658e-11,exact,0.771988131,exact,0.771988131,exact,1,0,1684772,0.0427456,14.2065431,ok,4.15509,False
stanford_armadillo,E4,A5b_robust_frame_morton,C3_frame_core_occupancy,D0,1,172974,7 6 6,0.885825601,0.00387155238,1243993.41,exact,1243993.41,exact,6.98291658e-11,exact,6.98291658e-11,exact,0.771988131,exact,0.771988131,exact,1,0,1691712,0.0509487,14.2065431,ok,4.08659,False
stanford_armadillo,E4,A5b_robust_frame_morton,C3_frame_core_occupancy,D0,2,172974,7 6 6,0.885825601,0.00387155238,1243993.41,exact,1243993.41,exact,6.98291658e-11,exact,6.98291658e-11,exact,0.771988131,exact,0.771988131,exact,1,0,1698452,0.0474012,14.2065431,ok,4.13034,False
stanford_armadillo,E4,A5b_robust_frame_morton,C3_frame_core_occupancy,D0,3,172974,7 6 6,0.885825601,0.00387155238,1243993.41,exact,1243993.41,exact,6.98291658e-11,exact,6.98291658e-11,exact,0.771988131,exact,0.771988131,exact,1,0,1705084,0.038594,14.2065431,ok,4.17471,False
stanford_armadillo,E4,A5b_robust_frame_morton,C3_frame_core_occupancy,D0,4,172974,7 6 6,0.885825601,0.00387155238,1243993.41,exact,1243993.41,exact,6.98291658e-11,exact,6.98291658e-11,exact,0.771988131,exact,0.771988131,exact,1,0,1711864,0.0459203,14.2065431,ok,4.0345,False
stanford_armadillo,E4,A5b_robust_frame_morton,C4_hybrid,D0,0,172974,7 6 6,0.880636569,0.00384887342,1295954.84,exact,1295954.84,exact,6.98291658e-11,exact,6.98291658e-11,exact,0.766613769,exact,0.766613769,exact,1,0,1718280,0.042773,13.6500776,ok,4.1483,False
stanford_armadillo,E4,A5b_robust_frame_morton,C4_hybrid,D0,1,172974,7 6 6,0.880636569,0.00384887342,1295954.84,exact,1295954.84,exact,6.98291658e-11,exact,6.98291658e-11,exact,0.766613769,exact,0.766613769,exact,1,0,1725192,0.046553,13.6500776,ok,4.04116,False
stanford_armadillo,E4,A5b_robust_frame_morton,C4_hybrid,D0,2,172974,7 6 6,0.880636569,0.00384887342,1295954.84,exact,1295954.84,exact,6.98291658e-11,exact,6.98291658e-11,exact,0.766613769,exact,0.766613769,exact,1,0,1731972,0.0474416,13.6500776,ok,4.17417,False
stanford_armadillo,E4,A5b_robust_frame_morton,C4_hybrid,D0,3,172974,7 6 6,0.880636569,0.00384887342,1295954.84,exact,1295954.84,exact,6.98291658e-11,exact,6.98291658e-11,exact,0.766613769,exact,0.766613769,exact,1,0,1739060,0.0406758,13.6500776,ok,4.16558,False
stanford_armadillo,E4,A5b_robust_frame_morton,C4_hybrid,D0,4,172974,7 6 6,0.880636569,0.00384887342,1295954.84,exact,1295954.84,exact,6.98291658e-11,exact,6.98291658e-11,exact,0.766613769,exact,0.766613769,exact,1,0,1745640,0.0487016,13.6500776,ok,4.18521,False
stanford_armadillo,E4,A6_rch,C0_uniform,D0,0,172974,10 10 10,0.729142631,0.00318676033,1506630.78,exact,1506630.78,exact,6.98291658e-11,exact,6.98291658e-11,exact,0.774367101,exact,0.774367101,exact,1,0,1752660,0.0459854,11.5788869,ok,4.14865,False
stanford_armadillo,E4,A6_rch,C0_uniform,D0,1,172974,10 10 10,0.729142631,0.00318676033,1506630.78,exact,1506630.78,exact,6.98291658e-11,exact,6.98291658e-11,exact,0.774367101,exact,0.774367101,exact,1,0,1759528,0.0423894,11.5788869,ok,4.1229,False
stanford_armadillo,E4,A6_rch,C0_uniform,D0,2,172974,10 10 10,0.729142631,0.00318676033,1506630.78,exact,1506630.78,exact,6.98291658e-11,exact,6.98291658e-11,exact,0.774367101,exact,0.774367101,exact,1,0,1766584,0.0503217,11.5788869,ok,4.05573,False
stanford_armadillo,E4,A6_rch,C0_uniform,D0,3,172974,10 10 10,0.729142631,0.00318676033,1506630.78,exact,1506630.78,exact,6.98291658e-11,exact,6.98291658e-11,exact,0.774367101,exact,0.774367101,exact,1,0,1773416,0.0491803,11.5788869,ok,4.18375,False
stanford_armadillo,E4,A6_rch,C0_uniform,D0,4,172974,10 10 10,0.729142631,0.00318676033,1506630.78,exact,1506630.78,exact,6.98291658e-11,exact,6.98291658e-11,exact,0.774367101,exact,0.774367101,exact,1,0,1780132,0.0494592,11.5788869,ok,4.17491,False
stanford_armadillo,E4,A6_rch,C1_monotone_half,D0,0,172974,10 4 1,3.79785746,0.0165987572,609257.232,exact,609257.232,exact,6.98291658e-11,exact,6.98291658e-11,exact,0.300146265,exact,0.300146265,exact,1,0,1786864,0.0477767,56.0845919,ok,4.15228,False
stanford_armadillo,E4,A6_rch,C1_monotone_half,D0,1,172974,10 4 1,3.79785746,0.0165987572,609257.232,exact,609257.232,exact,6.98291658e-11,exact,6.98291658e-11,exact,0.300146265,exact,0.300146265,exact,1,0,1794112,0.0490372,56.0845919,ok,4.18362,False
stanford_armadillo,E4,A6_rch,C1_monotone_half,D0,2,172974,10 4 1,3.79785746,0.0165987572,609257.232,exact,609257.232,exact,6.98291658e-11,exact,6.98291658e-11,exact,0.300146265,exact,0.300146265,exact,1,0,1800856,0.0466955,56.0845919,ok,4.14677,False
stanford_armadillo,E4,A6_rch,C1_monotone_half,D0,3,172974,10 4 1,3.79785746,0.0165987572,609257.232,exact,609257.232,exact,6.98291658e-11,exact,6.98291658e-11,exact,0.300146265,exact,0.300146265,exact,1,0,1807772,0.0413404,56.0845919,ok,4.19246,False
stanford_armadillo,E4,A6_rch,C1_monotone_half,D0,4,172974,10 4 1,3.79785746,0.0165987572,609257.232,exact,609257.232,exact,6.98291658e-11,exact,6.98291658e-11,exact,0.300146265,exact,0.300146265,exact,1,0,1814840,0.046839,56.0845919,ok,4.16004,False
stanford_armadillo,E4,A6_rch,C2_occupancy_floor1,D0,0,172974,7 6 6,0.848860344,0.00370999357,697652.059,exact,697652.059,exact,6.98291658e-11,exact,6.98291658e-11,exact,0.771393389,exact,0.771393389,exact,1,0,1821440,0.0394094,10.5912629,ok,4.14758,False
stanford_armadillo,E4,A6_rch,C2_occupancy_floor1,D0,1,172974,7 6 6,0.848860344,0.00370999357,697652.059,exact,697652.059,exact,6.98291658e-11,exact,6.98291658e-11,exact,0.771393389,exact,0.771393389,exact,1,0,1828236,0.0487002,10.5912629,ok,4.19902,False
stanford_armadillo,E4,A6_rch,C2_occupancy_floor1,D0,2,172974,7 6 6,0.848860344,0.00370999357,697652.059,exact,697652.059,exact,6.98291658e-11,exact,6.98291658e-11,exact,0.771393389,exact,0.771393389,exact,1,0,1835176,0.0412589,10.5912629,ok,4.16211,False
stanford_armadillo,E4,A6_rch,C2_occupancy_floor1,D0,3,172974,7 6 6,0.848860344,0.00370999357,697652.059,exact,697652.059,exact,6.98291658e-11,exact,6.98291658e-11,exact,0.771393389,exact,0.771393389,exact,1,0,1841964,0.0456292,10.5912629,ok,4.16972,False
stanford_armadillo,E4,A6_rch,C2_occupancy_floor1,D0,4,172974,7 6 6,0.848860344,0.00370999357,697652.059,exact,697652.059,exact,6.98291658e-11,exact,6.98291658e-11,exact,0.771393389,exact,0.771393389,exact,1,0,1849060,0.0450244,10.5912629,ok,4.16715,False
stanford_armadillo,E4,A6_rch,C3_frame_core_occupancy,D0,0,172974,7 6 6,0.845990115,0.00369744907,689423.29,exact,689423.29,exact,6.98291658e-11,exact,6.98291658e-11,exact,0.773995658,exact,0.773995658,exact,1,0,1856028,0.0477868,11.3270571,ok,4.2007,False
stanford_armadillo,E4,A6_rch,C3_frame_core_occupancy,D0,1,172974,7 6 6,0.845990115,0.00369744907,689423.29,exact,689423.29,exact,6.98291658e-11,exact,6.98291658e-11,exact,0.773995658,exact,0.773995658,exact,1,0,1862672,0.0506555,11.3270571,ok,4.16235,False
stanford_armadillo,E4,A6_rch,C3_frame_core_occupancy,D0,2,172974,7 6 6,0.845990115,0.00369744907,689423.29,exact,689423.29,exact,6.98291658e-11,exact,6.98291658e-11,exact,0.773995658,exact,0.773995658,exact,1,0,1869456,0.0467585,11.3270571,ok,4.14987,False
stanford_armadillo,E4,A6_rch,C3_frame_core_occupancy,D0,3,172974,7 6 6,0.845990115,0.00369744907,689423.29,exact,689423.29,exact,6.98291658e-11,exact,6.98291658e-11,exact,0.773995658,exact,0.773995658,exact,1,0,1876296,0.0470364,11.3270571,ok,4.1392,False
stanford_armadillo,E4,A6_rch,C3_frame_core_occupancy,D0,4,172974,7 6 6,0.845990115,0.00369744907,689423.29,exact,689423.29,exact,6.98291658e-11,exact,6.98291658e-11,exact,0.773995658,exact,0.773995658,exact,1,0,1883196,0.0478169,11.3270571,ok,4.19525,False
stanford_armadillo,E4,A6_rch,C4_hybrid,D0,0,172974,7 6 6,0.848860344,0.00370999357,697652.059,exact,697652.059,exact,6.98291658e-11,exact,6.98291658e-11,exact,0.771393389,exact,0.771393389,exact,1,0,1889828,0.049781,10.5912629,ok,4.20003,False
stanford_armadillo,E4,A6_rch,C4_hybrid,D0,1,172974,7 6 6,0.848860344,0.00370999357,697652.059,exact,697652.059,exact,6.98291658e-11,exact,6.98291658e-11,exact,0.771393389,exact,0.771393389,exact,1,0,1896548,0.0452086,10.5912629,ok,4.13518,False
stanford_armadillo,E4,A6_rch,C4_hybrid,D0,2,172974,7 6 6,0.848860344,0.00370999357,697652.059,exact,697652.059,exact,6.98291658e-11,exact,6.98291658e-11,exact,0.771393389,exact,0.771393389,exact,1,0,1903348,0.0422034,10.5912629,ok,4.15396,False
stanford_armadillo,E4,A6_rch,C4_hybrid,D0,3,172974,7 6 6,0.848860344,0.00370999357,697652.059,exact,697652.059,exact,6.98291658e-11,exact,6.98291658e-11,exact,0.771393389,exact,0.771393389,exact,1,0,1910360,0.044795,10.5912629,ok,4.16693,False
stanford_armadillo,E4,A6_rch,C4_hybrid,D0,4,172974,7 6 6,0.848860344,0.00370999357,697652.059,exact,697652.059,exact,6.98291658e-11,exact,6.98291658e-11,exact,0.771393389,exact,0.771393389,exact,1,0,1917060,0.0474798,10.5912629,ok,4.20196,False
stanford_armadillo,E4,A6_rch_b2_mrcd,C0_uniform,D0,0,172974,10 10 10,0.729108568,0.00318661146,1506630.78,exact,1506630.78,exact,6.98291658e-11,exact,6.98291658e-11,exact,0.774362766,exact,0.774362766,exact,1,0,1924292,0.0492036,11.5177683,ok,4.21158,False
stanford_armadillo,E4,A6_rch_b2_mrcd,C0_uniform,D0,1,172974,10 10 10,0.729108568,0.00318661146,1506630.78,exact,1506630.78,exact,6.98291658e-11,exact,6.98291658e-11,exact,0.774362766,exact,0.774362766,exact,1,0,1930776,0.0512379,11.5177683,ok,4.22907,False
stanford_armadillo,E4,A6_rch_b2_mrcd,C0_uniform,D0,2,172974,10 10 10,0.729108568,0.00318661146,1506630.78,exact,1506630.78,exact,6.98291658e-11,exact,6.98291658e-11,exact,0.774362766,exact,0.774362766,exact,1,0,1937624,0.0500023,11.5177683,ok,4.22093,False
stanford_armadillo,E4,A6_rch_b2_mrcd,C0_uniform,D0,3,172974,10 10 10,0.729108568,0.00318661146,1506630.78,exact,1506630.78,exact,6.98291658e-11,exact,6.98291658e-11,exact,0.774362766,exact,0.774362766,exact,1,0,1944384,0.050477,11.5177683,ok,4.19543,False
stanford_armadillo,E4,A6_rch_b2_mrcd,C0_uniform,D0,4,172974,10 10 10,0.729108568,0.00318661146,1506630.78,exact,1506630.78,exact,6.98291658e-11,exact,6.98291658e-11,exact,0.774362766,exact,0.774362766,exact,1,0,1951576,0.0548295,11.5177683,ok,4.18775,False
stanford_armadillo,E4,A6_rch_b2_mrcd,C1_monotone_half,D0,0,172974,10 4 1,3.79724294,0.0165960714,609257.232,exact,609257.232,exact,6.98291658e-11,exact,6.98291658e-11,exact,0.300141206,exact,0.300141206,exact,1,0,1958620,0.0431194,56.0845919,ok,4.17527,False
stanford_armadillo,E4,A6_rch_b2_mrcd,C1_monotone_half,D0,1,172974,10 4 1,3.79724294,0.0165960714,609257.232,exact,609257.232,exact,6.98291658e-11,exact,6.98291658e-11,exact,0.300141206,exact,0.300141206,exact,1,0,1965252,0.0460521,56.0845919,ok,4.20297,False
stanford_armadillo,E4,A6_rch_b2_mrcd,C1_monotone_half,D0,2,172974,10 4 1,3.79724294,0.0165960714,609257.232,exact,609257.232,exact,6.98291658e-11,exact,6.98291658e-11,exact,0.300141206,exact,0.300141206,exact,1,0,1972436,0.0504214,56.0845919,ok,4.20072,False
stanford_armadillo,E4,A6_rch_b2_mrcd,C1_monotone_half,D0,3,172974,10 4 1,3.79724294,0.0165960714,609257.232,exact,609257.232,exact,6.98291658e-11,exact,6.98291658e-11,exact,0.300141206,exact,0.300141206,exact,1,0,1978968,0.0533268,56.0845919,ok,4.22079,False
stanford_armadillo,E4,A6_rch_b2_mrcd,C1_monotone_half,D0,4,172974,10 4 1,3.79724294,0.0165960714,609257.232,exact,609257.232,exact,6.98291658e-11,exact,6.98291658e-11,exact,0.300141206,exact,0.300141206,exact,1,0,1985848,0.0492277,56.0845919,ok,4.09388,False
stanford_armadillo,E4,A6_rch_b2_mrcd,C2_occupancy_floor1,D0,0,172974,7 6 6,0.848856296,0.00370997588,697652.059,exact,697652.059,exact,6.98291658e-11,exact,6.98291658e-11,exact,0.771390498,exact,0.771390498,exact,1,0,1992692,0.0508327,10.6471777,ok,4.1785,False
stanford_armadillo,E4,A6_rch_b2_mrcd,C2_occupancy_floor1,D0,1,172974,7 6 6,0.848856296,0.00370997588,697652.059,exact,697652.059,exact,6.98291658e-11,exact,6.98291658e-11,exact,0.771390498,exact,0.771390498,exact,1,0,1999472,0.0473726,10.6471777,ok,4.17916,False
stanford_armadillo,E4,A6_rch_b2_mrcd,C2_occupancy_floor1,D0,2,172974,7 6 6,0.848856296,0.00370997588,697652.059,exact,697652.059,exact,6.98291658e-11,exact,6.98291658e-11,exact,0.771390498,exact,0.771390498,exact,1,0,2006148,0.0428885,10.6471777,ok,4.19309,False
stanford_armadillo,E4,A6_rch_b2_mrcd,C2_occupancy_floor1,D0,3,172974,7 6 6,0.848856296,0.00370997588,697652.059,exact,697652.059,exact,6.98291658e-11,exact,6.98291658e-11,exact,0.771390498,exact,0.771390498,exact,1,0,2012864,0.0528407,10.6471777,ok,4.18751,False
stanford_armadillo,E4,A6_rch_b2_mrcd,C2_occupancy_floor1,D0,4,172974,7 6 6,0.848856296,0.00370997588,697652.059,exact,697652.059,exact,6.98291658e-11,exact,6.98291658e-11,exact,0.771390498,exact,0.771390498,exact,1,0,2019700,0.0470903,10.6471777,ok,4.20364,False
stanford_armadillo,E4,A6_rch_b2_mrcd,C3_frame_core_occupancy,D0,0,172974,7 6 6,0.846015733,0.00369756103,689423.29,exact,689423.29,exact,6.98291658e-11,exact,6.98291658e-11,exact,0.773997104,exact,0.773997104,exact,1,0,2026400,0.0473838,11.2968433,ok,4.20289,False
stanford_armadillo,E4,A6_rch_b2_mrcd,C3_frame_core_occupancy,D0,1,172974,7 6 6,0.846015733,0.00369756103,689423.29,exact,689423.29,exact,6.98291658e-11,exact,6.98291658e-11,exact,0.773997104,exact,0.773997104,exact,1,0,2033128,0.0475705,11.2968433,ok,4.20104,False
stanford_armadillo,E4,A6_rch_b2_mrcd,C3_frame_core_occupancy,D0,2,172974,7 6 6,0.846015733,0.00369756103,689423.29,exact,689423.29,exact,6.98291658e-11,exact,6.98291658e-11,exact,0.773997104,exact,0.773997104,exact,1,0,2039644,0.0501806,11.2968433,ok,4.16221,False
stanford_armadillo,E4,A6_rch_b2_mrcd,C3_frame_core_occupancy,D0,3,172974,7 6 6,0.846015733,0.00369756103,689423.29,exact,689423.29,exact,6.98291658e-11,exact,6.98291658e-11,exact,0.773997104,exact,0.773997104,exact,1,0,2046360,0.0525764,11.2968433,ok,4.21387,False
stanford_armadillo,E4,A6_rch_b2_mrcd,C3_frame_core_occupancy,D0,4,172974,7 6 6,0.846015733,0.00369756103,689423.29,exact,689423.29,exact,6.98291658e-11,exact,6.98291658e-11,exact,0.773997104,exact,0.773997104,exact,1,0,2053172,0.0465788,11.2968433,ok,4.1509,False
stanford_armadillo,E4,A6_rch_b2_mrcd,C4_hybrid,D0,0,172974,7 6 6,0.848856296,0.00370997588,697652.059,exact,697652.059,exact,6.98291658e-11,exact,6.98291658e-11,exact,0.771390498,exact,0.771390498,exact,1,0,2059912,0.047449,10.6471777,ok,4.20372,False
stanford_armadillo,E4,A6_rch_b2_mrcd,C4_hybrid,D0,1,172974,7 6 6,0.848856296,0.00370997588,697652.059,exact,697652.059,exact,6.98291658e-11,exact,6.98291658e-11,exact,0.771390498,exact,0.771390498,exact,1,0,2066888,0.0439586,10.6471777,ok,4.22471,False
stanford_armadillo,E4,A6_rch_b2_mrcd,C4_hybrid,D0,2,172974,7 6 6,0.848856296,0.00370997588,697652.059,exact,697652.059,exact,6.98291658e-11,exact,6.98291658e-11,exact,0.771390498,exact,0.771390498,exact,1,0,2073544,0.0432275,10.6471777,ok,4.173,False
stanford_armadillo,E4,A6_rch_b2_mrcd,C4_hybrid,D0,3,172974,7 6 6,0.848856296,0.00370997588,697652.059,exact,697652.059,exact,6.98291658e-11,exact,6.98291658e-11,exact,0.771390498,exact,0.771390498,exact,1,0,2080328,0.0488169,10.6471777,ok,4.17943,False
stanford_armadillo,E4,A6_rch_b2_mrcd,C4_hybrid,D0,4,172974,7 6 6,0.848856296,0.00370997588,697652.059,exact,697652.059,exact,6.98291658e-11,exact,6.98291658e-11,exact,0.771390498,exact,0.771390498,exact,1,0,2087008,0.0454524,10.6471777,ok,4.16256,False
stanford_armadillo,E4,A6_rch_b3_ogk,C0_uniform,D0,0,172974,10 10 10,0.739037417,0.00323000608,1048055.01,exact,1048055.01,exact,6.98291658e-11,exact,6.98291658e-11,exact,0.772069791,exact,0.772069791,exact,1,0,2094072,0.0511198,11.2198133,ok,0.480252,False
stanford_armadillo,E4,A6_rch_b3_ogk,C0_uniform,D0,1,172974,10 10 10,0.739037417,0.00323000608,1048055.01,exact,1048055.01,exact,6.98291658e-11,exact,6.98291658e-11,exact,0.772069791,exact,0.772069791,exact,1,0,2100812,0.0496767,11.2198133,ok,0.472654,False
stanford_armadillo,E4,A6_rch_b3_ogk,C0_uniform,D0,2,172974,10 10 10,0.739037417,0.00323000608,1048055.01,exact,1048055.01,exact,6.98291658e-11,exact,6.98291658e-11,exact,0.772069791,exact,0.772069791,exact,1,0,2107600,0.0489367,11.2198133,ok,0.481416,False
stanford_armadillo,E4,A6_rch_b3_ogk,C0_uniform,D0,3,172974,10 10 10,0.739037417,0.00323000608,1048055.01,exact,1048055.01,exact,6.98291658e-11,exact,6.98291658e-11,exact,0.772069791,exact,0.772069791,exact,1,0,2114548,0.0454907,11.2198133,ok,0.47171,False
stanford_armadillo,E4,A6_rch_b3_ogk,C0_uniform,D0,4,172974,10 10 10,0.739037417,0.00323000608,1048055.01,exact,1048055.01,exact,6.98291658e-11,exact,6.98291658e-11,exact,0.772069791,exact,0.772069791,exact,1,0,2121228,0.0513704,11.2198133,ok,0.477443,False
stanford_armadillo,E4,A6_rch_b3_ogk,C1_monotone_half,D0,0,172974,10 4 1,4.68600282,0.0204804482,794575.954,exact,794575.954,exact,6.98291658e-11,exact,6.98291658e-11,exact,0.291706413,exact,0.291706413,exact,1,0,2128436,0.0395618,56.3666368,ok,0.478984,False
stanford_armadillo,E4,A6_rch_b3_ogk,C1_monotone_half,D0,1,172974,10 4 1,4.68600282,0.0204804482,794575.954,exact,794575.954,exact,6.98291658e-11,exact,6.98291658e-11,exact,0.291706413,exact,0.291706413,exact,1,0,2134888,0.0504085,56.3666368,ok,0.477657,False
stanford_armadillo,E4,A6_rch_b3_ogk,C1_monotone_half,D0,2,172974,10 4 1,4.68600282,0.0204804482,794575.954,exact,794575.954,exact,6.98291658e-11,exact,6.98291658e-11,exact,0.291706413,exact,0.291706413,exact,1,0,2141920,0.0458515,56.3666368,ok,0.477083,False
stanford_armadillo,E4,A6_rch_b3_ogk,C1_monotone_half,D0,3,172974,10 4 1,4.68600282,0.0204804482,794575.954,exact,794575.954,exact,6.98291658e-11,exact,6.98291658e-11,exact,0.291706413,exact,0.291706413,exact,1,0,2149044,0.0481868,56.3666368,ok,0.473513,False
stanford_armadillo,E4,A6_rch_b3_ogk,C1_monotone_half,D0,4,172974,10 4 1,4.68600282,0.0204804482,794575.954,exact,794575.954,exact,6.98291658e-11,exact,6.98291658e-11,exact,0.291706413,exact,0.291706413,exact,1,0,2155860,0.0455125,56.3666368,ok,0.471527,False
stanford_armadillo,E4,A6_rch_b3_ogk,C2_occupancy_floor1,D0,0,172974,7 6 6,0.850690777,0.00371799359,561212.388,exact,561212.388,exact,6.98291658e-11,exact,6.98291658e-11,exact,0.77107759,exact,0.77107759,exact,1,0,2162632,0.046911,10.9649689,ok,0.467942,False
stanford_armadillo,E4,A6_rch_b3_ogk,C2_occupancy_floor1,D0,1,172974,7 6 6,0.850690777,0.00371799359,561212.388,exact,561212.388,exact,6.98291658e-11,exact,6.98291658e-11,exact,0.77107759,exact,0.77107759,exact,1,0,2169512,0.0492685,10.9649689,ok,0.471719,False
stanford_armadillo,E4,A6_rch_b3_ogk,C2_occupancy_floor1,D0,2,172974,7 6 6,0.850690777,0.00371799359,561212.388,exact,561212.388,exact,6.98291658e-11,exact,6.98291658e-11,exact,0.77107759,exact,0.77107759,exact,1,0,2175900,0.0525746,10.9649689,ok,0.453378,False
stanford_armadillo,E4,A6_rch_b3_ogk,C2_occupancy_floor1,D0,3,172974,7 6 6,0.850690777,0.00371799359,561212.388,exact,561212.388,exact,6.98291658e-11,exact,6.98291658e-11,exact,0.77107759,exact,0.77107759,exact,1,0,2183020,0.0517104,10.9649689,ok,0.475204,False
stanford_armadillo,E4,A6_rch_b3_ogk,C2_occupancy_floor1,D0,4,172974,7 6 6,0.850690777,0.00371799359,561212.388,exact,561212.388,exact,6.98291658e-11,exact,6.98291658e-11,exact,0.77107759,exact,0.77107759,exact,1,0,2189704,0.0488485,10.9649689,ok,0.465127,False
stanford_armadillo,E4,A6_rch_b3_ogk,C3_frame_core_occupancy,D0,0,172974,7 6 5,0.893740472,0.00390614479,188799.249,exact,188799.249,exact,6.98291658e-11,exact,6.98291658e-11,exact,0.771191046,exact,0.771191046,exact,1,0,2196608,0.043915,10.3220845,ok,0.473434,False
stanford_armadillo,E4,A6_rch_b3_ogk,C3_frame_core_occupancy,D0,1,172974,7 6 5,0.893740472,0.00390614479,188799.249,exact,188799.249,exact,6.98291658e-11,exact,6.98291658e-11,exact,0.771191046,exact,0.771191046,exact,1,0,2203588,0.0486036,10.3220845,ok,0.474555,False
stanford_armadillo,E4,A6_rch_b3_ogk,C3_frame_core_occupancy,D0,2,172974,7 6 5,0.893740472,0.00390614479,188799.249,exact,188799.249,exact,6.98291658e-11,exact,6.98291658e-11,exact,0.771191046,exact,0.771191046,exact,1,0,2210260,0.0422146,10.3220845,ok,0.475992,False
stanford_armadillo,E4,A6_rch_b3_ogk,C3_frame_core_occupancy,D0,3,172974,7 6 5,0.893740472,0.00390614479,188799.249,exact,188799.249,exact,6.98291658e-11,exact,6.98291658e-11,exact,0.771191046,exact,0.771191046,exact,1,0,2216832,0.0442805,10.3220845,ok,0.474113,False
stanford_armadillo,E4,A6_rch_b3_ogk,C3_frame_core_occupancy,D0,4,172974,7 6 5,0.893740472,0.00390614479,188799.249,exact,188799.249,exact,6.98291658e-11,exact,6.98291658e-11,exact,0.771191046,exact,0.771191046,exact,1,0,2223652,0.0520651,10.3220845,ok,0.476235,False
stanford_armadillo,E4,A6_rch_b3_ogk,C4_hybrid,D0,0,172974,7 6 6,0.850690777,0.00371799359,561212.388,exact,561212.388,exact,6.98291658e-11,exact,6.98291658e-11,exact,0.77107759,exact,0.77107759,exact,1,0,2230296,0.0491526,10.9649689,ok,0.476784,False
stanford_armadillo,E4,A6_rch_b3_ogk,C4_hybrid,D0,1,172974,7 6 6,0.850690777,0.00371799359,561212.388,exact,561212.388,exact,6.98291658e-11,exact,6.98291658e-11,exact,0.77107759,exact,0.77107759,exact,1,0,2237284,0.0414837,10.9649689,ok,0.465436,False
stanford_armadillo,E4,A6_rch_b3_ogk,C4_hybrid,D0,2,172974,7 6 6,0.850690777,0.00371799359,561212.388,exact,561212.388,exact,6.98291658e-11,exact,6.98291658e-11,exact,0.77107759,exact,0.77107759,exact,1,0,2243904,0.0434042,10.9649689,ok,0.476619,False
stanford_armadillo,E4,A6_rch_b3_ogk,C4_hybrid,D0,3,172974,7 6 6,0.850690777,0.00371799359,561212.388,exact,561212.388,exact,6.98291658e-11,exact,6.98291658e-11,exact,0.77107759,exact,0.77107759,exact,1,0,2250748,0.0462249,10.9649689,ok,0.471402,False
stanford_armadillo,E4,A6_rch_b3_ogk,C4_hybrid,D0,4,172974,7 6 6,0.850690777,0.00371799359,561212.388,exact,561212.388,exact,6.98291658e-11,exact,6.98291658e-11,exact,0.77107759,exact,0.77107759,exact,1,0,2257776,0.049318,10.9649689,ok,0.471647,False
stanford_armadillo,E4,A7_cgal_spatial_sort,C2_occupancy_floor1,D0,0,172974,0 0 0,1.55529703,0.00679751626,2969074,exact,2969074,exact,4.04803475e-13,exact,4.04803475e-13,exact,0.584691919,exact,0.584691919,exact,1,,2264340,0.0482723,31.581749,ok,0.164225,False
stanford_armadillo,E4,A7_cgal_spatial_sort,C2_occupancy_floor1,D0,1,172974,0 0 0,1.55529703,0.00679751626,2969074,exact,2969074,exact,4.04803475e-13,exact,4.04803475e-13,exact,0.584691919,exact,0.584691919,exact,1,,2271012,0.0468806,31.581749,ok,0.166253,False
stanford_armadillo,E4,A7_cgal_spatial_sort,C2_occupancy_floor1,D0,2,172974,0 0 0,1.55529703,0.00679751626,2969074,exact,2969074,exact,4.04803475e-13,exact,4.04803475e-13,exact,0.584691919,exact,0.584691919,exact,1,,2277872,0.0403277,31.581749,ok,0.172051,False
stanford_armadillo,E4,A7_cgal_spatial_sort,C2_occupancy_floor1,D0,3,172974,0 0 0,1.55529703,0.00679751626,2969074,exact,2969074,exact,4.04803475e-13,exact,4.04803475e-13,exact,0.584691919,exact,0.584691919,exact,1,,2284628,0.0462843,31.581749,ok,0.165361,False
stanford_armadillo,E4,A7_cgal_spatial_sort,C2_occupancy_floor1,D0,4,172974,0 0 0,1.55529703,0.00679751626,2969074,exact,2969074,exact,4.04803475e-13,exact,4.04803475e-13,exact,0.584691919,exact,0.584691919,exact,1,,2291860,0.0450756,31.581749,ok,0.165506,False
stanford_armadillo,E4,A7_cgal_spatial_sort,C3_frame_core_occupancy,D0,0,172974,0 0 0,1.55529703,0.00679751626,2969074,exact,2969074,exact,4.04803475e-13,exact,4.04803475e-13,exact,0.584691919,exact,0.584691919,exact,1,,2298376,0.0527422,31.581749,ok,0.164842,False
stanford_armadillo,E4,A7_cgal_spatial_sort,C3_frame_core_occupancy,D0,1,172974,0 0 0,1.55529703,0.00679751626,2969074,exact,2969074,exact,4.04803475e-13,exact,4.04803475e-13,exact,0.584691919,exact,0.584691919,exact,1,,2305300,0.0428089,31.581749,ok,0.168353,False
stanford_armadillo,E4,A7_cgal_spatial_sort,C3_frame_core_occupancy,D0,2,172974,0 0 0,1.55529703,0.00679751626,2969074,exact,2969074,exact,4.04803475e-13,exact,4.04803475e-13,exact,0.584691919,exact,0.584691919,exact,1,,2312272,0.0522373,31.581749,ok,0.165157,False
stanford_armadillo,E4,A7_cgal_spatial_sort,C3_frame_core_occupancy,D0,3,172974,0 0 0,1.55529703,0.00679751626,2969074,exact,2969074,exact,4.04803475e-13,exact,4.04803475e-13,exact,0.584691919,exact,0.584691919,exact,1,,2318992,0.0434795,31.581749,ok,0.165217,False
stanford_armadillo,E4,A7_cgal_spatial_sort,C3_frame_core_occupancy,D0,4,172974,0 0 0,1.55529703,0.00679751626,2969074,exact,2969074,exact,4.04803475e-13,exact,4.04803475e-13,exact,0.584691919,exact,0.584691919,exact,1,,2325848,0.0452432,31.581749,ok,0.165759,False
stanford_armadillo,E4,A7_cgal_spatial_sort,C4_hybrid,D0,0,172974,0 0 0,1.55529703,0.00679751626,2969074,exact,2969074,exact,4.04803475e-13,exact,4.04803475e-13,exact,0.584691919,exact,0.584691919,exact,1,,2332836,0.0462742,31.581749,ok,0.164252,False
stanford_armadillo,E4,A7_cgal_spatial_sort,C4_hybrid,D0,1,172974,0 0 0,1.55529703,0.00679751626,2969074,exact,2969074,exact,4.04803475e-13,exact,4.04803475e-13,exact,0.584691919,exact,0.584691919,exact,1,,2339412,0.0526283,31.581749,ok,0.162732,False
stanford_armadillo,E4,A7_cgal_spatial_sort,C4_hybrid,D0,2,172974,0 0 0,1.55529703,0.00679751626,2969074,exact,2969074,exact,4.04803475e-13,exact,4.04803475e-13,exact,0.584691919,exact,0.584691919,exact,1,,2346460,0.0487171,31.581749,ok,0.167768,False
stanford_armadillo,E4,A7_cgal_spatial_sort,C4_hybrid,D0,3,172974,0 0 0,1.55529703,0.00679751626,2969074,exact,2969074,exact,4.04803475e-13,exact,4.04803475e-13,exact,0.584691919,exact,0.584691919,exact,1,,2353280,0.0247479,31.581749,ok,0.169956,False
stanford_armadillo,E4,A7_cgal_spatial_sort,C4_hybrid,D0,4,172974,0 0 0,1.55529703,0.00679751626,2969074,exact,2969074,exact,4.04803475e-13,exact,4.04803475e-13,exact,0.584691919,exact,0.584691919,exact,1,,2360060,0.0326044,31.581749,ok,0.164289,False
stanford_bunny,E3,A0_input,C0_uniform,D0,0,35947,0 0 0,0.0266287527,0.106410283,0.0067180047,exact,0.0067180047,exact,5.87116749e-20,exact,5.87116749e-20,exact,0.178363285,exact,0.178363285,exact,1,,30904,0.0521124,0.174599118,ok,0.0274515,False
stanford_bunny,E3,A0_input,C0_uniform,D0,1,35947,0 0 0,0.0266287527,0.106410283,0.0067180047,exact,0.0067180047,exact,5.87116749e-20,exact,5.87116749e-20,exact,0.178363285,exact,0.178363285,exact,1,,101104,0.0602132,0.174599118,ok,0.0274809,False
stanford_bunny,E3,A0_input,C0_uniform,D0,2,35947,0 0 0,0.0266287527,0.106410283,0.0067180047,exact,0.0067180047,exact,5.87116749e-20,exact,5.87116749e-20,exact,0.178363285,exact,0.178363285,exact,1,,118256,0.053369,0.174599118,ok,0.0277403,False
stanford_bunny,E3,A0_input,C0_uniform,D0,3,35947,0 0 0,0.0266287527,0.106410283,0.0067180047,exact,0.0067180047,exact,5.87116749e-20,exact,5.87116749e-20,exact,0.178363285,exact,0.178363285,exact,1,,134936,0.0592679,0.174599118,ok,0.0277677,False
stanford_bunny,E3,A0_input,C0_uniform,D0,4,35947,0 0 0,0.0266287527,0.106410283,0.0067180047,exact,0.0067180047,exact,5.87116749e-20,exact,5.87116749e-20,exact,0.178363285,exact,0.178363285,exact,1,,150808,0.0565847,0.174599118,ok,0.0277396,False
stanford_bunny,E3,A1_lexicographic,C0_uniform,D0,0,35947,0 0 0,0.0500646626,0.200061752,0.00533086914,exact,0.00533086914,exact,6.67160333e-17,exact,6.67160333e-17,exact,0.147494923,exact,0.147494923,exact,1,,165656,0.0659174,0.166218155,ok,0.0311821,False
stanford_bunny,E3,A1_lexicographic,C0_uniform,D0,1,35947,0 0 0,0.0500646626,0.200061752,0.00533086914,exact,0.00533086914,exact,6.67160333e-17,exact,6.67160333e-17,exact,0.147494923,exact,0.147494923,exact,1,,166168,0.0696995,0.166218155,ok,0.0309875,False
stanford_bunny,E3,A1_lexicographic,C0_uniform,D0,2,35947,0 0 0,0.0500646626,0.200061752,0.00533086914,exact,0.00533086914,exact,6.67160333e-17,exact,6.67160333e-17,exact,0.147494923,exact,0.147494923,exact,1,,167192,0.054473,0.166218155,ok,0.0311686,False
stanford_bunny,E3,A1_lexicographic,C0_uniform,D0,3,35947,0 0 0,0.0500646626,0.200061752,0.00533086914,exact,0.00533086914,exact,6.67160333e-17,exact,6.67160333e-17,exact,0.147494923,exact,0.147494923,exact,1,,168472,0.0580842,0.166218155,ok,0.0395097,False
stanford_bunny,E3,A1_lexicographic,C0_uniform,D0,4,35947,0 0 0,0.0500646626,0.200061752,0.00533086914,exact,0.00533086914,exact,6.67160333e-17,exact,6.67160333e-17,exact,0.147494923,exact,0.147494923,exact,1,,169496,0.0589464,0.166218155,ok,0.0313938,False
stanford_bunny,E3,A2_morton,C0_uniform,D0,0,35947,10 10 10,0.00222153718,0.00887741168,0.00305661331,exact,0.00305661331,exact,2.001481e-16,exact,2.001481e-16,exact,0.780385011,exact,0.780385011,exact,1,,170776,0.0667641,0.0383616895,ok,0.0409073,False
stanford_bunny,E3,A2_morton,C0_uniform,D0,1,35947,10 10 10,0.00222153718,0.00887741168,0.00305661331,exact,0.00305661331,exact,2.001481e-16,exact,2.001481e-16,exact,0.780385011,exact,0.780385011,exact,1,,171800,0.0594737,0.0383616895,ok,0.0410062,False
stanford_bunny,E3,A2_morton,C0_uniform,D0,2,35947,10 10 10,0.00222153718,0.00887741168,0.00305661331,exact,0.00305661331,exact,2.001481e-16,exact,2.001481e-16,exact,0.780385011,exact,0.780385011,exact,1,,172940,0.0551803,0.0383616895,ok,0.0420994,False
stanford_bunny,E3,A2_morton,C0_uniform,D0,3,35947,10 10 10,0.00222153718,0.00887741168,0.00305661331,exact,0.00305661331,exact,2.001481e-16,exact,2.001481e-16,exact,0.780385011,exact,0.780385011,exact,1,,174028,0.0627918,0.0383616895,ok,0.0418062,False
stanford_bunny,E3,A2_morton,C0_uniform,D0,4,35947,10 10 10,0.00222153718,0.00887741168,0.00305661331,exact,0.00305661331,exact,2.001481e-16,exact,2.001481e-16,exact,0.780385011,exact,0.780385011,exact,1,,177100,0.0647815,0.0383616895,ok,0.0420802,False
stanford_bunny,E3,A2_morton,C1_monotone_half,D0,0,35947,10 4 1,0.0129368901,0.0516966812,0.00405952276,exact,0.00405952276,exact,2.001481e-16,exact,2.001481e-16,exact,0.255713272,exact,0.255713272,exact,1,,178380,0.051329,0.101283647,ok,0.0419795,False
stanford_bunny,E3,A2_morton,C1_monotone_half,D0,1,35947,10 4 1,0.0129368901,0.0516966812,0.00405952276,exact,0.00405952276,exact,2.001481e-16,exact,2.001481e-16,exact,0.255713272,exact,0.255713272,exact,1,,179404,0.0657368,0.101283647,ok,0.0411979,False
stanford_bunny,E3,A2_morton,C1_monotone_half,D0,2,35947,10 4 1,0.0129368901,0.0516966812,0.00405952276,exact,0.00405952276,exact,2.001481e-16,exact,2.001481e-16,exact,0.255713272,exact,0.255713272,exact,1,,180684,0.0674686,0.101283647,ok,0.0407301,False
stanford_bunny,E3,A2_morton,C1_monotone_half,D0,3,35947,10 4 1,0.0129368901,0.0516966812,0.00405952276,exact,0.00405952276,exact,2.001481e-16,exact,2.001481e-16,exact,0.255713272,exact,0.255713272,exact,1,,181708,0.0622362,0.101283647,ok,0.0417855,False
stanford_bunny,E3,A2_morton,C1_monotone_half,D0,4,35947,10 4 1,0.0129368901,0.0516966812,0.00405952276,exact,0.00405952276,exact,2.001481e-16,exact,2.001481e-16,exact,0.255713272,exact,0.255713272,exact,1,,182732,0.0577711,0.101283647,ok,0.0415376,False
stanford_bunny,E3,A2_morton,C2_occupancy_floor1,D0,0,35947,6 6 5,0.00225421564,0.00900799699,0.00287091517,exact,0.00287091517,exact,2.001481e-16,exact,2.001481e-16,exact,0.782892175,exact,0.782892175,exact,1,,184012,0.0588373,0.0346468686,ok,0.0409187,False
stanford_bunny,E3,A2_morton,C2_occupancy_floor1,D0,1,35947,6 6 5,0.00225421564,0.00900799699,0.00287091517,exact,0.00287091517,exact,2.001481e-16,exact,2.001481e-16,exact,0.782892175,exact,0.782892175,exact,1,,186740,0.0564788,0.0346468686,ok,0.0410925,False
stanford_bunny,E3,A2_morton,C2_occupancy_floor1,D0,2,35947,6 6 5,0.00225421564,0.00900799699,0.00287091517,exact,0.00287091517,exact,2.001481e-16,exact,2.001481e-16,exact,0.782892175,exact,0.782892175,exact,1,,188020,0.0630122,0.0346468686,ok,0.0409269,False
stanford_bunny,E3,A2_morton,C2_occupancy_floor1,D0,3,35947,6 6 5,0.00225421564,0.00900799699,0.00287091517,exact,0.00287091517,exact,2.001481e-16,exact,2.001481e-16,exact,0.782892175,exact,0.782892175,exact,1,,189140,0.0637759,0.0346468686,ok,0.0411928,False
stanford_bunny,E3,A2_morton,C2_occupancy_floor1,D0,4,35947,6 6 5,0.00225421564,0.00900799699,0.00287091517,exact,0.00287091517,exact,2.001481e-16,exact,2.001481e-16,exact,0.782892175,exact,0.782892175,exact,1,,190164,0.0584555,0.0346468686,ok,0.0414712,False
stanford_bunny,E3,A2_morton,C3_frame_core_occupancy,D0,0,35947,6 6 5,0.00225421564,0.00900799699,0.00287091517,exact,0.00287091517,exact,2.001481e-16,exact,2.001481e-16,exact,0.782892175,exact,0.782892175,exact,1,,191212,0.0668123,0.0346468686,ok,0.0413993,False
stanford_bunny,E3,A2_morton,C3_frame_core_occupancy,D0,1,35947,6 6 5,0.00225421564,0.00900799699,0.00287091517,exact,0.00287091517,exact,2.001481e-16,exact,2.001481e-16,exact,0.782892175,exact,0.782892175,exact,1,,192492,0.0562783,0.0346468686,ok,0.0415261,False
stanford_bunny,E3,A2_morton,C3_frame_core_occupancy,D0,2,35947,6 6 5,0.00225421564,0.00900799699,0.00287091517,exact,0.00287091517,exact,2.001481e-16,exact,2.001481e-16,exact,0.782892175,exact,0.782892175,exact,1,,193772,0.0657114,0.0346468686,ok,0.041002,False
stanford_bunny,E3,A2_morton,C3_frame_core_occupancy,D0,3,35947,6 6 5,0.00225421564,0.00900799699,0.00287091517,exact,0.00287091517,exact,2.001481e-16,exact,2.001481e-16,exact,0.782892175,exact,0.782892175,exact,1,,195308,0.0634309,0.0346468686,ok,0.0414812,False
stanford_bunny,E3,A2_morton,C3_frame_core_occupancy,D0,4,35947,6 6 5,0.00225421564,0.00900799699,0.00287091517,exact,0.00287091517,exact,2.001481e-16,exact,2.001481e-16,exact,0.782892175,exact,0.782892175,exact,1,,196588,0.0546304,0.0346468686,ok,0.0413436,False
stanford_bunny,E3,A2_morton,C4_hybrid,D0,0,35947,6 6 5,0.00225421564,0.00900799699,0.00287091517,exact,0.00287091517,exact,2.001481e-16,exact,2.001481e-16,exact,0.782892175,exact,0.782892175,exact,1,,198124,0.0644322,0.0346468686,ok,0.0412872,False
stanford_bunny,E3,A2_morton,C4_hybrid,D0,1,35947,6 6 5,0.00225421564,0.00900799699,0.00287091517,exact,0.00287091517,exact,2.001481e-16,exact,2.001481e-16,exact,0.782892175,exact,0.782892175,exact,1,,199284,0.0586741,0.0346468686,ok,0.0418481,False
stanford_bunny,E3,A2_morton,C4_hybrid,D0,2,35947,6 6 5,0.00225421564,0.00900799699,0.00287091517,exact,0.00287091517,exact,2.001481e-16,exact,2.001481e-16,exact,0.782892175,exact,0.782892175,exact,1,,200740,0.0494185,0.0346468686,ok,0.0410113,False
stanford_bunny,E3,A2_morton,C4_hybrid,D0,3,35947,6 6 5,0.00225421564,0.00900799699,0.00287091517,exact,0.00287091517,exact,2.001481e-16,exact,2.001481e-16,exact,0.782892175,exact,0.782892175,exact,1,,202276,0.061044,0.0346468686,ok,0.0408401,False
stanford_bunny,E3,A2_morton,C4_hybrid,D0,4,35947,6 6 5,0.00225421564,0.00900799699,0.00287091517,exact,0.00287091517,exact,2.001481e-16,exact,2.001481e-16,exact,0.782892175,exact,0.782892175,exact,1,,203556,0.0606302,0.0346468686,ok,0.0472262,False
stanford_bunny,E3,A3_isotropic_hilbert,C0_uniform,D0,0,35947,10 10 10,0.00185191994,0.00740039638,0.000569800375,exact,0.000569800375,exact,2.001481e-16,exact,2.001481e-16,exact,0.78166815,exact,0.78166815,exact,1,,205092,0.057366,0.0280283857,ok,0.0440973,False
stanford_bunny,E3,A3_isotropic_hilbert,C0_uniform,D0,1,35947,10 10 10,0.00185191994,0.00740039638,0.000569800375,exact,0.000569800375,exact,2.001481e-16,exact,2.001481e-16,exact,0.78166815,exact,0.78166815,exact,1,,206372,0.0641565,0.0280283857,ok,0.0438798,False
stanford_bunny,E3,A3_isotropic_hilbert,C0_uniform,D0,2,35947,10 10 10,0.00185191994,0.00740039638,0.000569800375,exact,0.000569800375,exact,2.001481e-16,exact,2.001481e-16,exact,0.78166815,exact,0.78166815,exact,1,,207652,0.0596915,0.0280283857,ok,0.0438028,False
stanford_bunny,E3,A3_isotropic_hilbert,C0_uniform,D0,3,35947,10 10 10,0.00185191994,0.00740039638,0.000569800375,exact,0.000569800375,exact,2.001481e-16,exact,2.001481e-16,exact,0.78166815,exact,0.78166815,exact,1,,209188,0.0635188,0.0280283857,ok,0.0440842,False
stanford_bunny,E3,A3_isotropic_hilbert,C0_uniform,D0,4,35947,10 10 10,0.00185191994,0.00740039638,0.000569800375,exact,0.000569800375,exact,2.001481e-16,exact,2.001481e-16,exact,0.78166815,exact,0.78166815,exact,1,,210724,0.067506,0.0280283857,ok,0.0437869,False
stanford_bunny,E3,A3_isotropic_hilbert,C1_monotone_half,D0,0,35947,10 10 10,0.00185191994,0.00740039638,0.000569800375,exact,0.000569800375,exact,2.001481e-16,exact,2.001481e-16,exact,0.78166815,exact,0.78166815,exact,1,,212004,0.0664612,0.0280283857,ok,0.0436824,False
stanford_bunny,E3,A3_isotropic_hilbert,C1_monotone_half,D0,1,35947,10 10 10,0.00185191994,0.00740039638,0.000569800375,exact,0.000569800375,exact,2.001481e-16,exact,2.001481e-16,exact,0.78166815,exact,0.78166815,exact,1,,213536,0.0605625,0.0280283857,ok,0.0440951,False
stanford_bunny,E3,A3_isotropic_hilbert,C1_monotone_half,D0,2,35947,10 10 10,0.00185191994,0.00740039638,0.000569800375,exact,0.000569800375,exact,2.001481e-16,exact,2.001481e-16,exact,0.78166815,exact,0.78166815,exact,1,,214780,0.0670389,0.0280283857,ok,0.0438894,False
stanford_bunny,E3,A3_isotropic_hilbert,C1_monotone_half,D0,3,35947,10 10 10,0.00185191994,0.00740039638,0.000569800375,exact,0.000569800375,exact,2.001481e-16,exact,2.001481e-16,exact,0.78166815,exact,0.78166815,exact,1,,216316,0.0543589,0.0280283857,ok,0.0437027,False
stanford_bunny,E3,A3_isotropic_hilbert,C1_monotone_half,D0,4,35947,10 10 10,0.00185191994,0.00740039638,0.000569800375,exact,0.000569800375,exact,2.001481e-16,exact,2.001481e-16,exact,0.78166815,exact,0.78166815,exact,1,,217852,0.0683445,0.0280283857,ok,0.043647,False
stanford_bunny,E3,A3_isotropic_hilbert,C2_occupancy_floor1,D0,0,35947,10 10 10,0.00185191994,0.00740039638,0.000569800375,exact,0.000569800375,exact,2.001481e-16,exact,2.001481e-16,exact,0.78166815,exact,0.78166815,exact,1,,219132,0.0645055,0.0280283857,ok,0.0440137,False
stanford_bunny,E3,A3_isotropic_hilbert,C2_occupancy_floor1,D0,1,35947,10 10 10,0.00185191994,0.00740039638,0.000569800375,exact,0.000569800375,exact,2.001481e-16,exact,2.001481e-16,exact,0.78166815,exact,0.78166815,exact,1,,220668,0.0579618,0.0280283857,ok,0.0440305,False
stanford_bunny,E3,A3_isotropic_hilbert,C2_occupancy_floor1,D0,2,35947,10 10 10,0.00185191994,0.00740039638,0.000569800375,exact,0.000569800375,exact,2.001481e-16,exact,2.001481e-16,exact,0.78166815,exact,0.78166815,exact,1,,221948,0.0584948,0.0280283857,ok,0.0439232,False
stanford_bunny,E3,A3_isotropic_hilbert,C2_occupancy_floor1,D0,3,35947,10 10 10,0.00185191994,0.00740039638,0.000569800375,exact,0.000569800375,exact,2.001481e-16,exact,2.001481e-16,exact,0.78166815,exact,0.78166815,exact,1,,223484,0.0537481,0.0280283857,ok,0.0443522,False
stanford_bunny,E3,A3_isotropic_hilbert,C2_occupancy_floor1,D0,4,35947,10 10 10,0.00185191994,0.00740039638,0.000569800375,exact,0.000569800375,exact,2.001481e-16,exact,2.001481e-16,exact,0.78166815,exact,0.78166815,exact,1,,224652,0.0497968,0.0280283857,ok,0.0448692,False
stanford_bunny,E3,A3_isotropic_hilbert,C3_frame_core_occupancy,D0,0,35947,10 10 10,0.00185191994,0.00740039638,0.000569800375,exact,0.000569800375,exact,2.001481e-16,exact,2.001481e-16,exact,0.78166815,exact,0.78166815,exact,1,,226172,0.0511584,0.0280283857,ok,0.0440811,False
stanford_bunny,E3,A3_isotropic_hilbert,C3_frame_core_occupancy,D0,1,35947,10 10 10,0.00185191994,0.00740039638,0.000569800375,exact,0.000569800375,exact,2.001481e-16,exact,2.001481e-16,exact,0.78166815,exact,0.78166815,exact,1,,227708,0.0608538,0.0280283857,ok,0.0437128,False
stanford_bunny,E3,A3_isotropic_hilbert,C3_frame_core_occupancy,D0,2,35947,10 10 10,0.00185191994,0.00740039638,0.000569800375,exact,0.000569800375,exact,2.001481e-16,exact,2.001481e-16,exact,0.78166815,exact,0.78166815,exact,1,,228960,0.0508847,0.0280283857,ok,0.043964,False
stanford_bunny,E3,A3_isotropic_hilbert,C3_frame_core_occupancy,D0,3,35947,10 10 10,0.00185191994,0.00740039638,0.000569800375,exact,0.000569800375,exact,2.001481e-16,exact,2.001481e-16,exact,0.78166815,exact,0.78166815,exact,1,,231008,0.0533095,0.0280283857,ok,0.0437153,False
stanford_bunny,E3,A3_isotropic_hilbert,C3_frame_core_occupancy,D0,4,35947,10 10 10,0.00185191994,0.00740039638,0.000569800375,exact,0.000569800375,exact,2.001481e-16,exact,2.001481e-16,exact,0.78166815,exact,0.78166815,exact,1,,232288,0.0649957,0.0280283857,ok,0.0434648,False
stanford_bunny,E3,A3_isotropic_hilbert,C4_hybrid,D0,0,35947,10 10 10,0.00185191994,0.00740039638,0.000569800375,exact,0.000569800375,exact,2.001481e-16,exact,2.001481e-16,exact,0.78166815,exact,0.78166815,exact,1,,233824,0.0660993,0.0280283857,ok,0.0429215,False
stanford_bunny,E3,A3_isotropic_hilbert,C4_hybrid,D0,1,35947,10 10 10,0.00185191994,0.00740039638,0.000569800375,exact,0.000569800375,exact,2.001481e-16,exact,2.001481e-16,exact,0.78166815,exact,0.78166815,exact,1,,235104,0.0616877,0.0280283857,ok,0.0436908,False
stanford_bunny,E3,A3_isotropic_hilbert,C4_hybrid,D0,2,35947,10 10 10,0.00185191994,0.00740039638,0.000569800375,exact,0.000569800375,exact,2.001481e-16,exact,2.001481e-16,exact,0.78166815,exact,0.78166815,exact,1,,236896,0.0509124,0.0280283857,ok,0.0436049,False
stanford_bunny,E3,A3_isotropic_hilbert,C4_hybrid,D0,3,35947,10 10 10,0.00185191994,0.00740039638,0.000569800375,exact,0.000569800375,exact,2.001481e-16,exact,2.001481e-16,exact,0.78166815,exact,0.78166815,exact,1,,238176,0.0536837,0.0280283857,ok,0.0431995,False
stanford_bunny,E3,A3_isotropic_hilbert,C4_hybrid,D0,4,35947,10 10 10,0.00185191994,0.00740039638,0.000569800375,exact,0.000569800375,exact,2.001481e-16,exact,2.001481e-16,exact,0.78166815,exact,0.78166815,exact,1,,239456,0.0620523,0.0280283857,ok,0.0437643,False
stanford_bunny,E3,A4_compact_hilbert_aabb,C0_uniform,D0,0,35947,10 10 10,0.00185191994,0.00740039638,0.000569800375,exact,0.000569800375,exact,2.001481e-16,exact,2.001481e-16,exact,0.78166815,exact,0.78166815,exact,1,,240820,0.0635793,0.0280283857,ok,0.0441709,False
stanford_bunny,E3,A4_compact_hilbert_aabb,C0_uniform,D0,1,35947,10 10 10,0.00185191994,0.00740039638,0.000569800375,exact,0.000569800375,exact,2.001481e-16,exact,2.001481e-16,exact,0.78166815,exact,0.78166815,exact,1,,242164,0.0654353,0.0280283857,ok,0.0444212,False
stanford_bunny,E3,A4_compact_hilbert_aabb,C0_uniform,D0,2,35947,10 10 10,0.00185191994,0.00740039638,0.000569800375,exact,0.000569800375,exact,2.001481e-16,exact,2.001481e-16,exact,0.78166815,exact,0.78166815,exact,1,,243640,0.0575796,0.0280283857,ok,0.0439941,False
stanford_bunny,E3,A4_compact_hilbert_aabb,C0_uniform,D0,3,35947,10 10 10,0.00185191994,0.00740039638,0.000569800375,exact,0.000569800375,exact,2.001481e-16,exact,2.001481e-16,exact,0.78166815,exact,0.78166815,exact,1,,245096,0.0589559,0.0280283857,ok,0.0441367,False
stanford_bunny,E3,A4_compact_hilbert_aabb,C0_uniform,D0,4,35947,10 10 10,0.00185191994,0.00740039638,0.000569800375,exact,0.000569800375,exact,2.001481e-16,exact,2.001481e-16,exact,0.78166815,exact,0.78166815,exact,1,,246936,0.0674453,0.0280283857,ok,0.0438097,False
stanford_bunny,E3,A4_compact_hilbert_aabb,C1_monotone_half,D0,0,35947,10 4 1,0.01293348,0.0516830541,0.000909545621,exact,0.000909545621,exact,2.001481e-16,exact,2.001481e-16,exact,0.273649401,exact,0.273649401,exact,1,,248216,0.0609185,0.0960725612,ok,0.0442575,False
stanford_bunny,E3,A4_compact_hilbert_aabb,C1_monotone_half,D0,1,35947,10 4 1,0.01293348,0.0516830541,0.000909545621,exact,0.000909545621,exact,2.001481e-16,exact,2.001481e-16,exact,0.273649401,exact,0.273649401,exact,1,,249496,0.0567101,0.0960725612,ok,0.0436406,False
stanford_bunny,E3,A4_compact_hilbert_aabb,C1_monotone_half,D0,2,35947,10 4 1,0.01293348,0.0516830541,0.000909545621,exact,0.000909545621,exact,2.001481e-16,exact,2.001481e-16,exact,0.273649401,exact,0.273649401,exact,1,,251032,0.0580778,0.0960725612,ok,0.0439238,False
stanford_bunny,E3,A4_compact_hilbert_aabb,C1_monotone_half,D0,3,35947,10 4 1,0.01293348,0.0516830541,0.000909545621,exact,0.000909545621,exact,2.001481e-16,exact,2.001481e-16,exact,0.273649401,exact,0.273649401,exact,1,,252312,0.0603607,0.0960725612,ok,0.0437987,False
stanford_bunny,E3,A4_compact_hilbert_aabb,C1_monotone_half,D0,4,35947,10 4 1,0.01293348,0.0516830541,0.000909545621,exact,0.000909545621,exact,2.001481e-16,exact,2.001481e-16,exact,0.273649401,exact,0.273649401,exact,1,,253336,0.0555078,0.0960725612,ok,0.0440015,False
stanford_bunny,E3,A4_compact_hilbert_aabb,C2_occupancy_floor1,D0,0,35947,6 6 5,0.00214465935,0.00857020271,0.000608634031,exact,0.000608634031,exact,2.001481e-16,exact,2.001481e-16,exact,0.782193229,exact,0.782193229,exact,1,,254572,0.0598187,0.0268359576,ok,0.0423918,False
stanford_bunny,E3,A4_compact_hilbert_aabb,C2_occupancy_floor1,D0,1,35947,6 6 5,0.00214465935,0.00857020271,0.000608634031,exact,0.000608634031,exact,2.001481e-16,exact,2.001481e-16,exact,0.782193229,exact,0.782193229,exact,1,,256332,0.0665616,0.0268359576,ok,0.041987,False
stanford_bunny,E3,A4_compact_hilbert_aabb,C2_occupancy_floor1,D0,2,35947,6 6 5,0.00214465935,0.00857020271,0.000608634031,exact,0.000608634031,exact,2.001481e-16,exact,2.001481e-16,exact,0.782193229,exact,0.782193229,exact,1,,257616,0.0599217,0.0268359576,ok,0.0424867,False
stanford_bunny,E3,A4_compact_hilbert_aabb,C2_occupancy_floor1,D0,3,35947,6 6 5,0.00214465935,0.00857020271,0.000608634031,exact,0.000608634031,exact,2.001481e-16,exact,2.001481e-16,exact,0.782193229,exact,0.782193229,exact,1,,259172,0.0598753,0.0268359576,ok,0.0428969,False
stanford_bunny,E3,A4_compact_hilbert_aabb,C2_occupancy_floor1,D0,4,35947,6 6 5,0.00214465935,0.00857020271,0.000608634031,exact,0.000608634031,exact,2.001481e-16,exact,2.001481e-16,exact,0.782193229,exact,0.782193229,exact,1,,260740,0.0531951,0.0268359576,ok,0.0425858,False
stanford_bunny,E3,A5_pca_compact_hilbert,C0_uniform,D0,0,35947,10 10 10,0.00195328235,0.00780544736,0.000469836455,exact,0.000469836455,exact,2.001481e-16,exact,2.001481e-16,exact,0.768193451,exact,0.768193451,exact,1,0,262276,0.0595641,0.0285618811,ok,0.0449042,False
stanford_bunny,E3,A5_pca_compact_hilbert,C0_uniform,D0,1,35947,10 10 10,0.00195328235,0.00780544736,0.000469836455,exact,0.000469836455,exact,2.001481e-16,exact,2.001481e-16,exact,0.768193451,exact,0.768193451,exact,1,0,263556,0.0601945,0.0285618811,ok,0.0447769,False
stanford_bunny,E3,A5_pca_compact_hilbert,C0_uniform,D0,2,35947,10 10 10,0.00195328235,0.00780544736,0.000469836455,exact,0.000469836455,exact,2.001481e-16,exact,2.001481e-16,exact,0.768193451,exact,0.768193451,exact,1,0,265092,0.0670417,0.0285618811,ok,0.0450057,False
stanford_bunny,E3,A5_pca_compact_hilbert,C0_uniform,D0,3,35947,10 10 10,0.00195328235,0.00780544736,0.000469836455,exact,0.000469836455,exact,2.001481e-16,exact,2.001481e-16,exact,0.768193451,exact,0.768193451,exact,1,0,266372,0.0559435,0.0285618811,ok,0.0448303,False
stanford_bunny,E3,A5_pca_compact_hilbert,C0_uniform,D0,4,35947,10 10 10,0.00195328235,0.00780544736,0.000469836455,exact,0.000469836455,exact,2.001481e-16,exact,2.001481e-16,exact,0.768193451,exact,0.768193451,exact,1,0,267652,0.0514934,0.0285618811,ok,0.0448377,False
stanford_bunny,E3,A5_pca_compact_hilbert,C1_monotone_half,D0,0,35947,10 4 1,0.0127433952,0.0509234624,0.00097771307,exact,0.00097771307,exact,2.001481e-16,exact,2.001481e-16,exact,0.293278994,exact,0.293278994,exact,1,0,268984,0.0686964,0.097151514,ok,0.0447858,False
stanford_bunny,E3,A5_pca_compact_hilbert,C1_monotone_half,D0,1,35947,10 4 1,0.0127433952,0.0509234624,0.00097771307,exact,0.00097771307,exact,2.001481e-16,exact,2.001481e-16,exact,0.293278994,exact,0.293278994,exact,1,0,270656,0.0618446,0.097151514,ok,0.0447,False
stanford_bunny,E3,A5_pca_compact_hilbert,C1_monotone_half,D0,2,35947,10 4 1,0.0127433952,0.0509234624,0.00097771307,exact,0.00097771307,exact,2.001481e-16,exact,2.001481e-16,exact,0.293278994,exact,0.293278994,exact,1,0,271744,0.0648604,0.097151514,ok,0.0450693,False
stanford_bunny,E3,A5_pca_compact_hilbert,C1_monotone_half,D0,3,35947,10 4 1,0.0127433952,0.0509234624,0.00097771307,exact,0.00097771307,exact,2.001481e-16,exact,2.001481e-16,exact,0.293278994,exact,0.293278994,exact,1,0,273360,0.060009,0.097151514,ok,0.0446492,False
stanford_bunny,E3,A5_pca_compact_hilbert,C1_monotone_half,D0,4,35947,10 4 1,0.0127433952,0.0509234624,0.00097771307,exact,0.00097771307,exact,2.001481e-16,exact,2.001481e-16,exact,0.293278994,exact,0.293278994,exact,1,0,274704,0.0561699,0.097151514,ok,0.0443905,False
stanford_bunny,E3,A5_pca_compact_hilbert,C2_occupancy_floor1,D0,0,35947,6 6 5,0.00220450407,0.00880934622,0.000371046627,exact,0.000371046627,exact,2.001481e-16,exact,2.001481e-16,exact,0.774362256,exact,0.774362256,exact,1,0,276560,0.0627443,0.0298940496,ok,0.0431529,False
stanford_bunny,E3,A5_pca_compact_hilbert,C2_occupancy_floor1,D0,1,35947,6 6 5,0.00220450407,0.00880934622,0.000371046627,exact,0.000371046627,exact,2.001481e-16,exact,2.001481e-16,exact,0.774362256,exact,0.774362256,exact,1,0,277840,0.0579511,0.0298940496,ok,0.0440021,False
stanford_bunny,E3,A5_pca_compact_hilbert,C2_occupancy_floor1,D0,2,35947,6 6 5,0.00220450407,0.00880934622,0.000371046627,exact,0.000371046627,exact,2.001481e-16,exact,2.001481e-16,exact,0.774362256,exact,0.774362256,exact,1,0,279120,0.0585562,0.0298940496,ok,0.0431592,False
stanford_bunny,E3,A5_pca_compact_hilbert,C2_occupancy_floor1,D0,3,35947,6 6 5,0.00220450407,0.00880934622,0.000371046627,exact,0.000371046627,exact,2.001481e-16,exact,2.001481e-16,exact,0.774362256,exact,0.774362256,exact,1,0,280448,0.0547727,0.0298940496,ok,0.0434589,False
stanford_bunny,E3,A5_pca_compact_hilbert,C2_occupancy_floor1,D0,4,35947,6 6 5,0.00220450407,0.00880934622,0.000371046627,exact,0.000371046627,exact,2.001481e-16,exact,2.001481e-16,exact,0.774362256,exact,0.774362256,exact,1,0,282024,0.0541245,0.0298940496,ok,0.0434033,False
stanford_bunny,E3,A5_pca_compact_hilbert,C3_frame_core_occupancy,D0,0,35947,6 5 5,0.00225125369,0.00899616086,0.000222464511,exact,0.000222464511,exact,2.001481e-16,exact,2.001481e-16,exact,0.777523159,exact,0.777523159,exact,1,0,283420,0.0578288,0.0275200875,ok,0.0438094,False
stanford_bunny,E3,A5_pca_compact_hilbert,C3_frame_core_occupancy,D0,1,35947,6 5 5,0.00225125369,0.00899616086,0.000222464511,exact,0.000222464511,exact,2.001481e-16,exact,2.001481e-16,exact,0.777523159,exact,0.777523159,exact,1,0,284736,0.0583692,0.0275200875,ok,0.0435722,False
stanford_bunny,E3,A5_pca_compact_hilbert,C3_frame_core_occupancy,D0,2,35947,6 5 5,0.00225125369,0.00899616086,0.000222464511,exact,0.000222464511,exact,2.001481e-16,exact,2.001481e-16,exact,0.777523159,exact,0.777523159,exact,1,0,286436,0.0579661,0.0275200875,ok,0.0436792,False
stanford_bunny,E3,A5_pca_compact_hilbert,C3_frame_core_occupancy,D0,3,35947,6 5 5,0.00225125369,0.00899616086,0.000222464511,exact,0.000222464511,exact,2.001481e-16,exact,2.001481e-16,exact,0.777523159,exact,0.777523159,exact,1,0,287732,0.0592227,0.0275200875,ok,0.0434642,False
stanford_bunny,E3,A5_pca_compact_hilbert,C3_frame_core_occupancy,D0,4,35947,6 5 5,0.00225125369,0.00899616086,0.000222464511,exact,0.000222464511,exact,2.001481e-16,exact,2.001481e-16,exact,0.777523159,exact,0.777523159,exact,1,0,289172,0.0595034,0.0275200875,ok,0.0430034,False
stanford_bunny,E3,A5_pca_compact_hilbert,C4_hybrid,D0,0,35947,6 6 5,0.00220450407,0.00880934622,0.000371046627,exact,0.000371046627,exact,2.001481e-16,exact,2.001481e-16,exact,0.774362256,exact,0.774362256,exact,1,0,290980,0.053006,0.0298940496,ok,0.0442681,False
stanford_bunny,E3,A5_pca_compact_hilbert,C4_hybrid,D0,1,35947,6 6 5,0.00220450407,0.00880934622,0.000371046627,exact,0.000371046627,exact,2.001481e-16,exact,2.001481e-16,exact,0.774362256,exact,0.774362256,exact,1,0,292260,0.0592477,0.0298940496,ok,0.0433477,False
stanford_bunny,E3,A5_pca_compact_hilbert,C4_hybrid,D0,2,35947,6 6 5,0.00220450407,0.00880934622,0.000371046627,exact,0.000371046627,exact,2.001481e-16,exact,2.001481e-16,exact,0.774362256,exact,0.774362256,exact,1,0,293796,0.0517076,0.0298940496,ok,0.0433885,False
stanford_bunny,E3,A5_pca_compact_hilbert,C4_hybrid,D0,3,35947,6 6 5,0.00220450407,0.00880934622,0.000371046627,exact,0.000371046627,exact,2.001481e-16,exact,2.001481e-16,exact,0.774362256,exact,0.774362256,exact,1,0,295076,0.0347678,0.0298940496,ok,0.0435981,False
stanford_bunny,E3,A5_pca_compact_hilbert,C4_hybrid,D0,4,35947,6 6 5,0.00220450407,0.00880934622,0.000371046627,exact,0.000371046627,exact,2.001481e-16,exact,2.001481e-16,exact,0.774362256,exact,0.774362256,exact,1,0,296356,0.0627103,0.0298940496,ok,0.0439857,False
stanford_bunny,E3,A5b_robust_frame_morton,C0_uniform,D0,0,35947,10 10 10,0.00232099423,0.00927484873,0.00553809348,exact,0.00553809348,exact,2.001481e-16,exact,2.001481e-16,exact,0.771222216,exact,0.771222216,exact,1,0,297876,0.0546606,0.0406016319,ok,0.456091,False
stanford_bunny,E3,A5b_robust_frame_morton,C0_uniform,D0,1,35947,10 10 10,0.00232099423,0.00927484873,0.00553809348,exact,0.00553809348,exact,2.001481e-16,exact,2.001481e-16,exact,0.771222216,exact,0.771222216,exact,1,0,299156,0.0648938,0.0406016319,ok,0.458092,False
stanford_bunny,E3,A5b_robust_frame_morton,C0_uniform,D0,2,35947,10 10 10,0.00232099423,0.00927484873,0.00553809348,exact,0.00553809348,exact,2.001481e-16,exact,2.001481e-16,exact,0.771222216,exact,0.771222216,exact,1,0,300680,0.0567364,0.0406016319,ok,0.459675,False
stanford_bunny,E3,A5b_robust_frame_morton,C0_uniform,D0,3,35947,10 10 10,0.00232099423,0.00927484873,0.00553809348,exact,0.00553809348,exact,2.001481e-16,exact,2.001481e-16,exact,0.771222216,exact,0.771222216,exact,1,0,302024,0.0627877,0.0406016319,ok,0.45932,False
stanford_bunny,E3,A5b_robust_frame_morton,C0_uniform,D0,4,35947,10 10 10,0.00232099423,0.00927484873,0.00553809348,exact,0.00553809348,exact,2.001481e-16,exact,2.001481e-16,exact,0.771222216,exact,0.771222216,exact,1,0,303412,0.072812,0.0406016319,ok,0.460696,False
stanford_bunny,E3,A5b_robust_frame_morton,C1_monotone_half,D0,0,35947,10 4 1,0.011058799,0.044191703,0.00261101676,exact,0.00261101676,exact,2.001481e-16,exact,2.001481e-16,exact,0.267473642,exact,0.267473642,exact,1,0,304940,0.0652305,0.0998041863,ok,0.46137,False
stanford_bunny,E3,A5b_robust_frame_morton,C1_monotone_half,D0,1,35947,10 4 1,0.011058799,0.044191703,0.00261101676,exact,0.00261101676,exact,2.001481e-16,exact,2.001481e-16,exact,0.267473642,exact,0.267473642,exact,1,0,306432,0.0707158,0.0998041863,ok,0.458432,False
stanford_bunny,E3,A5b_robust_frame_morton,C1_monotone_half,D0,2,35947,10 4 1,0.011058799,0.044191703,0.00261101676,exact,0.00261101676,exact,2.001481e-16,exact,2.001481e-16,exact,0.267473642,exact,0.267473642,exact,1,0,307968,0.0605249,0.0998041863,ok,0.460151,False
stanford_bunny,E3,A5b_robust_frame_morton,C1_monotone_half,D0,3,35947,10 4 1,0.011058799,0.044191703,0.00261101676,exact,0.00261101676,exact,2.001481e-16,exact,2.001481e-16,exact,0.267473642,exact,0.267473642,exact,1,0,309760,0.0633515,0.0998041863,ok,0.460577,False
stanford_bunny,E3,A5b_robust_frame_morton,C1_monotone_half,D0,4,35947,10 4 1,0.011058799,0.044191703,0.00261101676,exact,0.00261101676,exact,2.001481e-16,exact,2.001481e-16,exact,0.267473642,exact,0.267473642,exact,1,0,310784,0.0587121,0.0998041863,ok,0.461587,False
stanford_bunny,E3,A5b_robust_frame_morton,C2_occupancy_floor1,D0,0,35947,6 6 5,0.00235763052,0.00942124979,0.00466181856,exact,0.00466181856,exact,2.001481e-16,exact,2.001481e-16,exact,0.774289231,exact,0.774289231,exact,1,0,312216,0.0601823,0.0373368618,ok,0.460097,False
stanford_bunny,E3,A5b_robust_frame_morton,C2_occupancy_floor1,D0,1,35947,6 6 5,0.00235763052,0.00942124979,0.00466181856,exact,0.00466181856,exact,2.001481e-16,exact,2.001481e-16,exact,0.774289231,exact,0.774289231,exact,1,0,313500,0.0576001,0.0373368618,ok,0.462033,False
stanford_bunny,E3,A5b_robust_frame_morton,C2_occupancy_floor1,D0,2,35947,6 6 5,0.00235763052,0.00942124979,0.00466181856,exact,0.00466181856,exact,2.001481e-16,exact,2.001481e-16,exact,0.774289231,exact,0.774289231,exact,1,0,315020,0.0625908,0.0373368618,ok,0.460761,False
stanford_bunny,E3,A5b_robust_frame_morton,C2_occupancy_floor1,D0,3,35947,6 6 5,0.00235763052,0.00942124979,0.00466181856,exact,0.00466181856,exact,2.001481e-16,exact,2.001481e-16,exact,0.774289231,exact,0.774289231,exact,1,0,316632,0.0566451,0.0373368618,ok,0.463605,False
stanford_bunny,E3,A5b_robust_frame_morton,C2_occupancy_floor1,D0,4,35947,6 6 5,0.00235763052,0.00942124979,0.00466181856,exact,0.00466181856,exact,2.001481e-16,exact,2.001481e-16,exact,0.774289231,exact,0.774289231,exact,1,0,317964,0.0522412,0.0373368618,ok,0.462162,False
stanford_bunny,E3,A5b_robust_frame_morton,C3_frame_core_occupancy,D0,0,35947,6 5 5,0.00243681662,0.00973768279,0.00183113774,exact,0.00183113774,exact,2.001481e-16,exact,2.001481e-16,exact,0.774320527,exact,0.774320527,exact,1,0,319768,0.0672095,0.0373262835,ok,0.462387,False
stanford_bunny,E3,A5b_robust_frame_morton,C3_frame_core_occupancy,D0,1,35947,6 5 5,0.00243681662,0.00973768279,0.00183113774,exact,0.00183113774,exact,2.001481e-16,exact,2.001481e-16,exact,0.774320527,exact,0.774320527,exact,1,0,321048,0.0599412,0.0373262835,ok,0.462745,False
stanford_bunny,E3,A5b_robust_frame_morton,C3_frame_core_occupancy,D0,2,35947,6 5 5,0.00243681662,0.00973768279,0.00183113774,exact,0.00183113774,exact,2.001481e-16,exact,2.001481e-16,exact,0.774320527,exact,0.774320527,exact,1,0,322692,0.0734279,0.0373262835,ok,0.458334,False
stanford_bunny,E3,A5b_robust_frame_morton,C3_frame_core_occupancy,D0,3,35947,6 5 5,0.00243681662,0.00973768279,0.00183113774,exact,0.00183113774,exact,2.001481e-16,exact,2.001481e-16,exact,0.774320527,exact,0.774320527,exact,1,0,323972,0.0635923,0.0373262835,ok,0.459722,False
stanford_bunny,E3,A5b_robust_frame_morton,C3_frame_core_occupancy,D0,4,35947,6 5 5,0.00243681662,0.00973768279,0.00183113774,exact,0.00183113774,exact,2.001481e-16,exact,2.001481e-16,exact,0.774320527,exact,0.774320527,exact,1,0,324996,0.0681405,0.0373262835,ok,0.461556,False
stanford_bunny,E3,A5b_robust_frame_morton,C4_hybrid,D0,0,35947,6 6 5,0.00235763052,0.00942124979,0.00466181856,exact,0.00466181856,exact,2.001481e-16,exact,2.001481e-16,exact,0.774289231,exact,0.774289231,exact,1,0,326272,0.0665723,0.0373368618,ok,0.459323,False
stanford_bunny,E3,A5b_robust_frame_morton,C4_hybrid,D0,1,35947,6 6 5,0.00235763052,0.00942124979,0.00466181856,exact,0.00466181856,exact,2.001481e-16,exact,2.001481e-16,exact,0.774289231,exact,0.774289231,exact,1,0,328036,0.0430945,0.0373368618,ok,0.457567,False
stanford_bunny,E3,A5b_robust_frame_morton,C4_hybrid,D0,2,35947,6 6 5,0.00235763052,0.00942124979,0.00466181856,exact,0.00466181856,exact,2.001481e-16,exact,2.001481e-16,exact,0.774289231,exact,0.774289231,exact,1,0,329360,0.0639116,0.0373368618,ok,0.462444,False
stanford_bunny,E3,A5b_robust_frame_morton,C4_hybrid,D0,3,35947,6 6 5,0.00235763052,0.00942124979,0.00466181856,exact,0.00466181856,exact,2.001481e-16,exact,2.001481e-16,exact,0.774289231,exact,0.774289231,exact,1,0,330916,0.057544,0.0373368618,ok,0.459177,False
stanford_bunny,E3,A5b_robust_frame_morton,C4_hybrid,D0,4,35947,6 6 5,0.00235763052,0.00942124979,0.00466181856,exact,0.00466181856,exact,2.001481e-16,exact,2.001481e-16,exact,0.774289231,exact,0.774289231,exact,1,0,332020,0.0549899,0.0373368618,ok,0.46051,False
stanford_bunny,E3,A6_rch,C0_uniform,D0,0,35947,10 10 10,0.00192387649,0.00768793959,0.00114609761,exact,0.00114609761,exact,2.001481e-16,exact,2.001481e-16,exact,0.771882911,exact,0.771882911,exact,1,0,333812,0.0645697,0.0279417083,ok,0.458884,False
stanford_bunny,E3,A6_rch,C0_uniform,D0,1,35947,10 10 10,0.00192387649,0.00768793959,0.00114609761,exact,0.00114609761,exact,2.001481e-16,exact,2.001481e-16,exact,0.771882911,exact,0.771882911,exact,1,0,335092,0.0405658,0.0279417083,ok,0.458523,False
stanford_bunny,E3,A6_rch,C0_uniform,D0,2,35947,10 10 10,0.00192387649,0.00768793959,0.00114609761,exact,0.00114609761,exact,2.001481e-16,exact,2.001481e-16,exact,0.771882911,exact,0.771882911,exact,1,0,336372,0.0598427,0.0279417083,ok,0.463094,False
stanford_bunny,E3,A6_rch,C0_uniform,D0,3,35947,10 10 10,0.00192387649,0.00768793959,0.00114609761,exact,0.00114609761,exact,2.001481e-16,exact,2.001481e-16,exact,0.771882911,exact,0.771882911,exact,1,0,337996,0.0568606,0.0279417083,ok,0.464262,False
stanford_bunny,E3,A6_rch,C0_uniform,D0,4,35947,10 10 10,0.00192387649,0.00768793959,0.00114609761,exact,0.00114609761,exact,2.001481e-16,exact,2.001481e-16,exact,0.771882911,exact,0.771882911,exact,1,0,339468,0.0602033,0.0279417083,ok,0.465283,False
stanford_bunny,E3,A6_rch,C1_monotone_half,D0,0,35947,10 4 1,0.0120100098,0.0479928053,0.000940455801,exact,0.000940455801,exact,2.001481e-16,exact,2.001481e-16,exact,0.286324311,exact,0.286324311,exact,1,0,340700,0.0633113,0.0966614668,ok,0.46478,False
stanford_bunny,E3,A6_rch,C1_monotone_half,D0,1,35947,10 4 1,0.0120100098,0.0479928053,0.000940455801,exact,0.000940455801,exact,2.001481e-16,exact,2.001481e-16,exact,0.286324311,exact,0.286324311,exact,1,0,342460,0.0576521,0.0966614668,ok,0.469656,False
stanford_bunny,E3,A6_rch,C1_monotone_half,D0,2,35947,10 4 1,0.0120100098,0.0479928053,0.000940455801,exact,0.000940455801,exact,2.001481e-16,exact,2.001481e-16,exact,0.286324311,exact,0.286324311,exact,1,0,343760,0.060133,0.0966614668,ok,0.465842,False
stanford_bunny,E3,A6_rch,C1_monotone_half,D0,3,35947,10 4 1,0.0120100098,0.0479928053,0.000940455801,exact,0.000940455801,exact,2.001481e-16,exact,2.001481e-16,exact,0.286324311,exact,0.286324311,exact,1,0,345360,0.0526982,0.0966614668,ok,0.464205,False
stanford_bunny,E3,A6_rch,C1_monotone_half,D0,4,35947,10 4 1,0.0120100098,0.0479928053,0.000940455801,exact,0.000940455801,exact,2.001481e-16,exact,2.001481e-16,exact,0.286324311,exact,0.286324311,exact,1,0,346936,0.0602782,0.0966614668,ok,0.464617,False
stanford_bunny,E3,A6_rch,C2_occupancy_floor1,D0,0,35947,6 6 5,0.00228265953,0.00912166071,0.00033297748,exact,0.00033297748,exact,2.001481e-16,exact,2.001481e-16,exact,0.776911147,exact,0.776911147,exact,1,0,348216,0.0567922,0.0296733792,ok,0.465575,False
stanford_bunny,E3,A6_rch,C2_occupancy_floor1,D0,1,35947,6 6 5,0.00228265953,0.00912166071,0.00033297748,exact,0.00033297748,exact,2.001481e-16,exact,2.001481e-16,exact,0.776911147,exact,0.776911147,exact,1,0,349288,0.0566505,0.0296733792,ok,0.462379,False
stanford_bunny,E3,A6_rch,C2_occupancy_floor1,D0,2,35947,6 6 5,0.00228265953,0.00912166071,0.00033297748,exact,0.00033297748,exact,2.001481e-16,exact,2.001481e-16,exact,0.776911147,exact,0.776911147,exact,1,0,351048,0.0570119,0.0296733792,ok,0.462876,False
stanford_bunny,E3,A6_rch,C2_occupancy_floor1,D0,3,35947,6 6 5,0.00228265953,0.00912166071,0.00033297748,exact,0.00033297748,exact,2.001481e-16,exact,2.001481e-16,exact,0.776911147,exact,0.776911147,exact,1,0,352380,0.0599084,0.0296733792,ok,0.464767,False
stanford_bunny,E3,A6_rch,C2_occupancy_floor1,D0,4,35947,6 6 5,0.00228265953,0.00912166071,0.00033297748,exact,0.00033297748,exact,2.001481e-16,exact,2.001481e-16,exact,0.776911147,exact,0.776911147,exact,1,0,353708,0.0615309,0.0296733792,ok,0.46479,False
stanford_bunny,E3,A6_rch,C3_frame_core_occupancy,D0,0,35947,6 5 5,0.00235850331,0.00942473751,0.000716093603,exact,0.000716093603,exact,2.001481e-16,exact,2.001481e-16,exact,0.774800401,exact,0.774800401,exact,1,0,355372,0.0641193,0.0279163928,ok,0.462616,False
stanford_bunny,E3,A6_rch,C3_frame_core_occupancy,D0,1,35947,6 5 5,0.00235850331,0.00942473751,0.000716093603,exact,0.000716093603,exact,2.001481e-16,exact,2.001481e-16,exact,0.774800401,exact,0.774800401,exact,1,0,356820,0.056461,0.0279163928,ok,0.463334,False
stanford_bunny,E3,A6_rch,C3_frame_core_occupancy,D0,2,35947,6 5 5,0.00235850331,0.00942473751,0.000716093603,exact,0.000716093603,exact,2.001481e-16,exact,2.001481e-16,exact,0.774800401,exact,0.774800401,exact,1,0,357956,0.062837,0.0279163928,ok,0.463812,False
stanford_bunny,E3,A6_rch,C3_frame_core_occupancy,D0,3,35947,6 5 5,0.00235850331,0.00942473751,0.000716093603,exact,0.000716093603,exact,2.001481e-16,exact,2.001481e-16,exact,0.774800401,exact,0.774800401,exact,1,0,360004,0.0545959,0.0279163928,ok,0.458629,False
stanford_bunny,E3,A6_rch,C3_frame_core_occupancy,D0,4,35947,6 5 5,0.00235850331,0.00942473751,0.000716093603,exact,0.000716093603,exact,2.001481e-16,exact,2.001481e-16,exact,0.774800401,exact,0.774800401,exact,1,0,361284,0.0660756,0.0279163928,ok,0.471509,False
stanford_bunny,E3,A6_rch,C4_hybrid,D0,0,35947,6 6 5,0.00228265953,0.00912166071,0.00033297748,exact,0.00033297748,exact,2.001481e-16,exact,2.001481e-16,exact,0.776911147,exact,0.776911147,exact,1,0,362564,0.0739364,0.0296733792,ok,0.462434,False
stanford_bunny,E3,A6_rch,C4_hybrid,D0,1,35947,6 6 5,0.00228265953,0.00912166071,0.00033297748,exact,0.00033297748,exact,2.001481e-16,exact,2.001481e-16,exact,0.776911147,exact,0.776911147,exact,1,0,364032,0.0626336,0.0296733792,ok,0.4616,False
stanford_bunny,E3,A6_rch,C4_hybrid,D0,2,35947,6 6 5,0.00228265953,0.00912166071,0.00033297748,exact,0.00033297748,exact,2.001481e-16,exact,2.001481e-16,exact,0.776911147,exact,0.776911147,exact,1,0,365668,0.063023,0.0296733792,ok,0.465202,False
stanford_bunny,E3,A6_rch,C4_hybrid,D0,3,35947,6 6 5,0.00228265953,0.00912166071,0.00033297748,exact,0.00033297748,exact,2.001481e-16,exact,2.001481e-16,exact,0.776911147,exact,0.776911147,exact,1,0,366964,0.0723258,0.0296733792,ok,0.464452,False
stanford_bunny,E3,A6_rch,C4_hybrid,D0,4,35947,6 6 5,0.00228265953,0.00912166071,0.00033297748,exact,0.00033297748,exact,2.001481e-16,exact,2.001481e-16,exact,0.776911147,exact,0.776911147,exact,1,0,368308,0.0586506,0.0296733792,ok,0.459498,False
stanford_bunny,E3,A6_rch_b2_mrcd,C0_uniform,D0,0,35947,10 10 10,0.00192393507,0.00768817366,0.00114609761,exact,0.00114609761,exact,2.001481e-16,exact,2.001481e-16,exact,0.771886388,exact,0.771886388,exact,1,0,369832,0.06686,0.0279417083,ok,0.486043,False
stanford_bunny,E3,A6_rch_b2_mrcd,C0_uniform,D0,1,35947,10 10 10,0.00192393507,0.00768817366,0.00114609761,exact,0.00114609761,exact,2.001481e-16,exact,2.001481e-16,exact,0.771886388,exact,0.771886388,exact,1,0,371420,0.0585719,0.0279417083,ok,0.486782,False
stanford_bunny,E3,A6_rch_b2_mrcd,C0_uniform,D0,2,35947,10 10 10,0.00192393507,0.00768817366,0.00114609761,exact,0.00114609761,exact,2.001481e-16,exact,2.001481e-16,exact,0.771886388,exact,0.771886388,exact,1,0,372700,0.0575967,0.0279417083,ok,0.484124,False
stanford_bunny,E3,A6_rch_b2_mrcd,C0_uniform,D0,3,35947,10 10 10,0.00192393507,0.00768817366,0.00114609761,exact,0.00114609761,exact,2.001481e-16,exact,2.001481e-16,exact,0.771886388,exact,0.771886388,exact,1,0,374184,0.0552893,0.0279417083,ok,0.48768,False
stanford_bunny,E3,A6_rch_b2_mrcd,C0_uniform,D0,4,35947,10 10 10,0.00192393507,0.00768817366,0.00114609761,exact,0.00114609761,exact,2.001481e-16,exact,2.001481e-16,exact,0.771886388,exact,0.771886388,exact,1,0,375572,0.0558108,0.0279417083,ok,0.473164,False
stanford_bunny,E3,A6_rch_b2_mrcd,C1_monotone_half,D0,0,35947,10 4 1,0.0120179889,0.0480246904,0.000940455801,exact,0.000940455801,exact,2.001481e-16,exact,2.001481e-16,exact,0.286174785,exact,0.286174785,exact,1,0,376956,0.0586328,0.0965730432,ok,0.484802,False
stanford_bunny,E3,A6_rch_b2_mrcd,C1_monotone_half,D0,1,35947,10 4 1,0.0120179889,0.0480246904,0.000940455801,exact,0.000940455801,exact,2.001481e-16,exact,2.001481e-16,exact,0.286174785,exact,0.286174785,exact,1,0,378464,0.0579571,0.0965730432,ok,0.475787,False
stanford_bunny,E3,A6_rch_b2_mrcd,C1_monotone_half,D0,2,35947,10 4 1,0.0120179889,0.0480246904,0.000940455801,exact,0.000940455801,exact,2.001481e-16,exact,2.001481e-16,exact,0.286174785,exact,0.286174785,exact,1,0,380000,0.0663101,0.0965730432,ok,0.487865,False
stanford_bunny,E3,A6_rch_b2_mrcd,C1_monotone_half,D0,3,35947,10 4 1,0.0120179889,0.0480246904,0.000940455801,exact,0.000940455801,exact,2.001481e-16,exact,2.001481e-16,exact,0.286174785,exact,0.286174785,exact,1,0,381056,0.0554395,0.0965730432,ok,0.485214,False
stanford_bunny,E3,A6_rch_b2_mrcd,C1_monotone_half,D0,4,35947,10 4 1,0.0120179889,0.0480246904,0.000940455801,exact,0.000940455801,exact,2.001481e-16,exact,2.001481e-16,exact,0.286174785,exact,0.286174785,exact,1,0,382792,0.0587883,0.0965730432,ok,0.485355,False
stanford_bunny,E3,A6_rch_b2_mrcd,C2_occupancy_floor1,D0,0,35947,6 6 5,0.00228269562,0.00912180492,0.00033297748,exact,0.00033297748,exact,2.001481e-16,exact,2.001481e-16,exact,0.776890283,exact,0.776890283,exact,1,0,384236,0.054449,0.0296733792,ok,0.480711,False
stanford_bunny,E3,A6_rch_b2_mrcd,C2_occupancy_floor1,D0,1,35947,6 6 5,0.00228269562,0.00912180492,0.00033297748,exact,0.00033297748,exact,2.001481e-16,exact,2.001481e-16,exact,0.776890283,exact,0.776890283,exact,1,0,386120,0.0654298,0.0296733792,ok,0.477716,False
stanford_bunny,E3,A6_rch_b2_mrcd,C2_occupancy_floor1,D0,2,35947,6 6 5,0.00228269562,0.00912180492,0.00033297748,exact,0.00033297748,exact,2.001481e-16,exact,2.001481e-16,exact,0.776890283,exact,0.776890283,exact,1,0,387180,0.0674043,0.0296733792,ok,0.474331,False
stanford_bunny,E3,A6_rch_b2_mrcd,C2_occupancy_floor1,D0,3,35947,6 6 5,0.00228269562,0.00912180492,0.00033297748,exact,0.00033297748,exact,2.001481e-16,exact,2.001481e-16,exact,0.776890283,exact,0.776890283,exact,1,0,388608,0.0609579,0.0296733792,ok,0.485181,False
stanford_bunny,E3,A6_rch_b2_mrcd,C2_occupancy_floor1,D0,4,35947,6 6 5,0.00228269562,0.00912180492,0.00033297748,exact,0.00033297748,exact,2.001481e-16,exact,2.001481e-16,exact,0.776890283,exact,0.776890283,exact,1,0,390100,0.0614074,0.0296733792,ok,0.475262,False
stanford_bunny,E3,A6_rch_b2_mrcd,C3_frame_core_occupancy,D0,0,35947,6 5 5,0.0023587071,0.0094255519,0.000716093603,exact,0.000716093603,exact,2.001481e-16,exact,2.001481e-16,exact,0.774786491,exact,0.774786491,exact,1,0,391568,0.0523904,0.0283757166,ok,0.484552,False
stanford_bunny,E3,A6_rch_b2_mrcd,C3_frame_core_occupancy,D0,1,35947,6 5 5,0.0023587071,0.0094255519,0.000716093603,exact,0.000716093603,exact,2.001481e-16,exact,2.001481e-16,exact,0.774786491,exact,0.774786491,exact,1,0,392984,0.0593013,0.0283757166,ok,0.479082,False
stanford_bunny,E3,A6_rch_b2_mrcd,C3_frame_core_occupancy,D0,2,35947,6 5 5,0.0023587071,0.0094255519,0.000716093603,exact,0.000716093603,exact,2.001481e-16,exact,2.001481e-16,exact,0.774786491,exact,0.774786491,exact,1,0,394188,0.0563049,0.0283757166,ok,0.481302,False
stanford_bunny,E3,A6_rch_b2_mrcd,C3_frame_core_occupancy,D0,3,35947,6 5 5,0.0023587071,0.0094255519,0.000716093603,exact,0.000716093603,exact,2.001481e-16,exact,2.001481e-16,exact,0.774786491,exact,0.774786491,exact,1,0,395664,0.0601551,0.0283757166,ok,0.475244,False
stanford_bunny,E3,A6_rch_b2_mrcd,C3_frame_core_occupancy,D0,4,35947,6 5 5,0.0023587071,0.0094255519,0.000716093603,exact,0.000716093603,exact,2.001481e-16,exact,2.001481e-16,exact,0.774786491,exact,0.774786491,exact,1,0,396944,0.0514519,0.0283757166,ok,0.478934,False
stanford_bunny,E3,A6_rch_b2_mrcd,C4_hybrid,D0,0,35947,6 6 5,0.00228269562,0.00912180492,0.00033297748,exact,0.00033297748,exact,2.001481e-16,exact,2.001481e-16,exact,0.776890283,exact,0.776890283,exact,1,0,398740,0.0522504,0.0296733792,ok,0.485345,False
stanford_bunny,E3,A6_rch_b2_mrcd,C4_hybrid,D0,1,35947,6 6 5,0.00228269562,0.00912180492,0.00033297748,exact,0.00033297748,exact,2.001481e-16,exact,2.001481e-16,exact,0.776890283,exact,0.776890283,exact,1,0,400232,0.0407385,0.0296733792,ok,0.478262,False
stanford_bunny,E3,A6_rch_b2_mrcd,C4_hybrid,D0,2,35947,6 6 5,0.00228269562,0.00912180492,0.00033297748,exact,0.00033297748,exact,2.001481e-16,exact,2.001481e-16,exact,0.776890283,exact,0.776890283,exact,1,0,401512,0.0638602,0.0296733792,ok,0.480815,False
stanford_bunny,E3,A6_rch_b2_mrcd,C4_hybrid,D0,3,35947,6 6 5,0.00228269562,0.00912180492,0.00033297748,exact,0.00033297748,exact,2.001481e-16,exact,2.001481e-16,exact,0.776890283,exact,0.776890283,exact,1,0,402996,0.0562209,0.0296733792,ok,0.483612,False
stanford_bunny,E3,A6_rch_b2_mrcd,C4_hybrid,D0,4,35947,6 6 5,0.00228269562,0.00912180492,0.00033297748,exact,0.00033297748,exact,2.001481e-16,exact,2.001481e-16,exact,0.776890283,exact,0.776890283,exact,1,0,404360,0.061243,0.0296733792,ok,0.481066,False
stanford_bunny,E3,A6_rch_b3_ogk,C0_uniform,D0,0,35947,10 10 10,0.00194512247,0.00777283996,0.00154005577,exact,0.00154005577,exact,2.001481e-16,exact,2.001481e-16,exact,0.770105989,exact,0.770105989,exact,1,0,405680,0.0627386,0.0287741849,ok,0.0938656,False
stanford_bunny,E3,A6_rch_b3_ogk,C0_uniform,D0,1,35947,10 10 10,0.00194512247,0.00777283996,0.00154005577,exact,0.00154005577,exact,2.001481e-16,exact,2.001481e-16,exact,0.770105989,exact,0.770105989,exact,1,0,406960,0.0616873,0.0287741849,ok,0.0924325,False
stanford_bunny,E3,A6_rch_b3_ogk,C0_uniform,D0,2,35947,10 10 10,0.00194512247,0.00777283996,0.00154005577,exact,0.00154005577,exact,2.001481e-16,exact,2.001481e-16,exact,0.770105989,exact,0.770105989,exact,1,0,408440,0.0632948,0.0287741849,ok,0.0934941,False
stanford_bunny,E3,A6_rch_b3_ogk,C0_uniform,D0,3,35947,10 10 10,0.00194512247,0.00777283996,0.00154005577,exact,0.00154005577,exact,2.001481e-16,exact,2.001481e-16,exact,0.770105989,exact,0.770105989,exact,1,0,409800,0.0558312,0.0287741849,ok,0.0937736,False
stanford_bunny,E3,A6_rch_b3_ogk,C0_uniform,D0,4,35947,10 10 10,0.00194512247,0.00777283996,0.00154005577,exact,0.00154005577,exact,2.001481e-16,exact,2.001481e-16,exact,0.770105989,exact,0.770105989,exact,1,0,411588,0.0682477,0.0287741849,ok,0.0932461,False
stanford_bunny,E3,A6_rch_b3_ogk,C1_monotone_half,D0,0,35947,10 4 1,0.0116316495,0.0464808521,0.00130717471,exact,0.00130717471,exact,2.001481e-16,exact,2.001481e-16,exact,0.314595098,exact,0.314595098,exact,1,0,412612,0.0413766,0.099648628,ok,0.0929512,False
stanford_bunny,E3,A6_rch_b3_ogk,C1_monotone_half,D0,1,35947,10 4 1,0.0116316495,0.0464808521,0.00130717471,exact,0.00130717471,exact,2.001481e-16,exact,2.001481e-16,exact,0.314595098,exact,0.314595098,exact,1,0,414084,0.066141,0.099648628,ok,0.09254,False
stanford_bunny,E3,A6_rch_b3_ogk,C1_monotone_half,D0,2,35947,10 4 1,0.0116316495,0.0464808521,0.00130717471,exact,0.00130717471,exact,2.001481e-16,exact,2.001481e-16,exact,0.314595098,exact,0.314595098,exact,1,0,415412,0.0509076,0.099648628,ok,0.0925533,False
stanford_bunny,E3,A6_rch_b3_ogk,C1_monotone_half,D0,3,35947,10 4 1,0.0116316495,0.0464808521,0.00130717471,exact,0.00130717471,exact,2.001481e-16,exact,2.001481e-16,exact,0.314595098,exact,0.314595098,exact,1,0,416960,0.0535631,0.099648628,ok,0.0923239,False
stanford_bunny,E3,A6_rch_b3_ogk,C1_monotone_half,D0,4,35947,10 4 1,0.0116316495,0.0464808521,0.00130717471,exact,0.00130717471,exact,2.001481e-16,exact,2.001481e-16,exact,0.314595098,exact,0.314595098,exact,1,0,418664,0.0599768,0.099648628,ok,0.0921656,False
stanford_bunny,E3,A6_rch_b3_ogk,C2_occupancy_floor1,D0,0,35947,6 5 5,0.00240773635,0.00962147607,0.000742744648,exact,0.000742744648,exact,2.001481e-16,exact,2.001481e-16,exact,0.768530754,exact,0.768530754,exact,1,0,419776,0.0599487,0.0285910059,ok,0.0891316,False
stanford_bunny,E3,A6_rch_b3_ogk,C2_occupancy_floor1,D0,1,35947,6 5 5,0.00240773635,0.00962147607,0.000742744648,exact,0.000742744648,exact,2.001481e-16,exact,2.001481e-16,exact,0.768530754,exact,0.768530754,exact,1,0,421200,0.0548887,0.0285910059,ok,0.0914772,False
stanford_bunny,E3,A6_rch_b3_ogk,C2_occupancy_floor1,D0,2,35947,6 5 5,0.00240773635,0.00962147607,0.000742744648,exact,0.000742744648,exact,2.001481e-16,exact,2.001481e-16,exact,0.768530754,exact,0.768530754,exact,1,0,422996,0.0542053,0.0285910059,ok,0.0919566,False
stanford_bunny,E3,A6_rch_b3_ogk,C2_occupancy_floor1,D0,3,35947,6 5 5,0.00240773635,0.00962147607,0.000742744648,exact,0.000742744648,exact,2.001481e-16,exact,2.001481e-16,exact,0.768530754,exact,0.768530754,exact,1,0,424276,0.0643761,0.0285910059,ok,0.0909337,False
stanford_bunny,E3,A6_rch_b3_ogk,C2_occupancy_floor1,D0,4,35947,6 5 5,0.00240773635,0.00962147607,0.000742744648,exact,0.000742744648,exact,2.001481e-16,exact,2.001481e-16,exact,0.768530754,exact,0.768530754,exact,1,0,425736,0.0578269,0.0285910059,ok,0.0919518,False
stanford_bunny,E3,A6_rch_b3_ogk,C3_frame_core_occupancy,D0,0,35947,6 5 5,0.00240773635,0.00962147607,0.000742744648,exact,0.000742744648,exact,2.001481e-16,exact,2.001481e-16,exact,0.768530754,exact,0.768530754,exact,1,0,427172,0.0604742,0.0285910059,ok,0.0902288,False
stanford_bunny,E3,A6_rch_b3_ogk,C3_frame_core_occupancy,D0,1,35947,6 5 5,0.00240773635,0.00962147607,0.000742744648,exact,0.000742744648,exact,2.001481e-16,exact,2.001481e-16,exact,0.768530754,exact,0.768530754,exact,1,0,428536,0.0606282,0.0285910059,ok,0.0914143,False
stanford_bunny,E3,A6_rch_b3_ogk,C3_frame_core_occupancy,D0,2,35947,6 5 5,0.00240773635,0.00962147607,0.000742744648,exact,0.000742744648,exact,2.001481e-16,exact,2.001481e-16,exact,0.768530754,exact,0.768530754,exact,1,0,429968,0.062985,0.0285910059,ok,0.0920886,False
stanford_bunny,E3,A6_rch_b3_ogk,C3_frame_core_occupancy,D0,3,35947,6 5 5,0.00240773635,0.00962147607,0.000742744648,exact,0.000742744648,exact,2.001481e-16,exact,2.001481e-16,exact,0.768530754,exact,0.768530754,exact,1,0,431628,0.0659898,0.0285910059,ok,0.0913366,False
stanford_bunny,E3,A6_rch_b3_ogk,C3_frame_core_occupancy,D0,4,35947,6 5 5,0.00240773635,0.00962147607,0.000742744648,exact,0.000742744648,exact,2.001481e-16,exact,2.001481e-16,exact,0.768530754,exact,0.768530754,exact,1,0,432668,0.0593255,0.0285910059,ok,0.090838,False
stanford_bunny,E3,A6_rch_b3_ogk,C4_hybrid,D0,0,35947,6 5 5,0.00240773635,0.00962147607,0.000742744648,exact,0.000742744648,exact,2.001481e-16,exact,2.001481e-16,exact,0.768530754,exact,0.768530754,exact,1,0,434144,0.0598165,0.0285910059,ok,0.0917085,False
stanford_bunny,E3,A6_rch_b3_ogk,C4_hybrid,D0,1,35947,6 5 5,0.00240773635,0.00962147607,0.000742744648,exact,0.000742744648,exact,2.001481e-16,exact,2.001481e-16,exact,0.768530754,exact,0.768530754,exact,1,0,435540,0.0709409,0.0285910059,ok,0.090657,False
stanford_bunny,E3,A6_rch_b3_ogk,C4_hybrid,D0,2,35947,6 5 5,0.00240773635,0.00962147607,0.000742744648,exact,0.000742744648,exact,2.001481e-16,exact,2.001481e-16,exact,0.768530754,exact,0.768530754,exact,1,0,437152,0.0609841,0.0285910059,ok,0.090579,False
stanford_bunny,E3,A6_rch_b3_ogk,C4_hybrid,D0,3,35947,6 5 5,0.00240773635,0.00962147607,0.000742744648,exact,0.000742744648,exact,2.001481e-16,exact,2.001481e-16,exact,0.768530754,exact,0.768530754,exact,1,0,438432,0.0581616,0.0285910059,ok,0.091486,False
stanford_bunny,E3,A6_rch_b3_ogk,C4_hybrid,D0,4,35947,6 5 5,0.00240773635,0.00962147607,0.000742744648,exact,0.000742744648,exact,2.001481e-16,exact,2.001481e-16,exact,0.768530754,exact,0.768530754,exact,1,0,439848,0.0621514,0.0285910059,ok,0.090415,False
stanford_bunny,E3,A7_cgal_spatial_sort,C2_occupancy_floor1,D0,0,35947,0 0 0,0.00377566575,0.0150878138,0.00198191761,exact,0.00198191761,exact,7.2700757e-18,exact,7.2700757e-18,exact,0.590995076,exact,0.590995076,exact,1,,440960,0.0600165,0.0508124836,ok,0.033623,False
stanford_bunny,E3,A7_cgal_spatial_sort,C2_occupancy_floor1,D0,1,35947,0 0 0,0.00377566575,0.0150878138,0.00198191761,exact,0.00198191761,exact,7.2700757e-18,exact,7.2700757e-18,exact,0.590995076,exact,0.590995076,exact,1,,442764,0.0657965,0.0508124836,ok,0.0349893,False
stanford_bunny,E3,A7_cgal_spatial_sort,C2_occupancy_floor1,D0,2,35947,0 0 0,0.00377566575,0.0150878138,0.00198191761,exact,0.00198191761,exact,7.2700757e-18,exact,7.2700757e-18,exact,0.590995076,exact,0.590995076,exact,1,,444304,0.0583235,0.0508124836,ok,0.0341089,False
stanford_bunny,E3,A7_cgal_spatial_sort,C2_occupancy_floor1,D0,3,35947,0 0 0,0.00377566575,0.0150878138,0.00198191761,exact,0.00198191761,exact,7.2700757e-18,exact,7.2700757e-18,exact,0.590995076,exact,0.590995076,exact,1,,445920,0.0515124,0.0508124836,ok,0.0345298,False
stanford_bunny,E3,A7_cgal_spatial_sort,C2_occupancy_floor1,D0,4,35947,0 0 0,0.00377566575,0.0150878138,0.00198191761,exact,0.00198191761,exact,7.2700757e-18,exact,7.2700757e-18,exact,0.590995076,exact,0.590995076,exact,1,,447408,0.0614434,0.0508124836,ok,0.0344034,False
stanford_bunny,E3,A7_cgal_spatial_sort,C3_frame_core_occupancy,D0,0,35947,0 0 0,0.00377566575,0.0150878138,0.00198191761,exact,0.00198191761,exact,7.2700757e-18,exact,7.2700757e-18,exact,0.590995076,exact,0.590995076,exact,1,,448712,0.0702843,0.0508124836,ok,0.0345474,False
stanford_bunny,E3,A7_cgal_spatial_sort,C3_frame_core_occupancy,D0,1,35947,0 0 0,0.00377566575,0.0150878138,0.00198191761,exact,0.00198191761,exact,7.2700757e-18,exact,7.2700757e-18,exact,0.590995076,exact,0.590995076,exact,1,,450456,0.0567142,0.0508124836,ok,0.0341359,False
stanford_bunny,E3,A7_cgal_spatial_sort,C3_frame_core_occupancy,D0,2,35947,0 0 0,0.00377566575,0.0150878138,0.00198191761,exact,0.00198191761,exact,7.2700757e-18,exact,7.2700757e-18,exact,0.590995076,exact,0.590995076,exact,1,,451736,0.0611665,0.0508124836,ok,0.035044,False
stanford_bunny,E3,A7_cgal_spatial_sort,C3_frame_core_occupancy,D0,3,35947,0 0 0,0.00377566575,0.0150878138,0.00198191761,exact,0.00198191761,exact,7.2700757e-18,exact,7.2700757e-18,exact,0.590995076,exact,0.590995076,exact,1,,453120,0.0660617,0.0508124836,ok,0.0341558,False
stanford_bunny,E3,A7_cgal_spatial_sort,C3_frame_core_occupancy,D0,4,35947,0 0 0,0.00377566575,0.0150878138,0.00198191761,exact,0.00198191761,exact,7.2700757e-18,exact,7.2700757e-18,exact,0.590995076,exact,0.590995076,exact,1,,454436,0.0685304,0.0508124836,ok,0.0358037,False
stanford_bunny,E3,A7_cgal_spatial_sort,C4_hybrid,D0,0,35947,0 0 0,0.00377566575,0.0150878138,0.00198191761,exact,0.00198191761,exact,7.2700757e-18,exact,7.2700757e-18,exact,0.590995076,exact,0.590995076,exact,1,,455580,0.0589164,0.0508124836,ok,0.0344397,False
stanford_bunny,E3,A7_cgal_spatial_sort,C4_hybrid,D0,1,35947,0 0 0,0.00377566575,0.0150878138,0.00198191761,exact,0.00198191761,exact,7.2700757e-18,exact,7.2700757e-18,exact,0.590995076,exact,0.590995076,exact,1,,457300,0.0582977,0.0508124836,ok,0.0342469,False
stanford_bunny,E3,A7_cgal_spatial_sort,C4_hybrid,D0,2,35947,0 0 0,0.00377566575,0.0150878138,0.00198191761,exact,0.00198191761,exact,7.2700757e-18,exact,7.2700757e-18,exact,0.590995076,exact,0.590995076,exact,1,,458596,0.0656231,0.0508124836,ok,0.0352135,False
stanford_bunny,E3,A7_cgal_spatial_sort,C4_hybrid,D0,3,35947,0 0 0,0.00377566575,0.0150878138,0.00198191761,exact,0.00198191761,exact,7.2700757e-18,exact,7.2700757e-18,exact,0.590995076,exact,0.590995076,exact,1,,460008,0.0608176,0.0508124836,ok,0.0347694,False
stanford_bunny,E3,A7_cgal_spatial_sort,C4_hybrid,D0,4,35947,0 0 0,0.00377566575,0.0150878138,0.00198191761,exact,0.00198191761,exact,7.2700757e-18,exact,7.2700757e-18,exact,0.590995076,exact,0.590995076,exact,1,,461420,0.061591,0.0508124836,ok,0.0340025,False
